<?xml version="1.0" encoding="UTF-8"?>
<gpx creator = "GPS Speedometer 1.0">
<metadata>
<time>
2024-09-05T08:54:16Z</time>
</metadata>
<trk>
<name>
2024年9月5日 - 旅行</name>
<trkseg>
<trkpt lon = "118.30867760042717" lat = "24.60698715133829">
<ele>
15.134597193449736</ele>
<speed>
8.081603877363149</speed>
<time>
2024-09-05T08:32:00Z</time>
</trkpt>
<trkpt lon = "118.30860974392564" lat = "24.606956605759745">
<ele>
15.27153048478067</ele>
<speed>
8.147751129369253</speed>
<time>
2024-09-05T08:32:01Z</time>
</trkpt>
<trkpt lon = "118.30853980104062" lat = "24.60692718516423">
<ele>
15.402288080193102</ele>
<speed>
8.217042907090322</speed>
<time>
2024-09-05T08:32:02Z</time>
</trkpt>
<trkpt lon = "118.30846659529605" lat = "24.606898273507237">
<ele>
15.278308315202594</ele>
<speed>
8.342505401622102</speed>
<time>
2024-09-05T08:32:03Z</time>
</trkpt>
<trkpt lat = "24.60687585326125" lon = "118.30839132972304">
<ele>
15.141073525883257</ele>
<speed>
8.216027585868142</speed>
<time>
2024-09-05T08:32:04Z</time>
</trkpt>
<trkpt lat = "24.60685356559959" lon = "118.30831351272708">
<ele>
15.007100416347384</ele>
<speed>
8.232154449766044</speed>
<time>
2024-09-05T08:32:05Z</time>
</trkpt>
<trkpt lat = "24.60684030606673" lon = "118.3082350060652">
<ele>
14.985631515271962</ele>
<speed>
8.184780350302466</speed>
<time>
2024-09-05T08:32:06Z</time>
</trkpt>
<trkpt lon = "118.30815795147414" lat = "24.606823415163696">
<ele>
14.901417502202094</ele>
<speed>
8.12086989350986</speed>
<time>
2024-09-05T08:32:07Z</time>
</trkpt>
<trkpt lat = "24.606800503455815" lon = "118.30808839739353">
<ele>
14.819303205236793</ele>
<speed>
7.897610187461905</speed>
<time>
2024-09-05T08:32:08Z</time>
</trkpt>
<trkpt lat = "24.606752916380096" lon = "118.30803102790824">
<ele>
14.798078160732985</ele>
<speed>
7.58926592251536</speed>
<time>
2024-09-05T08:32:09Z</time>
</trkpt>
<trkpt lon = "118.3079614986808" lat = "24.60672981416146">
<ele>
14.674854572862387</ele>
<speed>
7.439366984816895</speed>
<time>
2024-09-05T08:32:10Z</time>
</trkpt>
<trkpt lat = "24.60670680684471" lon = "118.30789164939691">
<ele>
14.655645238235593</ele>
<speed>
7.3438751204768815</speed>
<time>
2024-09-05T08:32:11Z</time>
</trkpt>
<trkpt lon = "118.30781953080165" lat = "24.606685722461158">
<ele>
14.856383692473173</ele>
<speed>
7.3628198741726445</speed>
<time>
2024-09-05T08:32:12Z</time>
</trkpt>
<trkpt lat = "24.606663023635843" lon = "118.30774928217339">
<ele>
14.583826116286218</ele>
<speed>
7.344713645320342</speed>
<time>
2024-09-05T08:32:13Z</time>
</trkpt>
<trkpt lat = "24.606643755328015" lon = "118.30767779214162">
<ele>
14.702474527060986</ele>
<speed>
7.342419979100794</speed>
<time>
2024-09-05T08:32:14Z</time>
</trkpt>
<trkpt lon = "118.30760148773109" lat = "24.606633170317163">
<ele>
14.589457037858665</ele>
<speed>
7.134767762968697</speed>
<time>
2024-09-05T08:32:15Z</time>
</trkpt>
<trkpt lon = "118.30752847516895" lat = "24.60662502621537">
<ele>
14.402399432845414</ele>
<speed>
7.04479600464623</speed>
<time>
2024-09-05T08:32:16Z</time>
</trkpt>
<trkpt lat = "24.606614495244976" lon = "118.30745368452911">
<ele>
14.087031406350434</ele>
<speed>
7.092972840107101</speed>
<time>
2024-09-05T08:32:17Z</time>
</trkpt>
<trkpt lat = "24.606608676001517" lon = "118.3073848">
<ele>
14.07257317006588</ele>
<speed>
7.111623572959836</speed>
<time>
2024-09-05T08:32:18Z</time>
</trkpt>
<trkpt lon = "118.3073111560377" lat = "24.606597793430712">
<ele>
13.726096687838435</ele>
<speed>
7.273312119076745</speed>
<time>
2024-09-05T08:32:19Z</time>
</trkpt>
<trkpt lon = "118.30723288757365" lat = "24.606587846691475">
<ele>
13.529416148550808</ele>
<speed>
7.550299362222763</speed>
<time>
2024-09-05T08:32:20Z</time>
</trkpt>
<trkpt lat = "24.60658070225746" lon = "118.3071546405275">
<ele>
13.295310084708035</ele>
<speed>
7.777920186561459</speed>
<time>
2024-09-05T08:32:21Z</time>
</trkpt>
<trkpt lat = "24.606571591743567" lon = "118.30707277920676">
<ele>
13.214887641370296</ele>
<speed>
7.992416634377769</speed>
<time>
2024-09-05T08:32:22Z</time>
</trkpt>
<trkpt lat = "24.606514041066728" lon = "118.30701320629059">
<ele>
13.171965977177024</ele>
<speed>
7.928451445601024</speed>
<time>
2024-09-05T08:32:23Z</time>
</trkpt>
<trkpt lat = "24.606504753191853" lon = "118.30692168272819">
<ele>
13.037658669054508</ele>
<speed>
8.198821283404458</speed>
<time>
2024-09-05T08:32:24Z</time>
</trkpt>
<trkpt lat = "24.606496955171487" lon = "118.306831498804">
<ele>
12.940174262970686</ele>
<speed>
8.427621752543187</speed>
<time>
2024-09-05T08:32:25Z</time>
</trkpt>
<trkpt lon = "118.30675051190724" lat = "24.606471409313883">
<ele>
12.963302574120462</ele>
<speed>
8.484668453837807</speed>
<time>
2024-09-05T08:32:26Z</time>
</trkpt>
<trkpt lon = "118.3066579460144" lat = "24.606461847479494">
<ele>
12.984841821715236</ele>
<speed>
8.669843142722918</speed>
<time>
2024-09-05T08:32:27Z</time>
</trkpt>
<trkpt lat = "24.606452979595634" lon = "118.30656176367093">
<ele>
13.131880046799779</ele>
<speed>
8.877542926055458</speed>
<time>
2024-09-05T08:32:28Z</time>
</trkpt>
<trkpt lat = "24.6064275527259" lon = "118.30647683423645">
<ele>
13.30028832424432</ele>
<speed>
8.967555209197096</speed>
<time>
2024-09-05T08:32:29Z</time>
</trkpt>
<trkpt lon = "118.30638400550437" lat = "24.606408275917588">
<ele>
13.275348797440529</ele>
<speed>
9.131062975683188</speed>
<time>
2024-09-05T08:32:30Z</time>
</trkpt>
<trkpt lon = "118.30629079547055" lat = "24.60640477580177">
<ele>
13.273015411570668</ele>
<speed>
9.266669005884552</speed>
<time>
2024-09-05T08:32:31Z</time>
</trkpt>
<trkpt lat = "24.606406274433567" lon = "118.3061993570104">
<ele>
13.24387535918504</ele>
<speed>
9.284723439385884</speed>
<time>
2024-09-05T08:32:32Z</time>
</trkpt>
<trkpt lon = "118.30610954654057" lat = "24.606411989385855">
<ele>
13.168507995083928</ele>
<speed>
9.076580515151058</speed>
<time>
2024-09-05T08:32:33Z</time>
</trkpt>
<trkpt lat = "24.606420321836936" lon = "118.30602356391194">
<ele>
13.180342915467918</ele>
<speed>
8.916183222409783</speed>
<time>
2024-09-05T08:32:34Z</time>
</trkpt>
<trkpt lat = "24.606479998124872" lon = "118.30596210215049">
<ele>
12.898281435482204</ele>
<speed>
9.024754250491734</speed>
<time>
2024-09-05T08:32:35Z</time>
</trkpt>
<trkpt lat = "24.60649460542047" lon = "118.30587626659793">
<ele>
12.83656866196543</ele>
<speed>
8.790802813870513</speed>
<time>
2024-09-05T08:32:36Z</time>
</trkpt>
<trkpt lon = "118.30579365896725" lat = "24.606509604295507">
<ele>
12.995418372564018</ele>
<speed>
8.635372584485735</speed>
<time>
2024-09-05T08:32:37Z</time>
</trkpt>
<trkpt lon = "118.30571052524876" lat = "24.60652363920145">
<ele>
13.211194745264947</ele>
<speed>
8.508120267878942</speed>
<time>
2024-09-05T08:32:38Z</time>
</trkpt>
<trkpt lat = "24.606520753387134" lon = "118.30562615192314">
<ele>
13.290129265747964</ele>
<speed>
8.247215847329658</speed>
<time>
2024-09-05T08:32:39Z</time>
</trkpt>
<trkpt lon = "118.30554554801373" lat = "24.60653466782184">
<ele>
13.488977654837072</ele>
<speed>
8.021692197518338</speed>
<time>
2024-09-05T08:32:40Z</time>
</trkpt>
<trkpt lat = "24.60653043219429" lon = "118.30546732227643">
<ele>
13.67195303644985</ele>
<speed>
7.783323051042632</speed>
<time>
2024-09-05T08:32:41Z</time>
</trkpt>
<trkpt lon = "118.30538397242401" lat = "24.606541550015876">
<ele>
13.679032585583627</ele>
<speed>
7.6247991596944775</speed>
<time>
2024-09-05T08:32:42Z</time>
</trkpt>
<trkpt lat = "24.60655131453096" lon = "118.30529958890115">
<ele>
13.88214975874871</ele>
<speed>
7.5240339244268934</speed>
<time>
2024-09-05T08:32:43Z</time>
</trkpt>
<trkpt lat = "24.606544397106347" lon = "118.30521850048093">
<ele>
14.07057074829936</ele>
<speed>
7.344192855296229</speed>
<time>
2024-09-05T08:32:44Z</time>
</trkpt>
<trkpt lat = "24.60655362816538" lon = "118.30514167180375">
<ele>
14.21094947308302</ele>
<speed>
7.17032009883822</speed>
<time>
2024-09-05T08:32:45Z</time>
</trkpt>
<trkpt lat = "24.606564631547418" lon = "118.30506790929402">
<ele>
14.25352055951953</ele>
<speed>
7.082621387584403</speed>
<time>
2024-09-05T08:32:46Z</time>
</trkpt>
<trkpt lat = "24.606559685088634" lon = "118.3049974462498">
<ele>
14.448840732686222</ele>
<speed>
6.95137953819416</speed>
<time>
2024-09-05T08:32:47Z</time>
</trkpt>
<trkpt lon = "118.30492716035803" lat = "24.606567483493954">
<ele>
14.53811254631728</ele>
<speed>
6.842120236585133</speed>
<time>
2024-09-05T08:32:48Z</time>
</trkpt>
<trkpt lat = "24.60657745407161" lon = "118.30485881244176">
<ele>
14.744802180677652</ele>
<speed>
6.793336283975062</speed>
<time>
2024-09-05T08:32:49Z</time>
</trkpt>
<trkpt lon = "118.30479133030519" lat = "24.60657481140064">
<ele>
14.863701997324824</ele>
<speed>
6.738159440332886</speed>
<time>
2024-09-05T08:32:50Z</time>
</trkpt>
<trkpt lat = "24.60658259044854" lon = "118.3047222215099">
<ele>
15.028155098669231</ele>
<speed>
6.804873700046832</speed>
<time>
2024-09-05T08:32:51Z</time>
</trkpt>
<trkpt lon = "118.3046534257307" lat = "24.606591462319535">
<ele>
15.068270313553512</ele>
<speed>
6.835271532369421</speed>
<time>
2024-09-05T08:32:52Z</time>
</trkpt>
<trkpt lon = "118.30458766647207" lat = "24.606600042725233">
<ele>
15.287387507036328</ele>
<speed>
6.787613903258343</speed>
<time>
2024-09-05T08:32:53Z</time>
</trkpt>
<trkpt lat = "24.606606863662822" lon = "118.3045167340338">
<ele>
15.237470888532698</ele>
<speed>
6.796275654690333</speed>
<time>
2024-09-05T08:32:54Z</time>
</trkpt>
<trkpt lon = "118.30445147461566" lat = "24.60661126147418">
<ele>
15.201659275218844</ele>
<speed>
6.613889687235872</speed>
<time>
2024-09-05T08:32:55Z</time>
</trkpt>
<trkpt lat = "24.606615348440663" lon = "118.30438437238234">
<ele>
15.320455534383655</ele>
<speed>
6.467137639345973</speed>
<time>
2024-09-05T08:32:56Z</time>
</trkpt>
<trkpt lat = "24.606618760630507" lon = "118.30431580527213">
<ele>
15.292265176773071</ele>
<speed>
6.418351412263512</speed>
<time>
2024-09-05T08:32:57Z</time>
</trkpt>
<trkpt lat = "24.60662088166315" lon = "118.30424965042855">
<ele>
15.285173608921468</ele>
<speed>
6.38786325294862</speed>
<time>
2024-09-05T08:32:58Z</time>
</trkpt>
<trkpt lat = "24.606622308622384" lon = "118.30418502361657">
<ele>
15.238082497380674</ele>
<speed>
6.337314140085537</speed>
<time>
2024-09-05T08:32:59Z</time>
</trkpt>
<trkpt lat = "24.60662482107483" lon = "118.30412345287232">
<ele>
15.125410345382988</ele>
<speed>
6.214543017016456</speed>
<time>
2024-09-05T08:33:00Z</time>
</trkpt>
<trkpt lon = "118.30406173701694" lat = "24.60662600388739">
<ele>
15.130535808391869</ele>
<speed>
6.049913043242308</speed>
<time>
2024-09-05T08:33:01Z</time>
</trkpt>
<trkpt lat = "24.60662757184514" lon = "118.30400073584691">
<ele>
15.130967912264168</ele>
<speed>
6.009228559093118</speed>
<time>
2024-09-05T08:33:02Z</time>
</trkpt>
<trkpt lat = "24.606626308564763" lon = "118.30394321015763">
<ele>
15.089306324720383</ele>
<speed>
5.932724271838966</speed>
<time>
2024-09-05T08:33:03Z</time>
</trkpt>
<trkpt lon = "118.3038840851522" lat = "24.606626817895314">
<ele>
15.050293891690671</ele>
<speed>
5.948559908002375</speed>
<time>
2024-09-05T08:33:04Z</time>
</trkpt>
<trkpt lat = "24.606627396502923" lon = "118.30382509106923">
<ele>
14.798215291462839</ele>
<speed>
5.925483488502892</speed>
<time>
2024-09-05T08:33:05Z</time>
</trkpt>
<trkpt lon = "118.30376963666042" lat = "24.606625458405226">
<ele>
14.96529050450772</ele>
<speed>
5.89124625929686</speed>
<time>
2024-09-05T08:33:06Z</time>
</trkpt>
<trkpt lat = "24.60662402537265" lon = "118.30371129706745">
<ele>
14.944795027375221</ele>
<speed>
5.926801099388412</speed>
<time>
2024-09-05T08:33:07Z</time>
</trkpt>
<trkpt lat = "24.606620248514115" lon = "118.30365210005397">
<ele>
14.86339621245861</ele>
<speed>
5.944872585744947</speed>
<time>
2024-09-05T08:33:08Z</time>
</trkpt>
<trkpt lon = "118.30360838597467" lat = "24.606565883557963">
<ele>
14.94642195943743</ele>
<speed>
5.915630058993538</speed>
<time>
2024-09-05T08:33:09Z</time>
</trkpt>
<trkpt lon = "118.3035498553709" lat = "24.60655829118173">
<ele>
15.02467577997595</ele>
<speed>
5.99177828365982</speed>
<time>
2024-09-05T08:33:10Z</time>
</trkpt>
<trkpt lon = "118.30349204531376" lat = "24.606550941875092">
<ele>
14.912371577695012</ele>
<speed>
5.99164074087444</speed>
<time>
2024-09-05T08:33:11Z</time>
</trkpt>
<trkpt lat = "24.606546177256718" lon = "118.30343338241848">
<ele>
14.984925824217498</ele>
<speed>
5.93269299869449</speed>
<time>
2024-09-05T08:33:12Z</time>
</trkpt>
<trkpt lon = "118.3033772021131" lat = "24.606538578285985">
<ele>
14.901493282057345</ele>
<speed>
5.927478529196493</speed>
<time>
2024-09-05T08:33:13Z</time>
</trkpt>
<trkpt lat = "24.606532139941862" lon = "118.30332093966248">
<ele>
14.874237772077322</ele>
<speed>
5.808542137583212</speed>
<time>
2024-09-05T08:33:14Z</time>
</trkpt>
<trkpt lon = "118.30326359066116" lat = "24.606523586861343">
<ele>
14.934797536581755</ele>
<speed>
5.75716864350385</speed>
<time>
2024-09-05T08:33:15Z</time>
</trkpt>
<trkpt lon = "118.30320752823266" lat = "24.60651385435115">
<ele>
14.823411823250353</ele>
<speed>
5.756403241701167</speed>
<time>
2024-09-05T08:33:16Z</time>
</trkpt>
<trkpt lon = "118.30315272072586" lat = "24.606503412008188">
<ele>
14.713602905161679</ele>
<speed>
5.688548808307525</speed>
<time>
2024-09-05T08:33:17Z</time>
</trkpt>
<trkpt lon = "118.30309929129612" lat = "24.606492919829105">
<ele>
14.766185173764825</ele>
<speed>
5.59058918632921</speed>
<time>
2024-09-05T08:33:18Z</time>
</trkpt>
<trkpt lon = "118.3030471264814" lat = "24.60648338415397">
<ele>
14.758156760595739</ele>
<speed>
5.472470130357411</speed>
<time>
2024-09-05T08:33:19Z</time>
</trkpt>
<trkpt lat = "24.606474240816183" lon = "118.3029961733609">
<ele>
14.810757988132536</ele>
<speed>
5.164460278871028</speed>
<time>
2024-09-05T08:33:20Z</time>
</trkpt>
<trkpt lat = "24.60646648020425" lon = "118.30294669134175">
<ele>
14.82814193982631</ele>
<speed>
4.877726916329828</speed>
<time>
2024-09-05T08:33:21Z</time>
</trkpt>
<trkpt lat = "24.60646278536658" lon = "118.30289612800816">
<ele>
15.00091397576034</ele>
<speed>
4.619177497355692</speed>
<time>
2024-09-05T08:33:22Z</time>
</trkpt>
<trkpt lat = "24.606459394948104" lon = "118.30283988994482">
<ele>
15.046672955155373</ele>
<speed>
4.578972928566887</speed>
<time>
2024-09-05T08:33:23Z</time>
</trkpt>
<trkpt lat = "24.606448325069913" lon = "118.30276688043348">
<ele>
15.17344306781888</ele>
<speed>
4.804663506306391</speed>
<time>
2024-09-05T08:33:24Z</time>
</trkpt>
<trkpt lat = "24.60645007244817" lon = "118.30269883631807">
<ele>
15.292887704446912</ele>
<speed>
4.930015356620832</speed>
<time>
2024-09-05T08:33:25Z</time>
</trkpt>
<trkpt lat = "24.606451326000414" lon = "118.30262373216743">
<ele>
15.457297619432211</ele>
<speed>
5.171308583748111</speed>
<time>
2024-09-05T08:33:26Z</time>
</trkpt>
<trkpt lon = "118.30255382357663" lat = "24.606451068269987">
<ele>
15.676305465400219</ele>
<speed>
5.417007997839679</speed>
<time>
2024-09-05T08:33:27Z</time>
</trkpt>
<trkpt lat = "24.606456130836946" lon = "118.30248926799699">
<ele>
15.859622470103204</ele>
<speed>
5.6170158220154125</speed>
<time>
2024-09-05T08:33:28Z</time>
</trkpt>
<trkpt lon = "118.30242734815262" lat = "24.606467185935262">
<ele>
16.16178751643747</ele>
<speed>
5.784783732661642</speed>
<time>
2024-09-05T08:33:29Z</time>
</trkpt>
<trkpt lat = "24.606464499127206" lon = "118.3023609473421">
<ele>
16.477791636250913</ele>
<speed>
6.101760897767454</speed>
<time>
2024-09-05T08:33:30Z</time>
</trkpt>
<trkpt lat = "24.606460436574356" lon = "118.30230319281834">
<ele>
16.645237227901816</ele>
<speed>
6.226698240051048</speed>
<time>
2024-09-05T08:33:31Z</time>
</trkpt>
<trkpt lon = "118.30223904922865" lat = "24.606458529509986">
<ele>
16.963866162113845</ele>
<speed>
6.380969581635753</speed>
<time>
2024-09-05T08:33:32Z</time>
</trkpt>
<trkpt lat = "24.606453985938185" lon = "118.30217345050406">
<ele>
17.04827546235174</ele>
<speed>
6.488615944979055</speed>
<time>
2024-09-05T08:33:33Z</time>
</trkpt>
<trkpt lat = "24.606451646134374" lon = "118.30211869851978">
<ele>
17.27220463566482</ele>
<speed>
6.1938880530087115</speed>
<time>
2024-09-05T08:33:34Z</time>
</trkpt>
<trkpt lon = "118.30206243365006" lat = "24.606451063513273">
<ele>
17.315791884437203</ele>
<speed>
5.896611272930727</speed>
<time>
2024-09-05T08:33:35Z</time>
</trkpt>
<trkpt lon = "118.302008752958" lat = "24.606449550831737">
<ele>
17.540036824531853</ele>
<speed>
5.624239733988717</speed>
<time>
2024-09-05T08:33:36Z</time>
</trkpt>
<trkpt lat = "24.606447285263375" lon = "118.30195239717187">
<ele>
17.66510189604014</ele>
<speed>
5.362845124958286</speed>
<time>
2024-09-05T08:33:37Z</time>
</trkpt>
<trkpt lon = "118.30189775324831" lat = "24.60644617227159">
<ele>
17.692108860239387</ele>
<speed>
5.10303526728892</speed>
<time>
2024-09-05T08:33:38Z</time>
</trkpt>
<trkpt lat = "24.60644222720509" lon = "118.3018480770177">
<ele>
17.87908266298473</ele>
<speed>
4.813675705150213</speed>
<time>
2024-09-05T08:33:39Z</time>
</trkpt>
<trkpt lat = "24.606445978231452" lon = "118.30180095471829">
<ele>
18.083639366552234</ele>
<speed>
4.508251615715608</speed>
<time>
2024-09-05T08:33:40Z</time>
</trkpt>
<trkpt lat = "24.606457307998596" lon = "118.30176114913398">
<ele>
18.292331947013736</ele>
<speed>
4.286279188843013</speed>
<time>
2024-09-05T08:33:41Z</time>
</trkpt>
<trkpt lat = "24.6064780781803" lon = "118.30172341158946">
<ele>
18.40886991471052</ele>
<speed>
4.159191817849088</speed>
<time>
2024-09-05T08:33:42Z</time>
</trkpt>
<trkpt lat = "24.60649313016417" lon = "118.30168555727388">
<ele>
18.61892555374652</ele>
<speed>
3.933337529740485</speed>
<time>
2024-09-05T08:33:43Z</time>
</trkpt>
<trkpt lon = "118.30164877477584" lat = "24.60650588613004">
<ele>
18.82574742566794</ele>
<speed>
3.6232492897133595</speed>
<time>
2024-09-05T08:33:44Z</time>
</trkpt>
<trkpt lon = "118.30162304445156" lat = "24.60650633894986">
<ele>
18.90255983453244</ele>
<speed>
3.0337390737533747</speed>
<time>
2024-09-05T08:33:45Z</time>
</trkpt>
<trkpt lon = "118.30160037219875" lat = "24.60650168330113">
<ele>
18.97097764723003</ele>
<speed>
2.5899877353545953</speed>
<time>
2024-09-05T08:33:46Z</time>
</trkpt>
<trkpt lat = "24.60647171845603" lon = "118.30158860491859">
<ele>
19.06283758021891</ele>
<speed>
2.6190374172401385</speed>
<time>
2024-09-05T08:33:47Z</time>
</trkpt>
<trkpt lat = "24.60645946962444" lon = "118.30155945041591">
<ele>
19.0871420186013</ele>
<speed>
2.9725664482101095</speed>
<time>
2024-09-05T08:33:48Z</time>
</trkpt>
<trkpt lat = "24.606444916746472" lon = "118.30152921999048">
<ele>
19.16988520976156</ele>
<speed>
3.2547425343176095</speed>
<time>
2024-09-05T08:33:49Z</time>
</trkpt>
<trkpt lat = "24.606426918291913" lon = "118.30151056720379">
<ele>
19.149199469015002</ele>
<speed>
3.0700446887529593</speed>
<time>
2024-09-05T08:33:50Z</time>
</trkpt>
<trkpt lat = "24.60641022335606" lon = "118.30149238522898">
<ele>
19.248756519518793</ele>
<speed>
2.472887424920195</speed>
<time>
2024-09-05T08:33:51Z</time>
</trkpt>
<trkpt lon = "118.3014890548574" lat = "24.606395236595635">
<ele>
19.15618766937405</ele>
<speed>
1.7054689826606375</speed>
<time>
2024-09-05T08:33:52Z</time>
</trkpt>
<trkpt lon = "118.3014874007301" lat = "24.60638366250935">
<ele>
19.192254235967994</ele>
<speed>
1.2743629480450478</speed>
<time>
2024-09-05T08:33:53Z</time>
</trkpt>
<trkpt lat = "24.6063732749544" lon = "118.3014753294172">
<ele>
19.176501247100532</ele>
<speed>
1.0357814718495415</speed>
<time>
2024-09-05T08:33:54Z</time>
</trkpt>
<trkpt lon = "118.30146779333424" lat = "24.606369292261242">
<ele>
19.138798309490085</ele>
<speed>
0.8248004191961151</speed>
<time>
2024-09-05T08:33:55Z</time>
</trkpt>
<trkpt lat = "24.606367426307443" lon = "118.3014571788755">
<ele>
19.14839565102011</ele>
<speed>
0.7969955329836431</speed>
<time>
2024-09-05T08:33:56Z</time>
</trkpt>
<trkpt lon = "118.30144456290226" lat = "24.606367997285147">
<ele>
19.25634598452598</ele>
<speed>
1.0377468741312026</speed>
<time>
2024-09-05T08:33:57Z</time>
</trkpt>
<trkpt lat = "24.606368884254362" lon = "118.30152501146475">
<ele>
19.166212604381144</ele>
<speed>
0.8915965692702418</speed>
<time>
2024-09-05T08:33:58Z</time>
</trkpt>
<trkpt lat = "24.60637637485321" lon = "118.30155861032745">
<ele>
19.10401037055999</ele>
<speed>
0.9344301916793343</speed>
<time>
2024-09-05T08:33:59Z</time>
</trkpt>
<trkpt lon = "118.30162777512528" lat = "24.606334856500684">
<ele>
19.124446468427777</ele>
<speed>
1.424284141041815</speed>
<time>
2024-09-05T08:34:00Z</time>
</trkpt>
<trkpt lat = "24.606297235088807" lon = "118.30167146618368">
<ele>
18.923106380738318</ele>
<speed>
2.272277812817963</speed>
<time>
2024-09-05T08:34:01Z</time>
</trkpt>
<trkpt lat = "24.6062622808646" lon = "118.30168915310372">
<ele>
18.79670728929341</ele>
<speed>
2.999193598898692</speed>
<time>
2024-09-05T08:34:02Z</time>
</trkpt>
<trkpt lon = "118.30172530132506" lat = "24.606214274992556">
<ele>
18.668191413395107</ele>
<speed>
3.793566201109373</speed>
<time>
2024-09-05T08:34:03Z</time>
</trkpt>
<trkpt lat = "24.606158064168064" lon = "118.301760384478">
<ele>
18.338103149086237</ele>
<speed>
4.347887012777738</speed>
<time>
2024-09-05T08:34:04Z</time>
</trkpt>
<trkpt lon = "118.30178820350649" lat = "24.60610686489902">
<ele>
18.177062641829252</ele>
<speed>
4.528624151486479</speed>
<time>
2024-09-05T08:34:05Z</time>
</trkpt>
<trkpt lat = "24.606070405570943" lon = "118.30182153180208">
<ele>
17.919856042601168</ele>
<speed>
4.6425715416874835</speed>
<time>
2024-09-05T08:34:06Z</time>
</trkpt>
<trkpt lon = "118.3018425419985" lat = "24.606026343779426">
<ele>
17.70959483087063</ele>
<speed>
4.712612297743914</speed>
<time>
2024-09-05T08:34:07Z</time>
</trkpt>
<trkpt lon = "118.30183653581207" lat = "24.60597565750002">
<ele>
17.539495708420873</ele>
<speed>
4.787055923668726</speed>
<time>
2024-09-05T08:34:08Z</time>
</trkpt>
<trkpt lat = "24.6059360193879" lon = "118.30183936546636">
<ele>
17.356149203144014</ele>
<speed>
4.315697315943215</speed>
<time>
2024-09-05T08:34:09Z</time>
</trkpt>
<trkpt lon = "118.30184494899208" lat = "24.605897890332713">
<ele>
17.18759168777615</ele>
<speed>
3.807867229828182</speed>
<time>
2024-09-05T08:34:10Z</time>
</trkpt>
<trkpt lat = "24.60586912526583" lon = "118.30184957386227">
<ele>
17.00740348920226</ele>
<speed>
3.2503674339253035</speed>
<time>
2024-09-05T08:34:11Z</time>
</trkpt>
<trkpt lat = "24.605838922072945" lon = "118.30185519497408">
<ele>
16.97698267735541</ele>
<speed>
2.9813086968326896</speed>
<time>
2024-09-05T08:34:12Z</time>
</trkpt>
<trkpt lat = "24.605808674830417" lon = "118.3018577349303">
<ele>
16.847259716130793</ele>
<speed>
2.8487017573049513</speed>
<time>
2024-09-05T08:34:13Z</time>
</trkpt>
<trkpt lat = "24.605784915909215" lon = "118.30185955503032">
<ele>
16.76212173793465</ele>
<speed>
2.558324446488459</speed>
<time>
2024-09-05T08:34:14Z</time>
</trkpt>
<trkpt lon = "118.30185971228241" lat = "24.60576162279268">
<ele>
16.691297879442573</ele>
<speed>
2.3056302063602936</speed>
<time>
2024-09-05T08:34:15Z</time>
</trkpt>
<trkpt lat = "24.605745499901925" lon = "118.30186454144616">
<ele>
16.64662918355316</ele>
<speed>
1.953257174654434</speed>
<time>
2024-09-05T08:34:16Z</time>
</trkpt>
<trkpt lat = "24.605737952405807" lon = "118.30186745059846">
<ele>
16.574818461202085</ele>
<speed>
1.50492270438917</speed>
<time>
2024-09-05T08:34:17Z</time>
</trkpt>
<trkpt lat = "24.6057249241851" lon = "118.3018711018947">
<ele>
16.614910966716707</ele>
<speed>
1.417256098641331</speed>
<time>
2024-09-05T08:34:18Z</time>
</trkpt>
<trkpt lat = "24.605715334525847" lon = "118.30187579451022">
<ele>
16.553984992206097</ele>
<speed>
1.320435351144624</speed>
<time>
2024-09-05T08:34:19Z</time>
</trkpt>
<trkpt lon = "118.30187645104066" lat = "24.605703171362155">
<ele>
16.541446765884757</ele>
<speed>
1.2849133565827924</speed>
<time>
2024-09-05T08:34:20Z</time>
</trkpt>
<trkpt lon = "118.30187900146933" lat = "24.60568461247574">
<ele>
16.601693311706185</ele>
<speed>
1.2717439291627757</speed>
<time>
2024-09-05T08:34:21Z</time>
</trkpt>
<trkpt lon = "118.30188780291546" lat = "24.60565957881913">
<ele>
16.543543055653572</ele>
<speed>
1.57834323754517</speed>
<time>
2024-09-05T08:34:22Z</time>
</trkpt>
<trkpt lon = "118.30189438350098" lat = "24.605636094221882">
<ele>
16.62670813407749</ele>
<speed>
1.9611514262536245</speed>
<time>
2024-09-05T08:34:23Z</time>
</trkpt>
<trkpt lon = "118.30189526860833" lat = "24.60560949650335">
<ele>
16.55718506500125</ele>
<speed>
2.4509224625140504</speed>
<time>
2024-09-05T08:34:24Z</time>
</trkpt>
<trkpt lat = "24.605597585601995" lon = "118.30188768858824">
<ele>
16.52975252456963</ele>
<speed>
2.7333746136801085</speed>
<time>
2024-09-05T08:34:25Z</time>
</trkpt>
<trkpt lat = "24.605572380095328" lon = "118.30189178370243">
<ele>
16.341466245241463</ele>
<speed>
3.2806984252546885</speed>
<time>
2024-09-05T08:34:26Z</time>
</trkpt>
<trkpt lat = "24.605535088201062" lon = "118.30190208446453">
<ele>
16.110621652565897</ele>
<speed>
3.7158874883110347</speed>
<time>
2024-09-05T08:34:27Z</time>
</trkpt>
<trkpt lat = "24.605500652845645" lon = "118.3019042920155">
<ele>
15.975101745687425</ele>
<speed>
3.7261508286165816</speed>
<time>
2024-09-05T08:34:28Z</time>
</trkpt>
<trkpt lat = "24.605466716570003" lon = "118.30190516848386">
<ele>
15.932674868032336</ele>
<speed>
3.487854248893313</speed>
<time>
2024-09-05T08:34:29Z</time>
</trkpt>
<trkpt lat = "24.605431069055932" lon = "118.30191305357451">
<ele>
16.019828712567687</ele>
<speed>
3.197239160525634</speed>
<time>
2024-09-05T08:34:30Z</time>
</trkpt>
<trkpt lat = "24.6054056253564" lon = "118.30190483410244">
<ele>
16.243275543674827</ele>
<speed>
2.706836737430218</speed>
<time>
2024-09-05T08:34:31Z</time>
</trkpt>
<trkpt lat = "24.60538452368713" lon = "118.30188302190983">
<ele>
16.378362133167684</ele>
<speed>
2.4018636788182564</speed>
<time>
2024-09-05T08:34:32Z</time>
</trkpt>
<trkpt lat = "24.605364155032944" lon = "118.30186744481807">
<ele>
16.63267988525331</ele>
<speed>
2.454409808956985</speed>
<time>
2024-09-05T08:34:33Z</time>
</trkpt>
<trkpt lat = "24.605342881119714" lon = "118.30184507299114">
<ele>
16.964045151136816</ele>
<speed>
2.6821156589173962</speed>
<time>
2024-09-05T08:34:34Z</time>
</trkpt>
<trkpt lat = "24.605335078796784" lon = "118.3017979133521">
<ele>
17.296327617950737</ele>
<speed>
3.2375538735657443</speed>
<time>
2024-09-05T08:34:35Z</time>
</trkpt>
<trkpt lon = "118.3017495809086" lat = "24.605307746876182">
<ele>
17.444721782580018</ele>
<speed>
4.106085203705715</speed>
<time>
2024-09-05T08:34:36Z</time>
</trkpt>
<trkpt lon = "118.3016922613978" lat = "24.60529247595483">
<ele>
17.761199514381588</ele>
<speed>
4.909818685178556</speed>
<time>
2024-09-05T08:34:37Z</time>
</trkpt>
<trkpt lat = "24.605274739010248" lon = "118.3016134141951">
<ele>
17.863610551692545</ele>
<speed>
5.81324730961944</speed>
<time>
2024-09-05T08:34:38Z</time>
</trkpt>
<trkpt lat = "24.605254355750052" lon = "118.30154485705651">
<ele>
18.061759349890053</ele>
<speed>
6.508357140533529</speed>
<time>
2024-09-05T08:34:39Z</time>
</trkpt>
<trkpt lon = "118.30147861866665" lat = "24.605228843849268">
<ele>
18.179344611242414</ele>
<speed>
7.068377438225973</speed>
<time>
2024-09-05T08:34:40Z</time>
</trkpt>
<trkpt lon = "118.30147861866665" lat = "24.605228843849268">
<ele>
18.179344611242414</ele>
<speed>
7.068377438225973</speed>
<time>
2024-09-05T08:34:40Z</time>
</trkpt>
<trkpt lon = "118.30140625944416" lat = "24.605205823609854">
<ele>
18.28290160931647</ele>
<speed>
7.593546550705757</speed>
<time>
2024-09-05T08:34:41Z</time>
</trkpt>
<trkpt lat = "24.605186877649608" lon = "118.3013270662494">
<ele>
18.370260189287364</ele>
<speed>
8.038957502210977</speed>
<time>
2024-09-05T08:34:42Z</time>
</trkpt>
<trkpt lon = "118.30124439655077" lat = "24.60516445761857">
<ele>
18.43480192590505</ele>
<speed>
8.461286859699886</speed>
<time>
2024-09-05T08:34:43Z</time>
</trkpt>
<trkpt lat = "24.60513987851601" lon = "118.30115874036808">
<ele>
18.64069087151438</ele>
<speed>
8.81094832778402</speed>
<time>
2024-09-05T08:34:44Z</time>
</trkpt>
<trkpt lat = "24.60511297993293" lon = "118.30106149794415">
<ele>
18.761693057604134</ele>
<speed>
9.209326670998674</speed>
<time>
2024-09-05T08:34:45Z</time>
</trkpt>
<trkpt lon = "118.30093494477178" lat = "24.605121503824627">
<ele>
18.86847124248743</ele>
<speed>
9.704424669897083</speed>
<time>
2024-09-05T08:34:46Z</time>
</trkpt>
<trkpt lon = "118.30081133104989" lat = "24.60510402431918">
<ele>
18.922674072906375</ele>
<speed>
9.927975559567141</speed>
<time>
2024-09-05T08:34:47Z</time>
</trkpt>
<trkpt lat = "24.60508756528357" lon = "118.30068883141243">
<ele>
19.077989859506488</ele>
<speed>
9.815575061221564</speed>
<time>
2024-09-05T08:34:48Z</time>
</trkpt>
<trkpt lat = "24.605082180570847" lon = "118.30054121398996">
<ele>
19.34803704917431</ele>
<speed>
9.978887510693566</speed>
<time>
2024-09-05T08:34:49Z</time>
</trkpt>
<trkpt lon = "118.30042650208335" lat = "24.605067102650565">
<ele>
19.84226831793785</ele>
<speed>
9.926793109607791</speed>
<time>
2024-09-05T08:34:50Z</time>
</trkpt>
<trkpt lat = "24.605057137849577" lon = "118.30027499269087">
<ele>
20.132689256221056</ele>
<speed>
10.188557356269799</speed>
<time>
2024-09-05T08:34:51Z</time>
</trkpt>
<trkpt lat = "24.605023235694915" lon = "118.30006737672805">
<ele>
20.43879163917154</ele>
<speed>
11.034787909741734</speed>
<time>
2024-09-05T08:34:52Z</time>
</trkpt>
<trkpt lat = "24.6049920818542" lon = "118.29993489469086">
<ele>
20.74636961426586</ele>
<speed>
11.210975761392275</speed>
<time>
2024-09-05T08:34:53Z</time>
</trkpt>
<trkpt lon = "118.29979226059687" lat = "24.604966945140337">
<ele>
20.95852216798812</ele>
<speed>
11.47329128730293</speed>
<time>
2024-09-05T08:34:54Z</time>
</trkpt>
<trkpt lon = "118.29965697176735" lat = "24.604965988757783">
<ele>
21.15473874192685</ele>
<speed>
11.624749170789315</speed>
<time>
2024-09-05T08:34:55Z</time>
</trkpt>
<trkpt lat = "24.604947513116393" lon = "118.29952842245106">
<ele>
21.36689126957208</ele>
<speed>
11.833446171970817</speed>
<time>
2024-09-05T08:34:56Z</time>
</trkpt>
<trkpt lon = "118.29940776908315" lat = "24.604935268473355">
<ele>
21.73266118951142</ele>
<speed>
11.876724247870262</speed>
<time>
2024-09-05T08:34:57Z</time>
</trkpt>
<trkpt lon = "118.29927978694711" lat = "24.60491478696921">
<ele>
22.151463022455573</ele>
<speed>
12.07506660296281</speed>
<time>
2024-09-05T08:34:58Z</time>
</trkpt>
<trkpt lon = "118.29916117163503" lat = "24.60488819123756">
<ele>
22.45361795090139</ele>
<speed>
12.284758895337069</speed>
<time>
2024-09-05T08:34:59Z</time>
</trkpt>
<trkpt lon = "118.29904124338879" lat = "24.604863149321694">
<ele>
22.870337357744575</ele>
<speed>
12.63676541026646</speed>
<time>
2024-09-05T08:35:00Z</time>
</trkpt>
<trkpt lat = "24.604839039525313" lon = "118.29892470156142">
<ele>
23.273548435419798</ele>
<speed>
12.961382021608827</speed>
<time>
2024-09-05T08:35:01Z</time>
</trkpt>
<trkpt lon = "118.29880030563915" lat = "24.604822524568753">
<ele>
23.656318448483944</ele>
<speed>
13.355391539873803</speed>
<time>
2024-09-05T08:35:02Z</time>
</trkpt>
<trkpt lat = "24.60479630401236" lon = "118.29866634944483">
<ele>
23.93809342570603</ele>
<speed>
13.807568438597771</speed>
<time>
2024-09-05T08:35:03Z</time>
</trkpt>
<trkpt lat = "24.60479916776331" lon = "118.29852872622801">
<ele>
24.056074145250022</ele>
<speed>
14.176755775772039</speed>
<time>
2024-09-05T08:35:04Z</time>
</trkpt>
<trkpt lat = "24.604796728164487" lon = "118.29840154505297">
<ele>
24.2083622738719</ele>
<speed>
14.429544494704944</speed>
<time>
2024-09-05T08:35:05Z</time>
</trkpt>
<trkpt lat = "24.604789644848456" lon = "118.2982706931776">
<ele>
24.89057491440326</ele>
<speed>
14.712914352469749</speed>
<time>
2024-09-05T08:35:06Z</time>
</trkpt>
<trkpt lon = "118.29812598414861" lat = "24.604770384967463">
<ele>
24.978168226778507</ele>
<speed>
15.096733776578247</speed>
<time>
2024-09-05T08:35:07Z</time>
</trkpt>
<trkpt lon = "118.29796796506352" lat = "24.60475271204427">
<ele>
25.248093376867473</ele>
<speed>
15.49289935765836</speed>
<time>
2024-09-05T08:35:08Z</time>
</trkpt>
<trkpt lat = "24.604736448826134" lon = "118.29780778697304">
<ele>
25.335367875173688</ele>
<speed>
15.900102088800704</speed>
<time>
2024-09-05T08:35:09Z</time>
</trkpt>
<trkpt lon = "118.29766715587469" lat = "24.60472901402948">
<ele>
25.244983160868287</ele>
<speed>
15.799549384609266</speed>
<time>
2024-09-05T08:35:10Z</time>
</trkpt>
<trkpt lat = "24.604728096843807" lon = "118.29749990493664">
<ele>
25.371386227197945</ele>
<speed>
15.817415428997387</speed>
<time>
2024-09-05T08:35:11Z</time>
</trkpt>
<trkpt lat = "24.604715789468194" lon = "118.29733340898977">
<ele>
25.347517216578126</ele>
<speed>
15.924968902846702</speed>
<time>
2024-09-05T08:35:12Z</time>
</trkpt>
<trkpt lon = "118.29717673143183" lat = "24.604693012756744">
<ele>
25.503835815005004</ele>
<speed>
15.969979619203322</speed>
<time>
2024-09-05T08:35:13Z</time>
</trkpt>
<trkpt lon = "118.29703402318454" lat = "24.604674798543247">
<ele>
25.876175770536065</ele>
<speed>
15.900299702601917</speed>
<time>
2024-09-05T08:35:14Z</time>
</trkpt>
<trkpt lat = "24.604653273177277" lon = "118.29689813200879">
<ele>
25.7684530839324</ele>
<speed>
15.90794661712711</speed>
<time>
2024-09-05T08:35:15Z</time>
</trkpt>
<trkpt lon = "118.29673882937011" lat = "24.604634683333963">
<ele>
26.048249705694616</ele>
<speed>
15.99061921823342</speed>
<time>
2024-09-05T08:35:16Z</time>
</trkpt>
<trkpt lon = "118.29657658816389" lat = "24.604618153897682">
<ele>
25.865590921603143</ele>
<speed>
16.20258807523421</speed>
<time>
2024-09-05T08:35:17Z</time>
</trkpt>
<trkpt lat = "24.6046036769763" lon = "118.29642811287846">
<ele>
25.833397906273603</ele>
<speed>
16.328645139859688</speed>
<time>
2024-09-05T08:35:18Z</time>
</trkpt>
<trkpt lon = "118.29627617499845" lat = "24.60459313963443">
<ele>
25.735173104330897</ele>
<speed>
16.473432552650205</speed>
<time>
2024-09-05T08:35:19Z</time>
</trkpt>
<trkpt lon = "118.29611284493731" lat = "24.604578993022027">
<ele>
25.805625249631703</ele>
<speed>
16.701552138398313</speed>
<time>
2024-09-05T08:35:20Z</time>
</trkpt>
<trkpt lon = "118.29594565016437" lat = "24.60456556401922">
<ele>
25.68593151960522</ele>
<speed>
16.97001648631582</speed>
<time>
2024-09-05T08:35:21Z</time>
</trkpt>
<trkpt lat = "24.604551656123128" lon = "118.29577433609802">
<ele>
25.490704509429634</ele>
<speed>
17.310076194464504</speed>
<time>
2024-09-05T08:35:22Z</time>
</trkpt>
<trkpt lon = "118.29562465509918" lat = "24.604523439606357">
<ele>
25.514870462939143</ele>
<speed>
17.33632463892346</speed>
<time>
2024-09-05T08:35:23Z</time>
</trkpt>
<trkpt lat = "24.604495791657776" lon = "118.29545747798304">
<ele>
25.38138856831938</ele>
<speed>
17.510986713460333</speed>
<time>
2024-09-05T08:35:24Z</time>
</trkpt>
<trkpt lat = "24.604453476190255" lon = "118.29527547995187">
<ele>
25.12137109413743</ele>
<speed>
17.845426986604046</speed>
<time>
2024-09-05T08:35:25Z</time>
</trkpt>
<trkpt lon = "118.2950960651214" lat = "24.60444686790633">
<ele>
24.07242522202432</ele>
<speed>
18.15626776643752</speed>
<time>
2024-09-05T08:35:26Z</time>
</trkpt>
<trkpt lat = "24.60444198126372" lon = "118.29492541032734">
<ele>
22.799859358929098</ele>
<speed>
18.25869346457188</speed>
<time>
2024-09-05T08:35:27Z</time>
</trkpt>
<trkpt lat = "24.604411700869324" lon = "118.29481773182401">
<ele>
21.608878260478377</ele>
<speed>
17.949789339332572</speed>
<time>
2024-09-05T08:35:28Z</time>
</trkpt>
<trkpt lat = "24.6043885382342" lon = "118.29466184148762">
<ele>
20.955964469350874</ele>
<speed>
17.865040440383602</speed>
<time>
2024-09-05T08:35:29Z</time>
</trkpt>
<trkpt lat = "24.604367073012153" lon = "118.29453053741602">
<ele>
20.11967894155532</ele>
<speed>
17.5851426730107</speed>
<time>
2024-09-05T08:35:30Z</time>
</trkpt>
<trkpt lat = "24.60434833344748" lon = "118.29437189465729">
<ele>
19.397391407750547</ele>
<speed>
17.53790838113644</speed>
<time>
2024-09-05T08:35:31Z</time>
</trkpt>
<trkpt lon = "118.29422009024572" lat = "24.60433321604878">
<ele>
18.72921379748732</ele>
<speed>
17.3508607889651</speed>
<time>
2024-09-05T08:35:32Z</time>
</trkpt>
<trkpt lat = "24.60431692237741" lon = "118.29407642078138">
<ele>
18.293991877697408</ele>
<speed>
17.064649208646667</speed>
<time>
2024-09-05T08:35:33Z</time>
</trkpt>
<trkpt lat = "24.604290416655992" lon = "118.29394116189057">
<ele>
17.626270438544452</ele>
<speed>
16.746057641437602</speed>
<time>
2024-09-05T08:35:34Z</time>
</trkpt>
<trkpt lat = "24.604263685656495" lon = "118.29379933689071">
<ele>
16.956818094477057</ele>
<speed>
16.532969624302805</speed>
<time>
2024-09-05T08:35:35Z</time>
</trkpt>
<trkpt lat = "24.604247466606946" lon = "118.29363273739276">
<ele>
16.37909928895533</ele>
<speed>
16.485909641440593</speed>
<time>
2024-09-05T08:35:36Z</time>
</trkpt>
<trkpt lat = "24.604224416698383" lon = "118.29347390937345">
<ele>
15.704661731608212</ele>
<speed>
16.463269220100727</speed>
<time>
2024-09-05T08:35:37Z</time>
</trkpt>
<trkpt lon = "118.29329991901012" lat = "24.604196296171363">
<ele>
15.120038552209735</ele>
<speed>
16.62027521161469</speed>
<time>
2024-09-05T08:35:38Z</time>
</trkpt>
<trkpt lat = "24.604170829424454" lon = "118.29315862575761">
<ele>
14.359245898202062</ele>
<speed>
16.50137026632088</speed>
<time>
2024-09-05T08:35:39Z</time>
</trkpt>
<trkpt lon = "118.29300404407682" lat = "24.604144225282308">
<ele>
13.365333726629615</ele>
<speed>
16.55148236256183</speed>
<time>
2024-09-05T08:35:40Z</time>
</trkpt>
<trkpt lat = "24.60409468492456" lon = "118.29284622016644">
<ele>
12.573760371655226</ele>
<speed>
16.65159937908918</speed>
<time>
2024-09-05T08:35:41Z</time>
</trkpt>
<trkpt lat = "24.60407922767557" lon = "118.29270797892657">
<ele>
11.758686828427017</ele>
<speed>
16.57202704048963</speed>
<time>
2024-09-05T08:35:42Z</time>
</trkpt>
<trkpt lat = "24.60405544836963" lon = "118.29255807146671">
<ele>
10.851082568988204</ele>
<speed>
16.411287129640307</speed>
<time>
2024-09-05T08:35:43Z</time>
</trkpt>
<trkpt lon = "118.2924197095666" lat = "24.604037707217174">
<ele>
10.177083272486925</ele>
<speed>
16.158856342705835</speed>
<time>
2024-09-05T08:35:44Z</time>
</trkpt>
<trkpt lat = "24.60402164367389" lon = "118.2922640996885">
<ele>
9.55640724580735</ele>
<speed>
16.048488861213063</speed>
<time>
2024-09-05T08:35:45Z</time>
</trkpt>
<trkpt lat = "24.604000552001317" lon = "118.29210743988604">
<ele>
9.17922986857593</ele>
<speed>
15.923668718468281</speed>
<time>
2024-09-05T08:35:46Z</time>
</trkpt>
<trkpt lat = "24.60398606557538" lon = "118.29193838713152">
<ele>
8.61253472045064</ele>
<speed>
15.962920495211073</speed>
<time>
2024-09-05T08:35:47Z</time>
</trkpt>
<trkpt lat = "24.60398702659797" lon = "118.29177604898771">
<ele>
8.372675099410117</ele>
<speed>
15.919151415838456</speed>
<time>
2024-09-05T08:35:48Z</time>
</trkpt>
<trkpt lon = "118.29161927575915" lat = "24.603975252230363">
<ele>
7.96676616743207</ele>
<speed>
15.658110195424882</speed>
<time>
2024-09-05T08:35:49Z</time>
</trkpt>
<trkpt lat = "24.60396385240196" lon = "118.2914705670568">
<ele>
7.589540978893638</ele>
<speed>
15.290486920256544</speed>
<time>
2024-09-05T08:35:50Z</time>
</trkpt>
<trkpt lon = "118.29132809520752" lat = "24.603946915682233">
<ele>
7.256001591682434</ele>
<speed>
14.886640424685641</speed>
<time>
2024-09-05T08:35:51Z</time>
</trkpt>
<trkpt lat = "24.6039348453251" lon = "118.2911755818329">
<ele>
7.113502853550017</ele>
<speed>
14.535792960477952</speed>
<time>
2024-09-05T08:35:52Z</time>
</trkpt>
<trkpt lon = "118.29102528992827" lat = "24.603920948894434">
<ele>
6.900342055596411</ele>
<speed>
14.204633300365211</speed>
<time>
2024-09-05T08:35:53Z</time>
</trkpt>
<trkpt lat = "24.60390829664736" lon = "118.29089529157908">
<ele>
6.844311246648431</ele>
<speed>
13.77937368417481</speed>
<time>
2024-09-05T08:35:54Z</time>
</trkpt>
<trkpt lat = "24.603903442298215" lon = "118.29076089207435">
<ele>
6.623308790847659</ele>
<speed>
13.563511427921728</speed>
<time>
2024-09-05T08:35:55Z</time>
</trkpt>
<trkpt lat = "24.603899765290375" lon = "118.29063013095684">
<ele>
6.396856753155589</ele>
<speed>
13.528509348233966</speed>
<time>
2024-09-05T08:35:56Z</time>
</trkpt>
<trkpt lat = "24.6038888735826" lon = "118.29049622790205">
<ele>
6.320410744287074</ele>
<speed>
13.527549200515333</speed>
<time>
2024-09-05T08:35:57Z</time>
</trkpt>
<trkpt lat = "24.603882054373365" lon = "118.29036192281232">
<ele>
6.201439165510237</ele>
<speed>
13.498167513766365</speed>
<time>
2024-09-05T08:35:58Z</time>
</trkpt>
<trkpt lat = "24.603877581807684" lon = "118.29021594818191">
<ele>
6.181861091405153</ele>
<speed>
13.566086305118665</speed>
<time>
2024-09-05T08:35:59Z</time>
</trkpt>
<trkpt lat = "24.603872298714812" lon = "118.29007041849799">
<ele>
6.182092356495559</ele>
<speed>
13.528838239793888</speed>
<time>
2024-09-05T08:36:00Z</time>
</trkpt>
<trkpt lon = "118.28993868912063" lat = "24.603861370696873">
<ele>
6.21344512142241</ele>
<speed>
12.67356591896834</speed>
<time>
2024-09-05T08:36:01Z</time>
</trkpt>
<trkpt lat = "24.60385177693978" lon = "118.28981855196388">
<ele>
6.274991251528263</ele>
<speed>
11.603007550185792</speed>
<time>
2024-09-05T08:36:02Z</time>
</trkpt>
<trkpt lat = "24.603849416368355" lon = "118.28970713820007">
<ele>
6.237417087890208</ele>
<speed>
10.389649198089668</speed>
<time>
2024-09-05T08:36:03Z</time>
</trkpt>
<trkpt lon = "118.28961192679614" lat = "24.603837870471306">
<ele>
6.412481683306396</ele>
<speed>
9.367812849334959</speed>
<time>
2024-09-05T08:36:04Z</time>
</trkpt>
<trkpt lat = "24.60383887977569" lon = "118.28955304127844">
<ele>
6.350732129998505</ele>
<speed>
7.783384946356421</speed>
<time>
2024-09-05T08:36:05Z</time>
</trkpt>
<trkpt lon = "118.28950784798377" lat = "24.603824995768694">
<ele>
6.4544803546741605</ele>
<speed>
6.3239709159659245</speed>
<time>
2024-09-05T08:36:06Z</time>
</trkpt>
<trkpt lat = "24.603821779055004" lon = "118.28946580664999">
<ele>
6.538230800069869</ele>
<speed>
4.810146449764334</speed>
<time>
2024-09-05T08:36:07Z</time>
</trkpt>
<trkpt lat = "24.603816390925555" lon = "118.28944295366477">
<ele>
6.607829604297876</ele>
<speed>
3.581316006918399</speed>
<time>
2024-09-05T08:36:08Z</time>
</trkpt>
<trkpt lat = "24.60382311480313" lon = "118.28942747540616">
<ele>
6.700808309018612</ele>
<speed>
2.2865086133235315</speed>
<time>
2024-09-05T08:36:09Z</time>
</trkpt>
<trkpt lon = "118.28940692362585" lat = "24.603822050130432">
<ele>
6.910416857339442</ele>
<speed>
1.5311172149155865</speed>
<time>
2024-09-05T08:36:10Z</time>
</trkpt>
<trkpt lat = "24.60382460523688" lon = "118.2893905070782">
<ele>
6.987763189710677</ele>
<speed>
0.9947029197561451</speed>
<time>
2024-09-05T08:36:11Z</time>
</trkpt>
<trkpt lat = "24.60382811641041" lon = "118.28937787615384">
<ele>
7.0664884662255645</ele>
<speed>
0.5716271772490961</speed>
<time>
2024-09-05T08:36:12Z</time>
</trkpt>
<trkpt lat = "24.603828873907112" lon = "118.28937944279566">
<ele>
7.325191923417151</ele>
<speed>
0.2887673091291236</speed>
<time>
2024-09-05T08:36:13Z</time>
</trkpt>
<trkpt lon = "118.28939240777562" lat = "24.603828264979644">
<ele>
7.2343289172276855</ele>
<speed>
0.1508028483874816</speed>
<time>
2024-09-05T08:36:14Z</time>
</trkpt>
<trkpt lon = "118.28937518734219" lat = "24.60382145659832">
<ele>
7.281890979036689</ele>
<speed>
0.1817712043375127</speed>
<time>
2024-09-05T08:36:15Z</time>
</trkpt>
<trkpt lon = "118.28938459219086" lat = "24.603816579915467">
<ele>
7.3502008421346545</ele>
<speed>
0.06849844216341223</speed>
<time>
2024-09-05T08:36:16Z</time>
</trkpt>
<trkpt lon = "118.28938563898049" lat = "24.60380860449808">
<ele>
7.303103198297322</ele>
<speed>
0.0668450919677088</speed>
<time>
2024-09-05T08:36:17Z</time>
</trkpt>
<trkpt lon = "118.28939494217161" lat = "24.603810030097847">
<ele>
7.430088278837502</ele>
<speed>
0.04869290020294969</speed>
<time>
2024-09-05T08:36:18Z</time>
</trkpt>
<trkpt lon = "118.28939820431393" lat = "24.603813991382466">
<ele>
7.449929613620043</ele>
<speed>
0.15472093417280938</speed>
<time>
2024-09-05T08:36:19Z</time>
</trkpt>
<trkpt lat = "24.603822916535115" lon = "118.28940101937062">
<ele>
7.350510182790458</ele>
<speed>
0.1750515915318368</speed>
<time>
2024-09-05T08:36:20Z</time>
</trkpt>
<trkpt lat = "24.60382524770057" lon = "118.28939926434693">
<ele>
7.3397309416905046</ele>
<speed>
0.21437665284325835</speed>
<time>
2024-09-05T08:36:21Z</time>
</trkpt>
<trkpt lat = "24.603818713610547" lon = "118.28940219720438">
<ele>
7.318758815526962</ele>
<speed>
0.1153736527627011</speed>
<time>
2024-09-05T08:36:22Z</time>
</trkpt>
<trkpt lat = "24.603811987696027" lon = "118.28940038243871">
<ele>
7.42659527156502</ele>
<speed>
0.05092946531329899</speed>
<time>
2024-09-05T08:36:23Z</time>
</trkpt>
<trkpt lon = "118.28940062130081" lat = "24.60380734635688">
<ele>
7.381934839300811</ele>
<speed>
0.05813907652680929</speed>
<time>
2024-09-05T08:36:24Z</time>
</trkpt>
<trkpt lat = "24.603806676164634" lon = "118.28939356586285">
<ele>
7.435331671498716</ele>
<speed>
0.06194993057424772</speed>
<time>
2024-09-05T08:36:25Z</time>
</trkpt>
<trkpt lon = "118.28938950478496" lat = "24.603807171229075">
<ele>
7.450056595727801</ele>
<speed>
0.0396687834045353</speed>
<time>
2024-09-05T08:36:26Z</time>
</trkpt>
<trkpt lon = "118.28939086556836" lat = "24.603802062273385">
<ele>
7.4363745069131255</ele>
<speed>
0.09391650026155979</speed>
<time>
2024-09-05T08:36:27Z</time>
</trkpt>
<trkpt lat = "24.60379691101642" lon = "118.28939302201202">
<ele>
7.531548036262393</ele>
<speed>
0.12471026157764424</speed>
<time>
2024-09-05T08:36:28Z</time>
</trkpt>
<trkpt lat = "24.603793307496385" lon = "118.28939332458809">
<ele>
7.611464181914926</ele>
<speed>
0.16848316058140908</speed>
<time>
2024-09-05T08:36:29Z</time>
</trkpt>
<trkpt lon = "118.28939696353044" lat = "24.603786095355836">
<ele>
7.673532730899751</ele>
<speed>
0.22157825219437496</speed>
<time>
2024-09-05T08:36:30Z</time>
</trkpt>
<trkpt lon = "118.28940334981499" lat = "24.60378255053967">
<ele>
7.564458109438419</ele>
<speed>
0.16412160007829868</speed>
<time>
2024-09-05T08:36:31Z</time>
</trkpt>
<trkpt lat = "24.603784290771696" lon = "118.28940326746819">
<ele>
7.613905499689281</ele>
<speed>
0.10612246798863524</speed>
<time>
2024-09-05T08:36:32Z</time>
</trkpt>
<trkpt lat = "24.6037804616534" lon = "118.28941223174074">
<ele>
7.599757267162204</ele>
<speed>
0.13558609113085038</speed>
<time>
2024-09-05T08:36:33Z</time>
</trkpt>
<trkpt lon = "118.28940971608881" lat = "24.603781695250042">
<ele>
7.498658378608525</ele>
<speed>
0.3496427840782966</speed>
<time>
2024-09-05T08:36:34Z</time>
</trkpt>
<trkpt lon = "118.28939805143439" lat = "24.60378764910989">
<ele>
7.605152604170144</ele>
<speed>
0.8163149210296915</speed>
<time>
2024-09-05T08:36:35Z</time>
</trkpt>
<trkpt lon = "118.28937595536686" lat = "24.603786628529093">
<ele>
7.574918828904629</ele>
<speed>
2.0129388906159775</speed>
<time>
2024-09-05T08:36:36Z</time>
</trkpt>
<trkpt lon = "118.28934429850325" lat = "24.603780602128264">
<ele>
7.452923734672368</ele>
<speed>
3.0716310862903233</speed>
<time>
2024-09-05T08:36:37Z</time>
</trkpt>
<trkpt lat = "24.60377210395039" lon = "118.28930117590455">
<ele>
7.4565777983516455</ele>
<speed>
4.229339960853158</speed>
<time>
2024-09-05T08:36:38Z</time>
</trkpt>
<trkpt lon = "118.28925067294688" lat = "24.603764825312066">
<ele>
7.5826126504689455</ele>
<speed>
5.08467762374074</speed>
<time>
2024-09-05T08:36:39Z</time>
</trkpt>
<trkpt lat = "24.603758294681167" lon = "118.28919283428569">
<ele>
7.64452151954174</ele>
<speed>
5.735685002492223</speed>
<time>
2024-09-05T08:36:40Z</time>
</trkpt>
<trkpt lat = "24.603751961513694" lon = "118.28913146260447">
<ele>
7.784545252099633</ele>
<speed>
6.193855071542928</speed>
<time>
2024-09-05T08:36:41Z</time>
</trkpt>
<trkpt lon = "118.28907017585675" lat = "24.603754244277656">
<ele>
7.913103153929114</ele>
<speed>
6.609650978249521</speed>
<time>
2024-09-05T08:36:42Z</time>
</trkpt>
<trkpt lon = "118.2890034685983" lat = "24.603771033603046">
<ele>
7.871188094839454</ele>
<speed>
6.954157069888354</speed>
<time>
2024-09-05T08:36:43Z</time>
</trkpt>
<trkpt lat = "24.60379675568571" lon = "118.28893866318015">
<ele>
7.889984012581408</ele>
<speed>
7.1148947478955895</speed>
<time>
2024-09-05T08:36:44Z</time>
</trkpt>
<trkpt lon = "118.28887539247867" lat = "24.6038222753845">
<ele>
7.878335024230182</ele>
<speed>
7.034240438579579</speed>
<time>
2024-09-05T08:36:45Z</time>
</trkpt>
<trkpt lat = "24.603849698892493" lon = "118.28880732312365">
<ele>
7.8041366981342435</ele>
<speed>
7.06688070449459</speed>
<time>
2024-09-05T08:36:46Z</time>
</trkpt>
<trkpt lat = "24.60387002263042" lon = "118.28873493031011">
<ele>
7.803426431491971</ele>
<speed>
7.375797084936925</speed>
<time>
2024-09-05T08:36:47Z</time>
</trkpt>
<trkpt lat = "24.60388371428778" lon = "118.2886617351006">
<ele>
7.680376174859703</ele>
<speed>
7.796704835167899</speed>
<time>
2024-09-05T08:36:48Z</time>
</trkpt>
<trkpt lon = "118.28858198350059" lat = "24.603889381778774">
<ele>
7.600229820236564</ele>
<speed>
8.141320735431021</speed>
<time>
2024-09-05T08:36:49Z</time>
</trkpt>
<trkpt lat = "24.60388870743277" lon = "118.28850329623285">
<ele>
7.565434108488262</ele>
<speed>
8.346940244417208</speed>
<time>
2024-09-05T08:36:50Z</time>
</trkpt>
<trkpt lon = "118.28842141670387" lat = "24.603879356086832">
<ele>
7.29197942931205</ele>
<speed>
8.14237720690546</speed>
<time>
2024-09-05T08:36:51Z</time>
</trkpt>
<trkpt lat = "24.603859423645297" lon = "118.28834439044945">
<ele>
7.240841588936746</ele>
<speed>
7.834229387477619</speed>
<time>
2024-09-05T08:36:52Z</time>
</trkpt>
<trkpt lat = "24.60383423915831" lon = "118.28826522372513">
<ele>
7.167799107730389</ele>
<speed>
7.506248982851556</speed>
<time>
2024-09-05T08:36:53Z</time>
</trkpt>
<trkpt lon = "118.28820165209481" lat = "24.603808084959958">
<ele>
7.018491104245186</ele>
<speed>
6.649427842843511</speed>
<time>
2024-09-05T08:36:54Z</time>
</trkpt>
<trkpt lat = "24.603784687951492" lon = "118.28814396419384">
<ele>
6.913744007237256</ele>
<speed>
6.070865543764504</speed>
<time>
2024-09-05T08:36:55Z</time>
</trkpt>
<trkpt lat = "24.60377838090255" lon = "118.28808566331006">
<ele>
6.8271556962281466</ele>
<speed>
5.767883465007644</speed>
<time>
2024-09-05T08:36:56Z</time>
</trkpt>
<trkpt lat = "24.60378787559132" lon = "118.28802874863239">
<ele>
6.7669588681310415</ele>
<speed>
5.585272328424019</speed>
<time>
2024-09-05T08:36:57Z</time>
</trkpt>
<trkpt lat = "24.603810281096848" lon = "118.28798161430895">
<ele>
6.643416144885123</ele>
<speed>
5.533771577684669</speed>
<time>
2024-09-05T08:36:58Z</time>
</trkpt>
<trkpt lat = "24.603839940378553" lon = "118.28793109663678">
<ele>
6.4938590079545975</ele>
<speed>
5.875364174593743</speed>
<time>
2024-09-05T08:36:59Z</time>
</trkpt>
<trkpt lat = "24.603872136998547" lon = "118.28787873235083">
<ele>
6.394757570698857</ele>
<speed>
6.2954896800016185</speed>
<time>
2024-09-05T08:37:00Z</time>
</trkpt>
<trkpt lon = "118.28782745980364" lat = "24.60390579153474">
<ele>
6.2331159841269255</ele>
<speed>
6.6400323293739625</speed>
<time>
2024-09-05T08:37:01Z</time>
</trkpt>
<trkpt lat = "24.60394459905041" lon = "118.28777095217173">
<ele>
6.151838890276849</ele>
<speed>
7.077321524901296</speed>
<time>
2024-09-05T08:37:02Z</time>
</trkpt>
<trkpt lon = "118.28771103894226" lat = "24.603986441586066">
<ele>
6.15303573012352</ele>
<speed>
7.33639744976769</speed>
<time>
2024-09-05T08:37:03Z</time>
</trkpt>
<trkpt lon = "118.28764960821542" lat = "24.604024875014986">
<ele>
6.091425433754921</ele>
<speed>
7.405784132478049</speed>
<time>
2024-09-05T08:37:04Z</time>
</trkpt>
<trkpt lon = "118.28759223714192" lat = "24.60406178398409">
<ele>
6.046418170444667</ele>
<speed>
7.226890391728764</speed>
<time>
2024-09-05T08:37:05Z</time>
</trkpt>
<trkpt lon = "118.2875371542154" lat = "24.604100011805134">
<ele>
6.019930317997932</ele>
<speed>
7.046988508740454</speed>
<time>
2024-09-05T08:37:06Z</time>
</trkpt>
<trkpt lat = "24.604142500517703" lon = "118.28749271724145">
<ele>
6.037370434962213</ele>
<speed>
6.6740043904010165</speed>
<time>
2024-09-05T08:37:07Z</time>
</trkpt>
<trkpt lat = "24.604191735911346" lon = "118.2874682197699">
<ele>
6.034555997699499</ele>
<speed>
6.057805718959837</speed>
<time>
2024-09-05T08:37:08Z</time>
</trkpt>
<trkpt lon = "118.28744975597712" lat = "24.60423767467378">
<ele>
5.877031559124589</ele>
<speed>
5.426744103356612</speed>
<time>
2024-09-05T08:37:09Z</time>
</trkpt>
<trkpt lat = "24.604284233611455" lon = "118.2874447666067">
<ele>
5.831304614432156</ele>
<speed>
5.133654355867071</speed>
<time>
2024-09-05T08:37:10Z</time>
</trkpt>
<trkpt lat = "24.604336630045477" lon = "118.28746082641918">
<ele>
5.700627122074366</ele>
<speed>
5.183823126786571</speed>
<time>
2024-09-05T08:37:11Z</time>
</trkpt>
<trkpt lat = "24.604385577844297" lon = "118.28748620266862">
<ele>
5.615431798622012</ele>
<speed>
5.4526035176907</speed>
<time>
2024-09-05T08:37:12Z</time>
</trkpt>
<trkpt lat = "24.604437882791125" lon = "118.2875106936748">
<ele>
5.479598028585315</ele>
<speed>
5.900506676943313</speed>
<time>
2024-09-05T08:37:13Z</time>
</trkpt>
<trkpt lat = "24.60448950533363" lon = "118.28753772825229">
<ele>
5.4285330735147</ele>
<speed>
6.267832891563667</speed>
<time>
2024-09-05T08:37:14Z</time>
</trkpt>
<trkpt lon = "118.28756208336702" lat = "24.60454525075535">
<ele>
5.2956261010840535</ele>
<speed>
6.44977836806482</speed>
<time>
2024-09-05T08:37:15Z</time>
</trkpt>
<trkpt lat = "24.604597285818368" lon = "118.28758466484945">
<ele>
5.383967670612037</ele>
<speed>
6.271366511985132</speed>
<time>
2024-09-05T08:37:16Z</time>
</trkpt>
<trkpt lat = "24.60464553549006" lon = "118.28760294155731">
<ele>
5.407886553555727</ele>
<speed>
5.863149606887275</speed>
<time>
2024-09-05T08:37:17Z</time>
</trkpt>
<trkpt lat = "24.60469238169881" lon = "118.28760633603852">
<ele>
5.496552983298898</ele>
<speed>
5.29946480713343</speed>
<time>
2024-09-05T08:37:18Z</time>
</trkpt>
<trkpt lat = "24.604738679996572" lon = "118.28759594691147">
<ele>
5.6034030662849545</ele>
<speed>
5.068157536790582</speed>
<time>
2024-09-05T08:37:19Z</time>
</trkpt>
<trkpt lon = "118.28756932991755" lat = "24.604772936415294">
<ele>
5.813763045705855</ele>
<speed>
4.685629918665468</speed>
<time>
2024-09-05T08:37:20Z</time>
</trkpt>
<trkpt lon = "118.28753184207936" lat = "24.604798974224035">
<ele>
5.930268267169595</ele>
<speed>
4.935390232259014</speed>
<time>
2024-09-05T08:37:21Z</time>
</trkpt>
<trkpt lat = "24.604821789707085" lon = "118.28748379595699">
<ele>
6.135860447771847</ele>
<speed>
5.622767686313619</speed>
<time>
2024-09-05T08:37:22Z</time>
</trkpt>
<trkpt lat = "24.60484911192564" lon = "118.28742633245933">
<ele>
6.3322338638827205</ele>
<speed>
6.400293119501297</speed>
<time>
2024-09-05T08:37:23Z</time>
</trkpt>
<trkpt lon = "118.28735784187474" lat = "24.60487486272686">
<ele>
6.5239653354510665</ele>
<speed>
7.076828913395627</speed>
<time>
2024-09-05T08:37:24Z</time>
</trkpt>
<trkpt lon = "118.2872709263814" lat = "24.604839015868247">
<ele>
6.646474615670741</ele>
<speed>
7.801527294584664</speed>
<time>
2024-09-05T08:37:25Z</time>
</trkpt>
<trkpt lon = "118.28718801359322" lat = "24.604857950275015">
<ele>
6.959218024276197</ele>
<speed>
8.559137426946112</speed>
<time>
2024-09-05T08:37:26Z</time>
</trkpt>
<trkpt lat = "24.604873291308127" lon = "118.28709851490348">
<ele>
7.114071732386947</ele>
<speed>
9.185081746981313</speed>
<time>
2024-09-05T08:37:27Z</time>
</trkpt>
<trkpt lat = "24.604906689695035" lon = "118.28700550724665">
<ele>
7.362406784668565</ele>
<speed>
9.824189077186269</speed>
<time>
2024-09-05T08:37:28Z</time>
</trkpt>
<trkpt lat = "24.604945048339054" lon = "118.28691200528544">
<ele>
7.508329502306879</ele>
<speed>
10.395013922503228</speed>
<time>
2024-09-05T08:37:29Z</time>
</trkpt>
<trkpt lon = "118.2868158471558" lat = "24.604991002623475">
<ele>
7.437217238359153</ele>
<speed>
10.67686839929267</speed>
<time>
2024-09-05T08:37:30Z</time>
</trkpt>
<trkpt lat = "24.605039440339702" lon = "118.286719910422">
<ele>
7.413763024844229</ele>
<speed>
10.71392865672342</speed>
<time>
2024-09-05T08:37:31Z</time>
</trkpt>
<trkpt lat = "24.605095351043516" lon = "118.28662901715467">
<ele>
7.304293165914714</ele>
<speed>
10.757260599464864</speed>
<time>
2024-09-05T08:37:32Z</time>
</trkpt>
<trkpt lat = "24.605155302567578" lon = "118.28654063060473">
<ele>
7.070235230959952</ele>
<speed>
10.897645396891818</speed>
<time>
2024-09-05T08:37:33Z</time>
</trkpt>
<trkpt lat = "24.60522194648815" lon = "118.28645582657443">
<ele>
7.009111451916397</ele>
<speed>
11.20204917566117</speed>
<time>
2024-09-05T08:37:34Z</time>
</trkpt>
<trkpt lon = "118.28637199746156" lat = "24.605292151469236">
<ele>
6.74302389472723</ele>
<speed>
11.567268379115186</speed>
<time>
2024-09-05T08:37:35Z</time>
</trkpt>
<trkpt lon = "118.28628473652009" lat = "24.605367206402814">
<ele>
6.650363557972014</ele>
<speed>
11.90922476103357</speed>
<time>
2024-09-05T08:37:36Z</time>
</trkpt>
<trkpt lat = "24.605449301361634" lon = "118.28619743461954">
<ele>
6.556471123360097</ele>
<speed>
12.22965615910165</speed>
<time>
2024-09-05T08:37:37Z</time>
</trkpt>
<trkpt lon = "118.28608491269644" lat = "24.605503522420847">
<ele>
6.41940884757787</ele>
<speed>
12.49568823795303</speed>
<time>
2024-09-05T08:37:38Z</time>
</trkpt>
<trkpt lat = "24.60558715742248" lon = "118.285981111878">
<ele>
6.279541416093707</ele>
<speed>
12.823462617075677</speed>
<time>
2024-09-05T08:37:39Z</time>
</trkpt>
<trkpt lat = "24.605670724097077" lon = "118.28587945986924">
<ele>
6.258041523396969</ele>
<speed>
13.187603471728648</speed>
<time>
2024-09-05T08:37:40Z</time>
</trkpt>
<trkpt lon = "118.28577747076847" lat = "24.605755806697122">
<ele>
6.2150170328095555</ele>
<speed>
13.389045676650028</speed>
<time>
2024-09-05T08:37:41Z</time>
</trkpt>
<trkpt lon = "118.28567898621417" lat = "24.60584027568233">
<ele>
6.415195700712502</ele>
<speed>
13.316521952449593</speed>
<time>
2024-09-05T08:37:42Z</time>
</trkpt>
<trkpt lon = "118.28558103698725" lat = "24.60592375854957">
<ele>
6.586682790890336</ele>
<speed>
13.240500236554936</speed>
<time>
2024-09-05T08:37:43Z</time>
</trkpt>
<trkpt lat = "24.606006763882622" lon = "118.28548591329074">
<ele>
6.898715793155134</ele>
<speed>
13.17899050290084</speed>
<time>
2024-09-05T08:37:44Z</time>
</trkpt>
<trkpt lon = "118.28537339455733" lat = "24.606068048100898">
<ele>
7.027339979074895</ele>
<speed>
13.16509118765118</speed>
<time>
2024-09-05T08:37:45Z</time>
</trkpt>
<trkpt lat = "24.606147351411686" lon = "118.28527933282238">
<ele>
7.377740825526416</ele>
<speed>
13.108012226027522</speed>
<time>
2024-09-05T08:37:46Z</time>
</trkpt>
<trkpt lat = "24.60622703446062" lon = "118.28518520598445">
<ele>
7.464076147414744</ele>
<speed>
13.009394941143885</speed>
<time>
2024-09-05T08:37:47Z</time>
</trkpt>
<trkpt lon = "118.28509184513109" lat = "24.606305344333034">
<ele>
8.00419051013887</ele>
<speed>
12.82055984746295</speed>
<time>
2024-09-05T08:37:48Z</time>
</trkpt>
<trkpt lat = "24.606380686842716" lon = "118.2850052819566">
<ele>
7.808319536969066</ele>
<speed>
12.172602006061725</speed>
<time>
2024-09-05T08:37:49Z</time>
</trkpt>
<trkpt lat = "24.606453015225952" lon = "118.2849198315333">
<ele>
7.837984452955425</ele>
<speed>
11.680549615515767</speed>
<time>
2024-09-05T08:37:50Z</time>
</trkpt>
<trkpt lat = "24.606520822529742" lon = "118.28483335458282">
<ele>
7.7788591692224145</ele>
<speed>
11.464463407221816</speed>
<time>
2024-09-05T08:37:51Z</time>
</trkpt>
<trkpt lon = "118.28474535841276" lat = "24.606587049974173">
<ele>
7.761927189305425</ele>
<speed>
11.409107680796064</speed>
<time>
2024-09-05T08:37:52Z</time>
</trkpt>
<trkpt lat = "24.60665221086173" lon = "118.28465743349685">
<ele>
7.617189421318471</ele>
<speed>
11.469503513017019</speed>
<time>
2024-09-05T08:37:53Z</time>
</trkpt>
<trkpt lat = "24.60671988176759" lon = "118.2845706713748">
<ele>
7.528570304624736</ele>
<speed>
11.762012391278562</speed>
<time>
2024-09-05T08:37:54Z</time>
</trkpt>
<trkpt lat = "24.606794108193444" lon = "118.28448401599134">
<ele>
7.401562383398414</ele>
<speed>
12.182590919566088</speed>
<time>
2024-09-05T08:37:55Z</time>
</trkpt>
<trkpt lon = "118.28439450270353" lat = "24.606870962844933">
<ele>
7.250635517761111</ele>
<speed>
12.612200811380227</speed>
<time>
2024-09-05T08:37:56Z</time>
</trkpt>
<trkpt lat = "24.606949316705027" lon = "118.28430181142981">
<ele>
6.95327855553478</ele>
<speed>
13.052865618174181</speed>
<time>
2024-09-05T08:37:57Z</time>
</trkpt>
<trkpt lat = "24.60702789620658" lon = "118.28420393011683">
<ele>
6.7589252749457955</ele>
<speed>
13.29371392049729</speed>
<time>
2024-09-05T08:37:58Z</time>
</trkpt>
<trkpt lat = "24.607106570270933" lon = "118.28410654830178">
<ele>
6.548145919106901</ele>
<speed>
13.401602179968284</speed>
<time>
2024-09-05T08:37:59Z</time>
</trkpt>
<trkpt lon = "118.284011325101" lat = "24.607187757590413">
<ele>
6.349745100364089</ele>
<speed>
13.528384910162758</speed>
<time>
2024-09-05T08:38:00Z</time>
</trkpt>
<trkpt lat = "24.6072454038718" lon = "118.2838901355839">
<ele>
6.336487954482436</ele>
<speed>
13.694120345588772</speed>
<time>
2024-09-05T08:38:01Z</time>
</trkpt>
<trkpt lat = "24.607325833865367" lon = "118.28378642861875">
<ele>
6.140343194827437</ele>
<speed>
13.902806701624932</speed>
<time>
2024-09-05T08:38:02Z</time>
</trkpt>
<trkpt lon = "118.28367963131485" lat = "24.60740686644067">
<ele>
5.985662610270083</ele>
<speed>
14.182024103974792</speed>
<time>
2024-09-05T08:38:03Z</time>
</trkpt>
<trkpt lon = "118.28357427759173" lat = "24.607487283978507">
<ele>
5.837330685928464</ele>
<speed>
14.303816425141076</speed>
<time>
2024-09-05T08:38:04Z</time>
</trkpt>
<trkpt lon = "118.28346656993155" lat = "24.607569929088736">
<ele>
5.828797192312777</ele>
<speed>
14.428298205771958</speed>
<time>
2024-09-05T08:38:05Z</time>
</trkpt>
<trkpt lon = "118.28336212373252" lat = "24.607653720917618">
<ele>
5.93158467207104</ele>
<speed>
14.478029162503637</speed>
<time>
2024-09-05T08:38:06Z</time>
</trkpt>
<trkpt lat = "24.607734515813814" lon = "118.2832616500686">
<ele>
5.737800666131079</ele>
<speed>
14.10480569301696</speed>
<time>
2024-09-05T08:38:07Z</time>
</trkpt>
<trkpt lon = "118.2831738693844" lat = "24.60781263420476">
<ele>
5.976994891650975</ele>
<speed>
13.666124785124751</speed>
<time>
2024-09-05T08:38:08Z</time>
</trkpt>
<trkpt lat = "24.60789741141598" lon = "118.28306796631692">
<ele>
6.170834688469768</ele>
<speed>
13.611361902893679</speed>
<time>
2024-09-05T08:38:09Z</time>
</trkpt>
<trkpt lat = "24.607982556074415" lon = "118.28296287322217">
<ele>
6.533053838647902</ele>
<speed>
13.624014315089807</speed>
<time>
2024-09-05T08:38:10Z</time>
</trkpt>
<trkpt lon = "118.28285927477016" lat = "24.608068609665">
<ele>
6.8366213561967015</ele>
<speed>
13.641083976072773</speed>
<time>
2024-09-05T08:38:11Z</time>
</trkpt>
<trkpt lat = "24.60812804053187" lon = "118.28273992527568">
<ele>
7.265624888241291</ele>
<speed>
13.615278495013657</speed>
<time>
2024-09-05T08:38:12Z</time>
</trkpt>
<trkpt lat = "24.608209350590236" lon = "118.28263826372805">
<ele>
7.591643778607249</ele>
<speed>
13.59845207589209</speed>
<time>
2024-09-05T08:38:13Z</time>
</trkpt>
<trkpt lon = "118.28253567396617" lat = "24.60829013421996">
<ele>
7.8778055449947715</ele>
<speed>
13.575653298615906</speed>
<time>
2024-09-05T08:38:14Z</time>
</trkpt>
<trkpt lon = "118.28243543045116" lat = "24.608371111829108">
<ele>
8.275125238113105</ele>
<speed>
13.543776818299214</speed>
<time>
2024-09-05T08:38:15Z</time>
</trkpt>
<trkpt lat = "24.608452711665407" lon = "118.28233541533265">
<ele>
8.647103322669864</ele>
<speed>
13.524141795570264</speed>
<time>
2024-09-05T08:38:16Z</time>
</trkpt>
<trkpt lon = "118.28222925946581" lat = "24.60853968832359">
<ele>
8.850054984912276</ele>
<speed>
13.497196134369844</speed>
<time>
2024-09-05T08:38:17Z</time>
</trkpt>
<trkpt lat = "24.608616703206536" lon = "118.28212835282108">
<ele>
8.800565453246236</ele>
<speed>
13.101135997024784</speed>
<time>
2024-09-05T08:38:18Z</time>
</trkpt>
<trkpt lon = "118.28202676401239" lat = "24.60869718479341">
<ele>
8.834656312130392</ele>
<speed>
12.928850991858729</speed>
<time>
2024-09-05T08:38:19Z</time>
</trkpt>
<trkpt lat = "24.608775041032413" lon = "118.28193019810604">
<ele>
8.851028333418071</ele>
<speed>
12.802696915843594</speed>
<time>
2024-09-05T08:38:20Z</time>
</trkpt>
<trkpt lon = "118.28182951406629" lat = "24.608852389349256">
<ele>
8.883821417577565</ele>
<speed>
12.830846403387607</speed>
<time>
2024-09-05T08:38:21Z</time>
</trkpt>
<trkpt lat = "24.60892999141278" lon = "118.2817304160097">
<ele>
9.000661737285554</ele>
<speed>
13.040340197348753</speed>
<time>
2024-09-05T08:38:22Z</time>
</trkpt>
<trkpt lon = "118.281628187607" lat = "24.60900792963864">
<ele>
8.902269342914224</ele>
<speed>
13.334575577907708</speed>
<time>
2024-09-05T08:38:23Z</time>
</trkpt>
<trkpt lon = "118.28152455050876" lat = "24.609087353941117">
<ele>
8.898732751607895</ele>
<speed>
13.638776048726584</speed>
<time>
2024-09-05T08:38:24Z</time>
</trkpt>
<trkpt lat = "24.609170892793202" lon = "118.28141867901067">
<ele>
8.856589602306485</ele>
<speed>
13.914220485807267</speed>
<time>
2024-09-05T08:38:25Z</time>
</trkpt>
<trkpt lat = "24.609234785573303" lon = "118.2813035127312">
<ele>
9.043985932134092</ele>
<speed>
13.766508543194616</speed>
<time>
2024-09-05T08:38:26Z</time>
</trkpt>
<trkpt lat = "24.609316699259523" lon = "118.2812051325474">
<ele>
9.262147446162999</ele>
<speed>
13.527715612834138</speed>
<time>
2024-09-05T08:38:27Z</time>
</trkpt>
<trkpt lon = "118.28110455564011" lat = "24.609397982753286">
<ele>
9.404270431958139</ele>
<speed>
13.434133371403988</speed>
<time>
2024-09-05T08:38:28Z</time>
</trkpt>
<trkpt lon = "118.28100247738222" lat = "24.609479277699368">
<ele>
9.563446956686676</ele>
<speed>
13.359838405842625</speed>
<time>
2024-09-05T08:38:29Z</time>
</trkpt>
<trkpt lon = "118.28090261742483" lat = "24.609558580684926">
<ele>
9.871600529178977</ele>
<speed>
13.315185942389343</speed>
<time>
2024-09-05T08:38:30Z</time>
</trkpt>
<trkpt lat = "24.6096379808883" lon = "118.28079941209137">
<ele>
10.021282533183694</ele>
<speed>
13.431732093337166</speed>
<time>
2024-09-05T08:38:31Z</time>
</trkpt>
<trkpt lat = "24.609716933631418" lon = "118.28069858446929">
<ele>
10.383642917498946</ele>
<speed>
13.63527148842885</speed>
<time>
2024-09-05T08:38:32Z</time>
</trkpt>
<trkpt lat = "24.609800659912857" lon = "118.28058899402296">
<ele>
10.833755359053612</ele>
<speed>
13.961112576550438</speed>
<time>
2024-09-05T08:38:33Z</time>
</trkpt>
<trkpt lat = "24.6098827973232" lon = "118.28048035824018">
<ele>
11.197416506707668</ele>
<speed>
14.175182616437711</speed>
<time>
2024-09-05T08:38:34Z</time>
</trkpt>
<trkpt lat = "24.60996632650782" lon = "118.2803700522192">
<ele>
11.687520300038159</ele>
<speed>
14.357015439232097</speed>
<time>
2024-09-05T08:38:35Z</time>
</trkpt>
<trkpt lat = "24.610049144999095" lon = "118.28025711443185">
<ele>
12.129881076514721</ele>
<speed>
14.477514537142106</speed>
<time>
2024-09-05T08:38:36Z</time>
</trkpt>
<trkpt lon = "118.28014406983502" lat = "24.610133300801152">
<ele>
12.493479015305638</ele>
<speed>
14.614087475865666</speed>
<time>
2024-09-05T08:38:37Z</time>
</trkpt>
<trkpt lon = "118.28003385293991" lat = "24.610215452317522">
<ele>
12.747911726124585</ele>
<speed>
14.638755633236963</speed>
<time>
2024-09-05T08:38:38Z</time>
</trkpt>
<trkpt lat = "24.610301423843158" lon = "118.27991888154413">
<ele>
12.98578950855881</ele>
<speed>
14.7774283478592</speed>
<time>
2024-09-05T08:38:39Z</time>
</trkpt>
<trkpt lat = "24.61038858586898" lon = "118.27980271388287">
<ele>
13.362518589943647</ele>
<speed>
14.951923859170858</speed>
<time>
2024-09-05T08:38:40Z</time>
</trkpt>
<trkpt lon = "118.27968602227803" lat = "24.610475507555375">
<ele>
13.553332908079028</ele>
<speed>
15.056216193492588</speed>
<time>
2024-09-05T08:38:41Z</time>
</trkpt>
<trkpt lat = "24.61056476152757" lon = "118.27957130860032">
<ele>
13.883445175364614</ele>
<speed>
15.119703865104002</speed>
<time>
2024-09-05T08:38:42Z</time>
</trkpt>
<trkpt lat = "24.610651632428667" lon = "118.2794587414537">
<ele>
14.344298503361642</ele>
<speed>
15.10916730286262</speed>
<time>
2024-09-05T08:38:43Z</time>
</trkpt>
<trkpt lat = "24.610738013145486" lon = "118.27934370628316">
<ele>
14.700034962967038</ele>
<speed>
15.138530896342589</speed>
<time>
2024-09-05T08:38:44Z</time>
</trkpt>
<trkpt lat = "24.61082656028571" lon = "118.27922142279022">
<ele>
15.24532273132354</ele>
<speed>
15.301473319611796</speed>
<time>
2024-09-05T08:38:45Z</time>
</trkpt>
<trkpt lon = "118.27909866077633" lat = "24.61091127853905">
<ele>
15.856323354877532</ele>
<speed>
15.400252836394033</speed>
<time>
2024-09-05T08:38:46Z</time>
</trkpt>
<trkpt lat = "24.610996020117998" lon = "118.27897135764317">
<ele>
16.391559859737754</ele>
<speed>
15.558244722180053</speed>
<time>
2024-09-05T08:38:47Z</time>
</trkpt>
<trkpt lat = "24.611078358190387" lon = "118.27884343263169">
<ele>
16.889925424940884</ele>
<speed>
15.656268852642706</speed>
<time>
2024-09-05T08:38:48Z</time>
</trkpt>
<trkpt lat = "24.611157828107057" lon = "118.27871596443046">
<ele>
17.203057223930955</ele>
<speed>
15.654178326814083</speed>
<time>
2024-09-05T08:38:49Z</time>
</trkpt>
<trkpt lon = "118.27858865356988" lat = "24.611235578227987">
<ele>
17.440890800207853</ele>
<speed>
15.361001978862026</speed>
<time>
2024-09-05T08:38:50Z</time>
</trkpt>
<trkpt lon = "118.27846296734705" lat = "24.611305895507567">
<ele>
17.62563879415393</ele>
<speed>
15.005476736226365</speed>
<time>
2024-09-05T08:38:51Z</time>
</trkpt>
<trkpt lat = "24.611348761713074" lon = "118.27833197802373">
<ele>
17.628345199860632</ele>
<speed>
14.690205717799621</speed>
<time>
2024-09-05T08:38:52Z</time>
</trkpt>
<trkpt lat = "24.61140205419809" lon = "118.27820690767996">
<ele>
17.81107998918742</ele>
<speed>
14.501277544031916</speed>
<time>
2024-09-05T08:38:53Z</time>
</trkpt>
<trkpt lon = "118.2780842739881" lat = "24.611459221761876">
<ele>
18.00696099270135</ele>
<speed>
14.354841097495967</speed>
<time>
2024-09-05T08:38:54Z</time>
</trkpt>
<trkpt lat = "24.611506382185635" lon = "118.27795583275669">
<ele>
18.363538487814367</ele>
<speed>
14.246029207280435</speed>
<time>
2024-09-05T08:38:55Z</time>
</trkpt>
<trkpt lon = "118.27782615945637" lat = "24.611566473163833">
<ele>
18.393625233322382</ele>
<speed>
14.261871643608462</speed>
<time>
2024-09-05T08:38:56Z</time>
</trkpt>
<trkpt lon = "118.27770546947175" lat = "24.611622355438794">
<ele>
18.406974321231246</ele>
<speed>
14.12024015647031</speed>
<time>
2024-09-05T08:38:57Z</time>
</trkpt>
<trkpt lon = "118.27758329131935" lat = "24.61168677650413">
<ele>
18.329302401281893</ele>
<speed>
14.109576536928392</speed>
<time>
2024-09-05T08:38:58Z</time>
</trkpt>
<trkpt lon = "118.27746247188631" lat = "24.611751348690774">
<ele>
18.16528508067131</ele>
<speed>
14.072322600333916</speed>
<time>
2024-09-05T08:38:59Z</time>
</trkpt>
<trkpt lat = "24.611813276127545" lon = "118.2773412767327">
<ele>
18.027459690347314</ele>
<speed>
14.063140559321848</speed>
<time>
2024-09-05T08:39:00Z</time>
</trkpt>
<trkpt lat = "24.61187707675394" lon = "118.27722165146236">
<ele>
17.960122279822826</ele>
<speed>
14.058594726941003</speed>
<time>
2024-09-05T08:39:01Z</time>
</trkpt>
<trkpt lat = "24.611939702249547" lon = "118.27710627469436">
<ele>
18.009369636885822</ele>
<speed>
13.907860865678298</speed>
<time>
2024-09-05T08:39:02Z</time>
</trkpt>
<trkpt lon = "118.2769755751271" lat = "24.611973165105795">
<ele>
18.008104962296784</ele>
<speed>
13.694463095507565</speed>
<time>
2024-09-05T08:39:03Z</time>
</trkpt>
<trkpt lon = "118.27685768492584" lat = "24.61203527720011">
<ele>
18.073816081508994</ele>
<speed>
13.650668613740573</speed>
<time>
2024-09-05T08:39:04Z</time>
</trkpt>
<trkpt lon = "118.27674489026158" lat = "24.61209696091675">
<ele>
17.9760132310912</ele>
<speed>
13.401786492003447</speed>
<time>
2024-09-05T08:39:05Z</time>
</trkpt>
<trkpt lat = "24.612159117687792" lon = "118.27662912770644">
<ele>
17.88485464081168</ele>
<speed>
13.222417591190027</speed>
<time>
2024-09-05T08:39:06Z</time>
</trkpt>
<trkpt lon = "118.27651543721913" lat = "24.612219570910888">
<ele>
18.038778041489422</ele>
<speed>
13.032743423810672</speed>
<time>
2024-09-05T08:39:07Z</time>
</trkpt>
<trkpt lat = "24.612277074786494" lon = "118.27640849213411">
<ele>
18.16196400858462</ele>
<speed>
12.763323661507572</speed>
<time>
2024-09-05T08:39:08Z</time>
</trkpt>
<trkpt lat = "24.612332028586394" lon = "118.27630213577415">
<ele>
18.26265543885529</ele>
<speed>
12.315418642307566</speed>
<time>
2024-09-05T08:39:09Z</time>
</trkpt>
<trkpt lat = "24.612383744243186" lon = "118.27619751997553">
<ele>
18.560711791738868</ele>
<speed>
11.742713981617305</speed>
<time>
2024-09-05T08:39:10Z</time>
</trkpt>
<trkpt lat = "24.612432626981384" lon = "118.2761041637914">
<ele>
18.6887089535594</ele>
<speed>
10.795398144775444</speed>
<time>
2024-09-05T08:39:11Z</time>
</trkpt>
<trkpt lat = "24.612474608371272" lon = "118.27602322373895">
<ele>
18.813011187128723</ele>
<speed>
9.310157138327954</speed>
<time>
2024-09-05T08:39:12Z</time>
</trkpt>
<trkpt lat = "24.612505727366564" lon = "118.27595940579735">
<ele>
18.95579979661852</ele>
<speed>
7.14508450015105</speed>
<time>
2024-09-05T08:39:13Z</time>
</trkpt>
<trkpt lon = "118.27591518865252" lat = "24.612527763306375">
<ele>
19.146748980507255</ele>
<speed>
4.804279527301456</speed>
<time>
2024-09-05T08:39:14Z</time>
</trkpt>
<trkpt lon = "118.27589430981014" lat = "24.612545801652402">
<ele>
19.26122324820608</ele>
<speed>
2.900423935043237</speed>
<time>
2024-09-05T08:39:15Z</time>
</trkpt>
<trkpt lat = "24.61255502031128" lon = "118.2758953724039">
<ele>
19.224474077112973</ele>
<speed>
1.3134057119195361</speed>
<time>
2024-09-05T08:39:16Z</time>
</trkpt>
<trkpt lon = "118.27589674680725" lat = "24.61257284231023">
<ele>
19.373439942486584</ele>
<speed>
1.0336741742861688</speed>
<time>
2024-09-05T08:39:17Z</time>
</trkpt>
<trkpt lon = "118.27589976060982" lat = "24.612595220063653">
<ele>
19.628968310542405</ele>
<speed>
1.0934242084849357</speed>
<time>
2024-09-05T08:39:18Z</time>
</trkpt>
<trkpt lon = "118.2758994446456" lat = "24.612625936121155">
<ele>
19.916757152415812</ele>
<speed>
1.2615210156896162</speed>
<time>
2024-09-05T08:39:19Z</time>
</trkpt>
<trkpt lat = "24.612656883917456" lon = "118.27589709788488">
<ele>
19.933786594308913</ele>
<speed>
1.3102645214188198</speed>
<time>
2024-09-05T08:39:20Z</time>
</trkpt>
<trkpt lat = "24.612698080129928" lon = "118.27589197597555">
<ele>
20.08230205345899</ele>
<speed>
1.603625131157995</speed>
<time>
2024-09-05T08:39:21Z</time>
</trkpt>
<trkpt lon = "118.2759069217954" lat = "24.612739252902053">
<ele>
20.29640363715589</ele>
<speed>
2.726321715783337</speed>
<time>
2024-09-05T08:39:22Z</time>
</trkpt>
<trkpt lat = "24.61277966944928" lon = "118.27592397256564">
<ele>
20.522560769692063</ele>
<speed>
4.117904351267928</speed>
<time>
2024-09-05T08:39:23Z</time>
</trkpt>
<trkpt lon = "118.27594281768657" lat = "24.612829620003154">
<ele>
20.631955115124583</ele>
<speed>
4.897442926409487</speed>
<time>
2024-09-05T08:39:24Z</time>
</trkpt>
<trkpt lon = "118.27596874244168" lat = "24.612865965263254">
<ele>
20.45572508033365</ele>
<speed>
5.437435519088848</speed>
<time>
2024-09-05T08:39:25Z</time>
</trkpt>
<trkpt lon = "118.2760163259204" lat = "24.6128971193744">
<ele>
20.690884549170732</ele>
<speed>
5.875496553324628</speed>
<time>
2024-09-05T08:39:26Z</time>
</trkpt>
<trkpt lon = "118.27604549660711" lat = "24.612951213337677">
<ele>
20.748578120954335</ele>
<speed>
6.388086932312938</speed>
<time>
2024-09-05T08:39:27Z</time>
</trkpt>
<trkpt lat = "24.61301816837422" lon = "118.27607799065295">
<ele>
20.80407217051834</ele>
<speed>
7.010404077502725</speed>
<time>
2024-09-05T08:39:28Z</time>
</trkpt>
<trkpt lon = "118.27610805692653" lat = "24.613086585479792">
<ele>
20.942835387773812</ele>
<speed>
7.531750338739535</speed>
<time>
2024-09-05T08:39:29Z</time>
</trkpt>
<trkpt lon = "118.27613966941745" lat = "24.61315663535616">
<ele>
21.239454838447273</ele>
<speed>
8.041077924963373</speed>
<time>
2024-09-05T08:39:30Z</time>
</trkpt>
<trkpt lat = "24.61322513865636" lon = "118.27617361123663">
<ele>
21.946579970419407</ele>
<speed>
8.406706189308395</speed>
<time>
2024-09-05T08:39:31Z</time>
</trkpt>
<trkpt lat = "24.613297355286058" lon = "118.27620943708433">
<ele>
22.60870605520904</ele>
<speed>
8.798698672958468</speed>
<time>
2024-09-05T08:39:32Z</time>
</trkpt>
<trkpt lon = "118.27624753331948" lat = "24.61337320249243">
<ele>
23.050546227954328</ele>
<speed>
9.197334836146652</speed>
<time>
2024-09-05T08:39:33Z</time>
</trkpt>
<trkpt lat = "24.61344734739941" lon = "118.27628282566704">
<ele>
23.71276266872883</ele>
<speed>
9.457255816211159</speed>
<time>
2024-09-05T08:39:34Z</time>
</trkpt>
<trkpt lat = "24.613527188634897" lon = "118.27631690876932">
<ele>
24.1803090358153</ele>
<speed>
9.700083712006872</speed>
<time>
2024-09-05T08:39:35Z</time>
</trkpt>
<trkpt lat = "24.61360793308746" lon = "118.27635030655922">
<ele>
24.467510122805834</ele>
<speed>
9.60421344774845</speed>
<time>
2024-09-05T08:39:36Z</time>
</trkpt>
<trkpt lon = "118.2763883324238" lat = "24.61367967564929">
<ele>
24.502668132074177</ele>
<speed>
9.387875339002495</speed>
<time>
2024-09-05T08:39:37Z</time>
</trkpt>
<trkpt lon = "118.27642064751977" lat = "24.613756716838772">
<ele>
24.470356539823115</ele>
<speed>
9.210693085242418</speed>
<time>
2024-09-05T08:39:38Z</time>
</trkpt>
<trkpt lon = "118.27645940130589" lat = "24.613826617246108">
<ele>
24.478941624052823</ele>
<speed>
9.116226180693726</speed>
<time>
2024-09-05T08:39:39Z</time>
</trkpt>
<trkpt lat = "24.61389863761213" lon = "118.27649336603238">
<ele>
24.407926852814853</ele>
<speed>
9.028312780075101</speed>
<time>
2024-09-05T08:39:40Z</time>
</trkpt>
<trkpt lon = "118.27649336603238" lat = "24.61389863761213">
<ele>
24.407926852814853</ele>
<speed>
9.028312780075101</speed>
<time>
2024-09-05T08:39:40Z</time>
</trkpt>
<trkpt lat = "24.613974570589505" lon = "118.27653125527426">
<ele>
24.012437074445188</ele>
<speed>
9.049252386368462</speed>
<time>
2024-09-05T08:39:41Z</time>
</trkpt>
<trkpt lon = "118.27656734096817" lat = "24.61405214866566">
<ele>
23.658926291391253</ele>
<speed>
9.09145140682463</speed>
<time>
2024-09-05T08:39:42Z</time>
</trkpt>
<trkpt lon = "118.27660347801981" lat = "24.614131881433586">
<ele>
22.987573128193617</ele>
<speed>
9.172098835204453</speed>
<time>
2024-09-05T08:39:43Z</time>
</trkpt>
<trkpt lat = "24.614206940121054" lon = "118.27664696605763">
<ele>
22.123278062790632</ele>
<speed>
9.235937582114978</speed>
<time>
2024-09-05T08:39:44Z</time>
</trkpt>
<trkpt lon = "118.27668725546965" lat = "24.614286004724924">
<ele>
20.915397444739938</ele>
<speed>
9.191060489651656</speed>
<time>
2024-09-05T08:39:45Z</time>
</trkpt>
<trkpt lon = "118.27672125036383" lat = "24.61437088647272">
<ele>
19.91504847165197</ele>
<speed>
9.202186507975243</speed>
<time>
2024-09-05T08:39:46Z</time>
</trkpt>
<trkpt lat = "24.614451895179556" lon = "118.27675542902843">
<ele>
18.891594126820564</ele>
<speed>
9.162080150413578</speed>
<time>
2024-09-05T08:39:47Z</time>
</trkpt>
<trkpt lat = "24.614527805565917" lon = "118.27679460234828">
<ele>
18.016236087307334</ele>
<speed>
9.272626934813896</speed>
<time>
2024-09-05T08:39:48Z</time>
</trkpt>
<trkpt lon = "118.27683582384478" lat = "24.61460730554687">
<ele>
17.144959256984293</ele>
<speed>
9.559535551494106</speed>
<time>
2024-09-05T08:39:49Z</time>
</trkpt>
<trkpt lon = "118.27686927115589" lat = "24.61469145369227">
<ele>
16.29919423069805</ele>
<speed>
9.817170892769981</speed>
<time>
2024-09-05T08:39:50Z</time>
</trkpt>
<trkpt lon = "118.27690492020767" lat = "24.6147728548215">
<ele>
15.596198847517371</ele>
<speed>
10.034725039293054</speed>
<time>
2024-09-05T08:39:51Z</time>
</trkpt>
<trkpt lon = "118.27693731421465" lat = "24.61486651599899">
<ele>
14.876940463669598</ele>
<speed>
10.319831498163802</speed>
<time>
2024-09-05T08:39:52Z</time>
</trkpt>
<trkpt lat = "24.61496671845773" lon = "118.276962662874">
<ele>
14.020956899039447</ele>
<speed>
10.447267901210594</speed>
<time>
2024-09-05T08:39:53Z</time>
</trkpt>
<trkpt lat = "24.61506025926403" lon = "118.27699736832126">
<ele>
13.189448790624738</ele>
<speed>
10.476180553181546</speed>
<time>
2024-09-05T08:39:54Z</time>
</trkpt>
<trkpt lat = "24.61515082214175" lon = "118.2770305729832">
<ele>
12.37174918036908</ele>
<speed>
10.466735655407096</speed>
<time>
2024-09-05T08:39:55Z</time>
</trkpt>
<trkpt lon = "118.27706223922482" lat = "24.615245257246702">
<ele>
11.778435689397156</ele>
<speed>
10.475484617522357</speed>
<time>
2024-09-05T08:39:56Z</time>
</trkpt>
<trkpt lat = "24.61534555389236" lon = "118.27709414450999">
<ele>
11.375130207277834</ele>
<speed>
10.45328619879284</speed>
<time>
2024-09-05T08:39:57Z</time>
</trkpt>
<trkpt lat = "24.615443416409022" lon = "118.27713479113412">
<ele>
11.063543450087309</ele>
<speed>
10.392326541295306</speed>
<time>
2024-09-05T08:39:58Z</time>
</trkpt>
<trkpt lat = "24.61552947760586" lon = "118.27718943329565">
<ele>
10.94133188109845</ele>
<speed>
10.197874123625535</speed>
<time>
2024-09-05T08:39:59Z</time>
</trkpt>
<trkpt lat = "24.615615325238142" lon = "118.27722866303884">
<ele>
10.620052582584321</ele>
<speed>
9.967660948084676</speed>
<time>
2024-09-05T08:40:00Z</time>
</trkpt>
<trkpt lat = "24.615699320024014" lon = "118.27726508679201">
<ele>
10.50002031121403</ele>
<speed>
9.795437306456025</speed>
<time>
2024-09-05T08:40:01Z</time>
</trkpt>
<trkpt lon = "118.27730185502578" lat = "24.615779838859062">
<ele>
10.380565138533711</ele>
<speed>
9.6516057239568</speed>
<time>
2024-09-05T08:40:02Z</time>
</trkpt>
<trkpt lat = "24.61585732243185" lon = "118.2773371541753">
<ele>
10.33582164440304</ele>
<speed>
9.341127716137231</speed>
<time>
2024-09-05T08:40:03Z</time>
</trkpt>
<trkpt lat = "24.615928441329842" lon = "118.27736455385546">
<ele>
10.405407431535423</ele>
<speed>
8.829680990973296</speed>
<time>
2024-09-05T08:40:04Z</time>
</trkpt>
<trkpt lat = "24.616000307964185" lon = "118.27739537013632">
<ele>
10.405029223300517</ele>
<speed>
8.477071631006096</speed>
<time>
2024-09-05T08:40:05Z</time>
</trkpt>
<trkpt lon = "118.27742314509386" lat = "24.616070985052033">
<ele>
10.407633711583912</ele>
<speed>
8.258537244757807</speed>
<time>
2024-09-05T08:40:06Z</time>
</trkpt>
<trkpt lat = "24.61614711329686" lon = "118.27744940270833">
<ele>
10.631228511221707</ele>
<speed>
8.072928294825596</speed>
<time>
2024-09-05T08:40:07Z</time>
</trkpt>
<trkpt lat = "24.616225771398668" lon = "118.2774722739456">
<ele>
10.803245103918016</ele>
<speed>
8.041018494302422</speed>
<time>
2024-09-05T08:40:08Z</time>
</trkpt>
<trkpt lat = "24.616295234853958" lon = "118.27749916523035">
<ele>
11.11176024749875</ele>
<speed>
7.990076290652828</speed>
<time>
2024-09-05T08:40:09Z</time>
</trkpt>
<trkpt lat = "24.61637180793373" lon = "118.27752419888759">
<ele>
11.132825005799532</ele>
<speed>
8.024037158946488</speed>
<time>
2024-09-05T08:40:10Z</time>
</trkpt>
<trkpt lat = "24.61644627468888" lon = "118.27754144818327">
<ele>
11.342959830537438</ele>
<speed>
8.02216654782726</speed>
<time>
2024-09-05T08:40:11Z</time>
</trkpt>
<trkpt lon = "118.27756877931256" lat = "24.616510878450317">
<ele>
11.559465392492712</ele>
<speed>
8.135171750066196</speed>
<time>
2024-09-05T08:40:12Z</time>
</trkpt>
<trkpt lat = "24.616582627820094" lon = "118.27759986406576">
<ele>
11.703548268415034</ele>
<speed>
8.23650700319785</speed>
<time>
2024-09-05T08:40:13Z</time>
</trkpt>
<trkpt lon = "118.27762633438797" lat = "24.616658687255335">
<ele>
12.033967887051404</ele>
<speed>
8.354615830545473</speed>
<time>
2024-09-05T08:40:14Z</time>
</trkpt>
<trkpt lat = "24.616733241040606" lon = "118.27766235424063">
<ele>
12.13485206849873</ele>
<speed>
8.506119357778454</speed>
<time>
2024-09-05T08:40:15Z</time>
</trkpt>
<trkpt lat = "24.61681209032901" lon = "118.27769286139629">
<ele>
12.573748260736465</ele>
<speed>
8.78594007293407</speed>
<time>
2024-09-05T08:40:16Z</time>
</trkpt>
<trkpt lat = "24.616892580769793" lon = "118.2777258976496">
<ele>
12.674594828858972</ele>
<speed>
9.065301282139636</speed>
<time>
2024-09-05T08:40:17Z</time>
</trkpt>
<trkpt lat = "24.61697926067644" lon = "118.2777589530831">
<ele>
12.976436328142881</ele>
<speed>
9.390057743466663</speed>
<time>
2024-09-05T08:40:18Z</time>
</trkpt>
<trkpt lon = "118.27779106623755" lat = "24.617065047698958">
<ele>
13.26210689265281</ele>
<speed>
9.685381678874315</speed>
<time>
2024-09-05T08:40:19Z</time>
</trkpt>
<trkpt lon = "118.27782118730521" lat = "24.617151399535892">
<ele>
13.616916792467237</ele>
<speed>
9.879683845141345</speed>
<time>
2024-09-05T08:40:20Z</time>
</trkpt>
<trkpt lat = "24.617238269691057" lon = "118.2778490856665">
<ele>
13.801123203709722</ele>
<speed>
9.977325504156727</speed>
<time>
2024-09-05T08:40:21Z</time>
</trkpt>
<trkpt lat = "24.617325773841966" lon = "118.27788190869956">
<ele>
13.7067452929914</ele>
<speed>
10.145140133110417</speed>
<time>
2024-09-05T08:40:22Z</time>
</trkpt>
<trkpt lat = "24.617411440151557" lon = "118.27791565405504">
<ele>
13.730043911375105</ele>
<speed>
10.253038841910463</speed>
<time>
2024-09-05T08:40:23Z</time>
</trkpt>
<trkpt lat = "24.617502538395307" lon = "118.27794693689177">
<ele>
13.936466099694371</ele>
<speed>
10.364542134530147</speed>
<time>
2024-09-05T08:40:24Z</time>
</trkpt>
<trkpt lat = "24.617593250587735" lon = "118.2779778599709">
<ele>
14.15476220101118</ele>
<speed>
10.459455556431694</speed>
<time>
2024-09-05T08:40:25Z</time>
</trkpt>
<trkpt lat = "24.61768064482585" lon = "118.27801209907112">
<ele>
14.336289656348526</ele>
<speed>
10.43819175417072</speed>
<time>
2024-09-05T08:40:26Z</time>
</trkpt>
<trkpt lon = "118.27804237450499" lat = "24.617772053888103">
<ele>
14.529095540754497</ele>
<speed>
10.50754507375885</speed>
<time>
2024-09-05T08:40:27Z</time>
</trkpt>
<trkpt lon = "118.2780769503604" lat = "24.6178661426457">
<ele>
14.744441874325275</ele>
<speed>
10.659261651119166</speed>
<time>
2024-09-05T08:40:28Z</time>
</trkpt>
<trkpt lon = "118.27810808725721" lat = "24.61795798567859">
<ele>
14.638848041184247</ele>
<speed>
10.702323479507884</speed>
<time>
2024-09-05T08:40:29Z</time>
</trkpt>
<trkpt lat = "24.61805405365201" lon = "118.27812460891148">
<ele>
14.702506459318101</ele>
<speed>
10.705022662809164</speed>
<time>
2024-09-05T08:40:30Z</time>
</trkpt>
<trkpt lat = "24.61813625970713" lon = "118.27814855373055">
<ele>
14.825310800224543</ele>
<speed>
10.351883210616664</speed>
<time>
2024-09-05T08:40:31Z</time>
</trkpt>
<trkpt lat = "24.618237180776948" lon = "118.2781674905359">
<ele>
15.252703236415982</ele>
<speed>
10.497549332792135</speed>
<time>
2024-09-05T08:40:32Z</time>
</trkpt>
<trkpt lat = "24.618348440545077" lon = "118.27818723024147">
<ele>
15.032453651539981</ele>
<speed>
11.017256041771057</speed>
<time>
2024-09-05T08:40:33Z</time>
</trkpt>
<trkpt lat = "24.618456686485665" lon = "118.27821101336323">
<ele>
15.347712391987443</ele>
<speed>
11.251682127983813</speed>
<time>
2024-09-05T08:40:34Z</time>
</trkpt>
<trkpt lat = "24.618555766986443" lon = "118.27823408064147">
<ele>
15.666109358891845</ele>
<speed>
11.176952832657364</speed>
<time>
2024-09-05T08:40:35Z</time>
</trkpt>
<trkpt lon = "118.27825341958913" lat = "24.61865529251172">
<ele>
15.45920371543616</ele>
<speed>
11.009015744254235</speed>
<time>
2024-09-05T08:40:36Z</time>
</trkpt>
<trkpt lat = "24.618752163143892" lon = "118.27827517887737">
<ele>
15.699224272742867</ele>
<speed>
10.85439746288291</speed>
<time>
2024-09-05T08:40:37Z</time>
</trkpt>
<trkpt lat = "24.618848260643748" lon = "118.27829205401619">
<ele>
15.924332552589476</ele>
<speed>
10.864222237898584</speed>
<time>
2024-09-05T08:40:38Z</time>
</trkpt>
<trkpt lon = "118.27831087714857" lat = "24.61894235093973">
<ele>
16.314884562045336</ele>
<speed>
10.832571125030828</speed>
<time>
2024-09-05T08:40:39Z</time>
</trkpt>
<trkpt lat = "24.619028124214005" lon = "118.27833058435418">
<ele>
16.383772880770266</ele>
<speed>
10.603203042733915</speed>
<time>
2024-09-05T08:40:40Z</time>
</trkpt>
<trkpt lon = "118.27835127427403" lat = "24.619119819097442">
<ele>
16.798319276422262</ele>
<speed>
10.573040846638454</speed>
<time>
2024-09-05T08:40:41Z</time>
</trkpt>
<trkpt lon = "118.27836583829381" lat = "24.61921399063348">
<ele>
17.160550763830543</ele>
<speed>
10.62834077369863</speed>
<time>
2024-09-05T08:40:42Z</time>
</trkpt>
<trkpt lon = "118.27838354979252" lat = "24.619303461123845">
<ele>
17.106234651058912</ele>
<speed>
10.536387359419944</speed>
<time>
2024-09-05T08:40:43Z</time>
</trkpt>
<trkpt lon = "118.27840210332117" lat = "24.61939320865112">
<ele>
16.867489885538816</ele>
<speed>
10.454823165899072</speed>
<time>
2024-09-05T08:40:44Z</time>
</trkpt>
<trkpt lat = "24.61949139405489" lon = "118.27842135471921">
<ele>
16.78342558350414</ele>
<speed>
10.461589835653864</speed>
<time>
2024-09-05T08:40:45Z</time>
</trkpt>
<trkpt lon = "118.27844182117751" lat = "24.619588138967217">
<ele>
17.185254899784923</ele>
<speed>
10.533171455194244</speed>
<time>
2024-09-05T08:40:46Z</time>
</trkpt>
<trkpt lat = "24.619683512684393" lon = "118.27846591122129">
<ele>
17.13652925658971</ele>
<speed>
10.446424329809254</speed>
<time>
2024-09-05T08:40:47Z</time>
</trkpt>
<trkpt lat = "24.619773516966738" lon = "118.27848672063683">
<ele>
17.275391415692866</ele>
<speed>
10.281118557202422</speed>
<time>
2024-09-05T08:40:48Z</time>
</trkpt>
<trkpt lon = "118.27850495837691" lat = "24.61986262027753">
<ele>
16.753126594237983</ele>
<speed>
9.97962003268898</speed>
<time>
2024-09-05T08:40:49Z</time>
</trkpt>
<trkpt lat = "24.619950503043537" lon = "118.27852042807484">
<ele>
16.990456024184823</ele>
<speed>
9.856079390662618</speed>
<time>
2024-09-05T08:40:50Z</time>
</trkpt>
<trkpt lon = "118.2785350986171" lat = "24.620033746319756">
<ele>
17.2923653004691</ele>
<speed>
9.646302002214098</speed>
<time>
2024-09-05T08:40:51Z</time>
</trkpt>
<trkpt lon = "118.27854440279243" lat = "24.62011754381277">
<ele>
17.514534013345838</ele>
<speed>
9.441598633993598</speed>
<time>
2024-09-05T08:40:52Z</time>
</trkpt>
<trkpt lat = "24.620185416706658" lon = "118.27856211743257">
<ele>
17.629226910881698</ele>
<speed>
8.819061503961255</speed>
<time>
2024-09-05T08:40:53Z</time>
</trkpt>
<trkpt lon = "118.27858094037082" lat = "24.62023031437948">
<ele>
17.56028849352151</ele>
<speed>
7.784249004568068</speed>
<time>
2024-09-05T08:40:54Z</time>
</trkpt>
<trkpt lat = "24.620283630391018" lon = "118.27858697040774">
<ele>
17.466236382722855</ele>
<speed>
6.780680099487119</speed>
<time>
2024-09-05T08:40:55Z</time>
</trkpt>
<trkpt lat = "24.62033461655438" lon = "118.2785817460617">
<ele>
17.39660367835313</ele>
<speed>
5.62603752628414</speed>
<time>
2024-09-05T08:40:56Z</time>
</trkpt>
<trkpt lon = "118.27858313350448" lat = "24.620369927762116">
<ele>
17.439700508490205</ele>
<speed>
4.771597938388355</speed>
<time>
2024-09-05T08:40:57Z</time>
</trkpt>
<trkpt lon = "118.27858994720042" lat = "24.620403264754074">
<ele>
17.848094433546066</ele>
<speed>
4.289483193508179</speed>
<time>
2024-09-05T08:40:58Z</time>
</trkpt>
<trkpt lat = "24.6204382123242" lon = "118.27859646832178">
<ele>
17.925070562399924</ele>
<speed>
3.9583254868949034</speed>
<time>
2024-09-05T08:40:59Z</time>
</trkpt>
<trkpt lat = "24.62047962306008" lon = "118.27860933803053">
<ele>
18.236834412440658</ele>
<speed>
4.2253041413374754</speed>
<time>
2024-09-05T08:41:00Z</time>
</trkpt>
<trkpt lon = "118.27862349254606" lat = "24.6205286023252">
<ele>
18.608328855596483</ele>
<speed>
4.677910058820312</speed>
<time>
2024-09-05T08:41:01Z</time>
</trkpt>
<trkpt lat = "24.620582286286538" lon = "118.27863268851452">
<ele>
18.71898680832237</ele>
<speed>
5.233188375281345</speed>
<time>
2024-09-05T08:41:02Z</time>
</trkpt>
<trkpt lon = "118.27864025273394" lat = "24.620638908899792">
<ele>
18.99393389839679</ele>
<speed>
5.685758044000387</speed>
<time>
2024-09-05T08:41:03Z</time>
</trkpt>
<trkpt lat = "24.620699720182188" lon = "118.27864972525867">
<ele>
19.06980042066425</ele>
<speed>
6.395266888742447</speed>
<time>
2024-09-05T08:41:04Z</time>
</trkpt>
<trkpt lat = "24.62076383142203" lon = "118.2786628692574">
<ele>
19.054609303362668</ele>
<speed>
6.808528567476289</speed>
<time>
2024-09-05T08:41:05Z</time>
</trkpt>
<trkpt lat = "24.620829598064702" lon = "118.27868008973277">
<ele>
19.16338084358722</ele>
<speed>
7.1243673630899105</speed>
<time>
2024-09-05T08:41:06Z</time>
</trkpt>
<trkpt lat = "24.620894679844906" lon = "118.27869333684122">
<ele>
19.32147005572915</ele>
<speed>
7.079147414340601</speed>
<time>
2024-09-05T08:41:07Z</time>
</trkpt>
<trkpt lat = "24.620954572988904" lon = "118.27870446236885">
<ele>
19.221575922332704</ele>
<speed>
6.681918740562363</speed>
<time>
2024-09-05T08:41:08Z</time>
</trkpt>
<trkpt lon = "118.27871047541088" lat = "24.62101800695341">
<ele>
19.13840366061777</ele>
<speed>
6.691820572366524</speed>
<time>
2024-09-05T08:41:09Z</time>
</trkpt>
<trkpt lon = "118.2787133786977" lat = "24.621078902823445">
<ele>
18.91373013239354</ele>
<speed>
6.463986961565338</speed>
<time>
2024-09-05T08:41:10Z</time>
</trkpt>
<trkpt lon = "118.2787194797281" lat = "24.62113461345691">
<ele>
19.20387488603592</ele>
<speed>
6.184403272880926</speed>
<time>
2024-09-05T08:41:11Z</time>
</trkpt>
<trkpt lat = "24.62118369644651" lon = "118.27873552477192">
<ele>
19.499770150519907</ele>
<speed>
5.876948963363034</speed>
<time>
2024-09-05T08:41:12Z</time>
</trkpt>
<trkpt lon = "118.2787555339528" lat = "24.621236894815365">
<ele>
19.6631961138919</ele>
<speed>
5.885433028969659</speed>
<time>
2024-09-05T08:41:13Z</time>
</trkpt>
<trkpt lat = "24.621293925416612" lon = "118.27876808413156">
<ele>
20.12096645962447</ele>
<speed>
6.124667947212874</speed>
<time>
2024-09-05T08:41:14Z</time>
</trkpt>
<trkpt lon = "118.27878189466145" lat = "24.621356716079934">
<ele>
20.07283379789442</ele>
<speed>
6.507227894790458</speed>
<time>
2024-09-05T08:41:15Z</time>
</trkpt>
<trkpt lat = "24.621419792163515" lon = "118.27879878089446">
<ele>
20.49261359963566</ele>
<speed>
6.882674502229618</speed>
<time>
2024-09-05T08:41:16Z</time>
</trkpt>
<trkpt lat = "24.62148653761615" lon = "118.27880996249841">
<ele>
20.560427682474256</ele>
<speed>
7.188792145128716</speed>
<time>
2024-09-05T08:41:17Z</time>
</trkpt>
<trkpt lon = "118.27881880671235" lat = "24.6215567258043">
<ele>
20.717534746974707</ele>
<speed>
7.46918748202565</speed>
<time>
2024-09-05T08:41:18Z</time>
</trkpt>
<trkpt lon = "118.27883427654146" lat = "24.621627056566943">
<ele>
21.071029795333743</ele>
<speed>
7.72976850031375</speed>
<time>
2024-09-05T08:41:19Z</time>
</trkpt>
<trkpt lon = "118.27884417611571" lat = "24.621696597923016">
<ele>
21.26799209229648</ele>
<speed>
7.762371740871462</speed>
<time>
2024-09-05T08:41:20Z</time>
</trkpt>
<trkpt lat = "24.621764550913458" lon = "118.27885779967446">
<ele>
21.41821828391403</ele>
<speed>
7.621693171853157</speed>
<time>
2024-09-05T08:41:21Z</time>
</trkpt>
<trkpt lon = "118.27887495331946" lat = "24.621825871064544">
<ele>
21.970462624914944</ele>
<speed>
7.380994939972539</speed>
<time>
2024-09-05T08:41:22Z</time>
</trkpt>
<trkpt lat = "24.62188489055424" lon = "118.27889036215878">
<ele>
22.373776003718376</ele>
<speed>
7.081044819884551</speed>
<time>
2024-09-05T08:41:23Z</time>
</trkpt>
<trkpt lat = "24.62193965568547" lon = "118.27889691438574">
<ele>
22.49869703222066</ele>
<speed>
6.510617685888228</speed>
<time>
2024-09-05T08:41:24Z</time>
</trkpt>
<trkpt lat = "24.621984898239123" lon = "118.27890213943914">
<ele>
22.724710044451058</ele>
<speed>
5.809055666657561</speed>
<time>
2024-09-05T08:41:25Z</time>
</trkpt>
<trkpt lon = "118.2789067325713" lat = "24.622033011706755">
<ele>
22.60998895112425</ele>
<speed>
5.581185124370843</speed>
<time>
2024-09-05T08:41:26Z</time>
</trkpt>
<trkpt lon = "118.27892520675233" lat = "24.622077810963855">
<ele>
22.552320947870612</ele>
<speed>
5.4184314288821565</speed>
<time>
2024-09-05T08:41:27Z</time>
</trkpt>
<trkpt lat = "24.622123120558452" lon = "118.27894231993218">
<ele>
22.833148046396673</ele>
<speed>
5.286334620126223</speed>
<time>
2024-09-05T08:41:28Z</time>
</trkpt>
<trkpt lon = "118.27895434606761" lat = "24.622158984006916">
<ele>
23.147130875848234</ele>
<speed>
4.80570060082379</speed>
<time>
2024-09-05T08:41:29Z</time>
</trkpt>
<trkpt lon = "118.27896471704136" lat = "24.6221932042454">
<ele>
23.314667007885873</ele>
<speed>
4.28236327343597</speed>
<time>
2024-09-05T08:41:30Z</time>
</trkpt>
<trkpt lon = "118.27896917607718" lat = "24.622230925094396">
<ele>
23.138294481672347</ele>
<speed>
4.028001323087551</speed>
<time>
2024-09-05T08:41:31Z</time>
</trkpt>
<trkpt lon = "118.27897761567752" lat = "24.622263271673983">
<ele>
23.372068110853434</ele>
<speed>
3.5825495688807174</speed>
<time>
2024-09-05T08:41:32Z</time>
</trkpt>
<trkpt lat = "24.622276957599695" lon = "118.27897444346195">
<ele>
23.233144925907254</ele>
<speed>
2.57188246427454</speed>
<time>
2024-09-05T08:41:33Z</time>
</trkpt>
<trkpt lat = "24.622298681668724" lon = "118.27897768378213">
<ele>
23.306731825694442</ele>
<speed>
2.3536197986880074</speed>
<time>
2024-09-05T08:41:34Z</time>
</trkpt>
<trkpt lat = "24.62233043359959" lon = "118.27898031281873">
<ele>
23.38728141784668</ele>
<speed>
2.719589105638634</speed>
<time>
2024-09-05T08:41:35Z</time>
</trkpt>
<trkpt lon = "118.27899240218227" lat = "24.622368197730086">
<ele>
23.43901900295168</ele>
<speed>
3.1988378420997314</speed>
<time>
2024-09-05T08:41:36Z</time>
</trkpt>
<trkpt lat = "24.622398070794645" lon = "118.27900410603672">
<ele>
24.26348332129419</ele>
<speed>
3.2297635489886045</speed>
<time>
2024-09-05T08:41:37Z</time>
</trkpt>
<trkpt lon = "118.27899841682047" lat = "24.62242723403885">
<ele>
24.15716010518372</ele>
<speed>
3.1284065974147666</speed>
<time>
2024-09-05T08:41:38Z</time>
</trkpt>
<trkpt lon = "118.27900011305255" lat = "24.6224489893593">
<ele>
23.972621879540384</ele>
<speed>
2.815860070067376</speed>
<time>
2024-09-05T08:41:39Z</time>
</trkpt>
<trkpt lat = "24.62247131153356" lon = "118.27898834197056">
<ele>
23.94041611906141</ele>
<speed>
2.6735230527054346</speed>
<time>
2024-09-05T08:41:40Z</time>
</trkpt>
<trkpt lat = "24.622482907756414" lon = "118.27898426802511">
<ele>
24.116051306016743</ele>
<speed>
2.179430920063702</speed>
<time>
2024-09-05T08:41:41Z</time>
</trkpt>
<trkpt lat = "24.62250084509096" lon = "118.27897452916496">
<ele>
24.10957008227706</ele>
<speed>
2.145457876399558</speed>
<time>
2024-09-05T08:41:42Z</time>
</trkpt>
<trkpt lon = "118.2789788036855" lat = "24.62252356686715">
<ele>
24.188007746823132</ele>
<speed>
2.2781836346894737</speed>
<time>
2024-09-05T08:41:43Z</time>
</trkpt>
<trkpt lat = "24.62254362581889" lon = "118.27898682842016">
<ele>
24.162390570156276</ele>
<speed>
2.187028636541765</speed>
<time>
2024-09-05T08:41:44Z</time>
</trkpt>
<trkpt lat = "24.62256860741114" lon = "118.27900639191577">
<ele>
24.63146343640983</ele>
<speed>
2.244846298712974</speed>
<time>
2024-09-05T08:41:45Z</time>
</trkpt>
<trkpt lat = "24.622597685099592" lon = "118.27903659080468">
<ele>
24.680772083811462</ele>
<speed>
2.7512868302559936</speed>
<time>
2024-09-05T08:41:46Z</time>
</trkpt>
<trkpt lat = "24.622616894540705" lon = "118.2790685059545">
<ele>
24.78999815043062</ele>
<speed>
3.0930002745399374</speed>
<time>
2024-09-05T08:41:47Z</time>
</trkpt>
<trkpt lon = "118.27910109588719" lat = "24.62262027781419">
<ele>
24.828228016383946</ele>
<speed>
2.8061613227049484</speed>
<time>
2024-09-05T08:41:48Z</time>
</trkpt>
<trkpt lon = "118.27911329018949" lat = "24.62262352012773">
<ele>
24.623382105492055</ele>
<speed>
1.9451434186883605</speed>
<time>
2024-09-05T08:41:49Z</time>
</trkpt>
<trkpt lat = "24.622626978361215" lon = "118.2791179787225">
<ele>
24.72703563608229</ele>
<speed>
1.0859949963473283</speed>
<time>
2024-09-05T08:41:50Z</time>
</trkpt>
<trkpt lat = "24.622628475349455" lon = "118.27911255678596">
<ele>
24.693134704604745</ele>
<speed>
0.2548555973082601</speed>
<time>
2024-09-05T08:41:51Z</time>
</trkpt>
<trkpt lat = "24.622629832808276" lon = "118.27910659409272">
<ele>
24.872585420496762</ele>
<speed>
0.024444655627535065</speed>
<time>
2024-09-05T08:41:52Z</time>
</trkpt>
<trkpt lon = "118.27909988112911" lat = "24.622631043169374">
<ele>
24.88430448807776</ele>
<speed>
0.034990007365091384</speed>
<time>
2024-09-05T08:41:53Z</time>
</trkpt>
<trkpt lat = "24.62263095309944" lon = "118.27909122576958">
<ele>
25.04305894859135</ele>
<speed>
0.06214650497124241</speed>
<time>
2024-09-05T08:41:54Z</time>
</trkpt>
<trkpt lon = "118.27908053902065" lat = "24.62263282543749">
<ele>
24.87501043267548</ele>
<speed>
0.07820939166640091</speed>
<time>
2024-09-05T08:41:55Z</time>
</trkpt>
<trkpt lat = "24.622631955469306" lon = "118.27906839049008">
<ele>
25.023354937322438</ele>
<speed>
0.052388601539520706</speed>
<time>
2024-09-05T08:41:56Z</time>
</trkpt>
<trkpt lat = "24.62263186568726" lon = "118.27906187295076">
<ele>
25.086637780070305</ele>
<speed>
0.07002820924515848</speed>
<time>
2024-09-05T08:41:57Z</time>
</trkpt>
<trkpt lat = "24.622626247964924" lon = "118.27906056212942">
<ele>
25.04711217060685</ele>
<speed>
0.029290629625012055</speed>
<time>
2024-09-05T08:41:58Z</time>
</trkpt>
<trkpt lat = "24.62262567097435" lon = "118.27905938779128">
<ele>
25.044950572773814</ele>
<speed>
0.01806002038475975</speed>
<time>
2024-09-05T08:41:59Z</time>
</trkpt>
<trkpt lon = "118.27905879217441" lat = "24.622623997026135">
<ele>
25.036395869217813</ele>
<speed>
0.19038699551572294</speed>
<time>
2024-09-05T08:42:00Z</time>
</trkpt>
<trkpt lat = "24.62261780034232" lon = "118.27906050578282">
<ele>
25.055993891321123</ele>
<speed>
0.06456827519045896</speed>
<time>
2024-09-05T08:42:01Z</time>
</trkpt>
<trkpt lon = "118.27906076824321" lat = "24.622617357361975">
<ele>
25.05435388442129</ele>
<speed>
0.0</speed>
<time>
2024-09-05T08:42:02Z</time>
</trkpt>
<trkpt lat = "24.62261827598428" lon = "118.2790643669108">
<ele>
25.09833882097155</ele>
<speed>
0.27874345014680607</speed>
<time>
2024-09-05T08:42:03Z</time>
</trkpt>
<trkpt lon = "118.27906539009453" lat = "24.62261753935322">
<ele>
25.23213654011488</ele>
<speed>
0.29905599259401794</speed>
<time>
2024-09-05T08:42:04Z</time>
</trkpt>
<trkpt lat = "24.62261736293353" lon = "118.27906904948676">
<ele>
25.16536185890436</ele>
<speed>
0.33103253112429953</speed>
<time>
2024-09-05T08:42:05Z</time>
</trkpt>
<trkpt lat = "24.622617206161166" lon = "118.27907544296802">
<ele>
25.241429209709167</ele>
<speed>
0.3433655854528307</speed>
<time>
2024-09-05T08:42:06Z</time>
</trkpt>
<trkpt lat = "24.62262095945536" lon = "118.27908093014527">
<ele>
25.264302467927337</ele>
<speed>
0.4485400649267035</speed>
<time>
2024-09-05T08:42:07Z</time>
</trkpt>
<trkpt lat = "24.622628130865568" lon = "118.279091496128">
<ele>
25.55603071115911</ele>
<speed>
1.0350637814283037</speed>
<time>
2024-09-05T08:42:08Z</time>
</trkpt>
<trkpt lat = "24.622629588950037" lon = "118.27910748284998">
<ele>
25.399330547079444</ele>
<speed>
1.3815723687797397</speed>
<time>
2024-09-05T08:42:09Z</time>
</trkpt>
<trkpt lat = "24.62262886740553" lon = "118.27912867029481">
<ele>
25.711743195541203</ele>
<speed>
1.67295065431382</speed>
<time>
2024-09-05T08:42:10Z</time>
</trkpt>
<trkpt lon = "118.27914798238164" lat = "24.622635783723197">
<ele>
25.741736160591245</ele>
<speed>
1.9251224681075634</speed>
<time>
2024-09-05T08:42:11Z</time>
</trkpt>
<trkpt lat = "24.622650131853945" lon = "118.27917208838586">
<ele>
25.848335131071508</ele>
<speed>
2.305578293534348</speed>
<time>
2024-09-05T08:42:12Z</time>
</trkpt>
<trkpt lon = "118.27920255069913" lat = "24.62264859734636">
<ele>
25.824532924219966</ele>
<speed>
2.430266984836289</speed>
<time>
2024-09-05T08:42:13Z</time>
</trkpt>
<trkpt lat = "24.62264829970634" lon = "118.27923346010438">
<ele>
25.77791408728808</ele>
<speed>
2.626995491914576</speed>
<time>
2024-09-05T08:42:14Z</time>
</trkpt>
<trkpt lat = "24.622643522690183" lon = "118.2792685243925">
<ele>
25.669235875830054</ele>
<speed>
2.965843227540286</speed>
<time>
2024-09-05T08:42:15Z</time>
</trkpt>
<trkpt lon = "118.27930150302699" lat = "24.6226393546227">
<ele>
25.767429064959288</ele>
<speed>
3.1574575707934467</speed>
<time>
2024-09-05T08:42:16Z</time>
</trkpt>
<trkpt lon = "118.27933357154647" lat = "24.622629012184564">
<ele>
25.59111242927611</ele>
<speed>
3.251559927438114</speed>
<time>
2024-09-05T08:42:17Z</time>
</trkpt>
<trkpt lon = "118.27936926971846" lat = "24.622623448062573">
<ele>
25.401441663503647</ele>
<speed>
3.4620462599170434</speed>
<time>
2024-09-05T08:42:18Z</time>
</trkpt>
<trkpt lon = "118.27940829161487" lat = "24.62262285460246">
<ele>
25.560882134363055</ele>
<speed>
3.5137476562170447</speed>
<time>
2024-09-05T08:42:19Z</time>
</trkpt>
<trkpt lat = "24.622629673564624" lon = "118.27944591685316">
<ele>
25.355578172951937</ele>
<speed>
3.317607337507874</speed>
<time>
2024-09-05T08:42:20Z</time>
</trkpt>
<trkpt lat = "24.62263409116624" lon = "118.27947645708221">
<ele>
25.325633635744452</ele>
<speed>
3.1622431588632476</speed>
<time>
2024-09-05T08:42:21Z</time>
</trkpt>
<trkpt lon = "118.27950644940582" lat = "24.622645062420077">
<ele>
25.280765215866268</ele>
<speed>
3.149847874101159</speed>
<time>
2024-09-05T08:42:22Z</time>
</trkpt>
<trkpt lat = "24.622658667964892" lon = "118.27953305995649">
<ele>
25.57062792778015</ele>
<speed>
3.112215949169534</speed>
<time>
2024-09-05T08:42:23Z</time>
</trkpt>
<trkpt lat = "24.622671467391843" lon = "118.27955396727877">
<ele>
25.55919456575066</ele>
<speed>
3.0141400550342894</speed>
<time>
2024-09-05T08:42:24Z</time>
</trkpt>
<trkpt lon = "118.27957701727401" lat = "24.622687084159907">
<ele>
25.617900184355676</ele>
<speed>
3.135503441872078</speed>
<time>
2024-09-05T08:42:25Z</time>
</trkpt>
<trkpt lat = "24.622706209781782" lon = "118.27960564931801">
<ele>
25.797752387821674</ele>
<speed>
3.345444961296016</speed>
<time>
2024-09-05T08:42:26Z</time>
</trkpt>
<trkpt lat = "24.622728640473778" lon = "118.2796323287833">
<ele>
26.098067559301853</ele>
<speed>
3.5172191239680797</speed>
<time>
2024-09-05T08:42:27Z</time>
</trkpt>
<trkpt lat = "24.622757012502905" lon = "118.27965560688394">
<ele>
25.975248193368316</ele>
<speed>
3.617644129274867</speed>
<time>
2024-09-05T08:42:28Z</time>
</trkpt>
<trkpt lon = "118.27966740062071" lat = "24.622781442095732">
<ele>
26.040954476222396</ele>
<speed>
3.2636885918205136</speed>
<time>
2024-09-05T08:42:29Z</time>
</trkpt>
<trkpt lon = "118.279686758756" lat = "24.622818301683875">
<ele>
26.095145226456225</ele>
<speed>
3.6657749063000002</speed>
<time>
2024-09-05T08:42:30Z</time>
</trkpt>
<trkpt lat = "24.62286452651546" lon = "118.27969808635443">
<ele>
26.16391613613814</ele>
<speed>
4.223924556268282</speed>
<time>
2024-09-05T08:42:31Z</time>
</trkpt>
<trkpt lon = "118.27970727134768" lat = "24.622904267025866">
<ele>
25.90312387049198</ele>
<speed>
4.30782227738487</speed>
<time>
2024-09-05T08:42:32Z</time>
</trkpt>
<trkpt lon = "118.27972003856576" lat = "24.622943511096928">
<ele>
25.788078974932432</ele>
<speed>
4.147324895001144</speed>
<time>
2024-09-05T08:42:33Z</time>
</trkpt>
<trkpt lat = "24.62298773667136" lon = "118.27972015061775">
<ele>
26.102804942056537</ele>
<speed>
4.038458805187648</speed>
<time>
2024-09-05T08:42:34Z</time>
</trkpt>
<trkpt lat = "24.623032628975785" lon = "118.2796976173548">
<ele>
26.14215951692313</ele>
<speed>
3.7957653167780494</speed>
<time>
2024-09-05T08:42:35Z</time>
</trkpt>
<trkpt lat = "24.623065384048243" lon = "118.27968133197734">
<ele>
26.65046649519354</ele>
<speed>
3.2182546013738595</speed>
<time>
2024-09-05T08:42:36Z</time>
</trkpt>
<trkpt lat = "24.62308187818991" lon = "118.27966578141228">
<ele>
26.78426641598344</ele>
<speed>
2.4107023017871514</speed>
<time>
2024-09-05T08:42:37Z</time>
</trkpt>
<trkpt lon = "118.27965927592533" lat = "24.623088251835455">
<ele>
27.05929934233427</ele>
<speed>
1.6536299277227202</speed>
<time>
2024-09-05T08:42:38Z</time>
</trkpt>
<trkpt lat = "24.623103192356563" lon = "118.27964998189482">
<ele>
27.08954770397395</ele>
<speed>
1.5804326399667852</speed>
<time>
2024-09-05T08:42:39Z</time>
</trkpt>
<trkpt lat = "24.62311247660456" lon = "118.279644917625">
<ele>
27.14346179459244</ele>
<speed>
1.34031384826549</speed>
<time>
2024-09-05T08:42:40Z</time>
</trkpt>
<trkpt lon = "118.27965015824424" lat = "24.62312834621632">
<ele>
27.199181728065014</ele>
<speed>
1.4744926468295498</speed>
<time>
2024-09-05T08:42:41Z</time>
</trkpt>
<trkpt lon = "118.27966660083095" lat = "24.62315515853402">
<ele>
27.45330734178424</ele>
<speed>
1.8605424491875766</speed>
<time>
2024-09-05T08:42:42Z</time>
</trkpt>
<trkpt lat = "24.623184988587596" lon = "118.27968469742885">
<ele>
27.71438626293093</ele>
<speed>
2.334834706321943</speed>
<time>
2024-09-05T08:42:43Z</time>
</trkpt>
<trkpt lat = "24.623211508499182" lon = "118.27971139930195">
<ele>
27.29056714847684</ele>
<speed>
2.68163735488559</speed>
<time>
2024-09-05T08:42:44Z</time>
</trkpt>
<trkpt lat = "24.623242181482084" lon = "118.27973905461721">
<ele>
27.666096567176282</ele>
<speed>
3.2438738956551054</speed>
<time>
2024-09-05T08:42:45Z</time>
</trkpt>
<trkpt lat = "24.62327299617362" lon = "118.2797724485467">
<ele>
27.74621829763055</ele>
<speed>
3.857346917807689</speed>
<time>
2024-09-05T08:42:46Z</time>
</trkpt>
<trkpt lon = "118.27980285131686" lat = "24.623315424822298">
<ele>
28.381911092437804</ele>
<speed>
4.480659633362404</speed>
<time>
2024-09-05T08:42:47Z</time>
</trkpt>
<trkpt lon = "118.27983671972002" lat = "24.62336241596971">
<ele>
28.706462807022035</ele>
<speed>
4.870159980915387</speed>
<time>
2024-09-05T08:42:48Z</time>
</trkpt>
<trkpt lat = "24.62341816725714" lon = "118.27984422575207">
<ele>
28.65295017696917</ele>
<speed>
4.904780071218626</speed>
<time>
2024-09-05T08:42:49Z</time>
</trkpt>
<trkpt lat = "24.62346258317655" lon = "118.27984345227392">
<ele>
28.855076733976603</ele>
<speed>
4.632467919442021</speed>
<time>
2024-09-05T08:42:50Z</time>
</trkpt>
<trkpt lon = "118.27984326123851" lat = "24.62350256028949">
<ele>
29.048427551053464</ele>
<speed>
4.14455581821059</speed>
<time>
2024-09-05T08:42:51Z</time>
</trkpt>
<trkpt lat = "24.623530473615975" lon = "118.27985436998385">
<ele>
29.336660168133676</ele>
<speed>
3.251533251899197</speed>
<time>
2024-09-05T08:42:52Z</time>
</trkpt>
<trkpt lat = "24.623545129318895" lon = "118.27986663155887">
<ele>
29.5118623431772</ele>
<speed>
2.253998879071463</speed>
<time>
2024-09-05T08:42:53Z</time>
</trkpt>
<trkpt lon = "118.27988273606692" lat = "24.623554216219578">
<ele>
29.881063035689294</ele>
<speed>
1.3896432696713161</speed>
<time>
2024-09-05T08:42:54Z</time>
</trkpt>
<trkpt lat = "24.623560476516687" lon = "118.27989352386211">
<ele>
30.090076696127653</ele>
<speed>
1.0266858326949437</speed>
<time>
2024-09-05T08:42:55Z</time>
</trkpt>
<trkpt lat = "24.62356769975658" lon = "118.27990243682898">
<ele>
30.276815922930837</ele>
<speed>
1.1387967935546763</speed>
<time>
2024-09-05T08:42:56Z</time>
</trkpt>
<trkpt lat = "24.623576835880566" lon = "118.2799159706166">
<ele>
30.327917807735503</ele>
<speed>
1.434741715421043</speed>
<time>
2024-09-05T08:42:57Z</time>
</trkpt>
<trkpt lat = "24.623584875293933" lon = "118.27993359793516">
<ele>
30.64134281501174</ele>
<speed>
1.701304753236914</speed>
<time>
2024-09-05T08:42:58Z</time>
</trkpt>
<trkpt lon = "118.27995314176515" lat = "24.62359664355974">
<ele>
30.59014076925814</ele>
<speed>
2.044542569033626</speed>
<time>
2024-09-05T08:42:59Z</time>
</trkpt>
<trkpt lat = "24.62360477079455" lon = "118.27997836262207">
<ele>
30.854665431194007</ele>
<speed>
2.3807393906833734</speed>
<time>
2024-09-05T08:43:00Z</time>
</trkpt>
<trkpt lat = "24.62360900427472" lon = "118.27999975863335">
<ele>
31.03018064983189</ele>
<speed>
2.4582940408712473</speed>
<time>
2024-09-05T08:43:01Z</time>
</trkpt>
<trkpt lat = "24.623615682520185" lon = "118.28002970602545">
<ele>
30.990683747455478</ele>
<speed>
2.7278025183102907</speed>
<time>
2024-09-05T08:43:02Z</time>
</trkpt>
<trkpt lat = "24.623621966810774" lon = "118.28006357693661">
<ele>
31.04267441947013</ele>
<speed>
3.1117494523486324</speed>
<time>
2024-09-05T08:43:03Z</time>
</trkpt>
<trkpt lat = "24.623624935257787" lon = "118.28009756065956">
<ele>
31.0222375318408</ele>
<speed>
3.248607536227563</speed>
<time>
2024-09-05T08:43:04Z</time>
</trkpt>
<trkpt lat = "24.62362964425397" lon = "118.28013487863578">
<ele>
30.98541145492345</ele>
<speed>
3.4874593430255563</speed>
<time>
2024-09-05T08:43:05Z</time>
</trkpt>
<trkpt lat = "24.62363536225112" lon = "118.2801741744894">
<ele>
31.295443159528077</ele>
<speed>
3.726434885194635</speed>
<time>
2024-09-05T08:43:06Z</time>
</trkpt>
<trkpt lon = "118.28021697745761" lat = "24.623651472679008">
<ele>
31.517707264982164</ele>
<speed>
4.057313114919323</speed>
<time>
2024-09-05T08:43:07Z</time>
</trkpt>
<trkpt lon = "118.2802517689084" lat = "24.623671447671377">
<ele>
31.811721744015813</ele>
<speed>
4.138724460248208</speed>
<time>
2024-09-05T08:43:08Z</time>
</trkpt>
<trkpt lon = "118.28028815037293" lat = "24.623696567741963">
<ele>
31.868157356977463</ele>
<speed>
4.336169281154033</speed>
<time>
2024-09-05T08:43:09Z</time>
</trkpt>
<trkpt lon = "118.28033078902165" lat = "24.62372056359767">
<ele>
32.13895332347602</ele>
<speed>
4.626146273652213</speed>
<time>
2024-09-05T08:43:10Z</time>
</trkpt>
<trkpt lon = "118.28037567298739" lat = "24.623748789882946">
<ele>
32.41792857926339</ele>
<speed>
4.994399715323695</speed>
<time>
2024-09-05T08:43:11Z</time>
</trkpt>
<trkpt lon = "118.28043086887396" lat = "24.623771120786536">
<ele>
32.730997463688254</ele>
<speed>
5.472270515052275</speed>
<time>
2024-09-05T08:43:12Z</time>
</trkpt>
<trkpt lon = "118.28048855212808" lat = "24.62379035518798">
<ele>
32.86369190644473</ele>
<speed>
5.795038330681756</speed>
<time>
2024-09-05T08:43:13Z</time>
</trkpt>
<trkpt lat = "24.623811891320592" lon = "118.28054947106348">
<ele>
33.192909855395555</ele>
<speed>
6.161592102019532</speed>
<time>
2024-09-05T08:43:14Z</time>
</trkpt>
<trkpt lat = "24.623832919452976" lon = "118.28060861590433">
<ele>
33.320990638807416</ele>
<speed>
6.246954012735461</speed>
<time>
2024-09-05T08:43:15Z</time>
</trkpt>
<trkpt lat = "24.623855267977447" lon = "118.28065762293797">
<ele>
33.31162951514125</ele>
<speed>
6.028638636783333</speed>
<time>
2024-09-05T08:43:16Z</time>
</trkpt>
<trkpt lat = "24.623884637211926" lon = "118.28070446447919">
<ele>
33.66545743495226</ele>
<speed>
5.8665884162057935</speed>
<time>
2024-09-05T08:43:17Z</time>
</trkpt>
<trkpt lat = "24.62391550998089" lon = "118.28074881393033">
<ele>
33.599012090824544</ele>
<speed>
5.577918940394196</speed>
<time>
2024-09-05T08:43:18Z</time>
</trkpt>
<trkpt lat = "24.623950696994115" lon = "118.28078806280742">
<ele>
33.85426022671163</ele>
<speed>
5.44924202842725</speed>
<time>
2024-09-05T08:43:19Z</time>
</trkpt>
<trkpt lon = "118.28081611917385" lat = "24.62399986648881">
<ele>
34.39210623409599</ele>
<speed>
5.508434530331662</speed>
<time>
2024-09-05T08:43:20Z</time>
</trkpt>
<trkpt lat = "24.624051229713462" lon = "118.28082630351174">
<ele>
34.40228972584009</ele>
<speed>
5.418125586454575</speed>
<time>
2024-09-05T08:43:21Z</time>
</trkpt>
<trkpt lat = "24.624105702321202" lon = "118.28084049207996">
<ele>
34.72652979101986</ele>
<speed>
5.615684181995506</speed>
<time>
2024-09-05T08:43:22Z</time>
</trkpt>
<trkpt lat = "24.624156899426012" lon = "118.28086477297532">
<ele>
35.232655002735555</ele>
<speed>
5.679462010285355</speed>
<time>
2024-09-05T08:43:23Z</time>
</trkpt>
<trkpt lat = "24.624202222906305" lon = "118.28089809030443">
<ele>
35.84136981703341</ele>
<speed>
5.6860380273021836</speed>
<time>
2024-09-05T08:43:24Z</time>
</trkpt>
<trkpt lon = "118.28093912978169" lat = "24.624242130324852">
<ele>
36.137320349924266</ele>
<speed>
5.86686367654386</speed>
<time>
2024-09-05T08:43:25Z</time>
</trkpt>
<trkpt lon = "118.2809866132788" lat = "24.62427440907049">
<ele>
36.266412534751</ele>
<speed>
6.077243246316493</speed>
<time>
2024-09-05T08:43:26Z</time>
</trkpt>
<trkpt lon = "118.28103985771999" lat = "24.62431384496496">
<ele>
36.68381344433874</ele>
<speed>
6.5493907948580015</speed>
<time>
2024-09-05T08:43:27Z</time>
</trkpt>
<trkpt lat = "24.62430138629142" lon = "118.28116831842145">
<ele>
36.78048062603921</ele>
<speed>
7.324466177072351</speed>
<time>
2024-09-05T08:43:28Z</time>
</trkpt>
<trkpt lon = "118.28123085564323" lat = "24.6243363839669">
<ele>
36.604408202692866</ele>
<speed>
7.164173134746638</speed>
<time>
2024-09-05T08:43:29Z</time>
</trkpt>
<trkpt lon = "118.2812831627312" lat = "24.624379233410757">
<ele>
36.58017713017762</ele>
<speed>
7.068921387213232</speed>
<time>
2024-09-05T08:43:30Z</time>
</trkpt>
<trkpt lon = "118.2813347459558" lat = "24.624425640789042">
<ele>
36.61805674992502</ele>
<speed>
7.254683725379761</speed>
<time>
2024-09-05T08:43:31Z</time>
</trkpt>
<trkpt lat = "24.624472696981552" lon = "118.28138844554226">
<ele>
36.778410465456545</ele>
<speed>
7.498547938728286</speed>
<time>
2024-09-05T08:43:32Z</time>
</trkpt>
<trkpt lon = "118.28144438750975" lat = "24.624524105853386">
<ele>
36.81463662534952</ele>
<speed>
7.801443533061391</speed>
<time>
2024-09-05T08:43:33Z</time>
</trkpt>
<trkpt lat = "24.624576251007856" lon = "118.28149803037823">
<ele>
37.11165133211762</ele>
<speed>
8.0084566743723</speed>
<time>
2024-09-05T08:43:34Z</time>
</trkpt>
<trkpt lon = "118.28155134597888" lat = "24.624633243246937">
<ele>
37.05415282025933</ele>
<speed>
8.1800650022164</speed>
<time>
2024-09-05T08:43:35Z</time>
</trkpt>
<trkpt lat = "24.624700173536013" lon = "118.28160273262515">
<ele>
37.522443634457886</ele>
<speed>
8.51576463637048</speed>
<time>
2024-09-05T08:43:36Z</time>
</trkpt>
<trkpt lat = "24.6247685863461" lon = "118.28164823378155">
<ele>
37.70705655403435</ele>
<speed>
8.651129567121927</speed>
<time>
2024-09-05T08:43:37Z</time>
</trkpt>
<trkpt lat = "24.624834770780236" lon = "118.28169583450585">
<ele>
37.89591980539262</ele>
<speed>
8.596174868886632</speed>
<time>
2024-09-05T08:43:38Z</time>
</trkpt>
<trkpt lat = "24.62490087627195" lon = "118.28175205414124">
<ele>
38.186870760284364</ele>
<speed>
8.79135632506402</speed>
<time>
2024-09-05T08:43:39Z</time>
</trkpt>
<trkpt lon = "118.28181198611377" lat = "24.62496848995758">
<ele>
38.51800205465406</ele>
<speed>
8.949039771518201</speed>
<time>
2024-09-05T08:43:40Z</time>
</trkpt>
<trkpt lat = "24.625030616082164" lon = "118.28186887571451">
<ele>
38.448157775215805</ele>
<speed>
8.776591697111563</speed>
<time>
2024-09-05T08:43:41Z</time>
</trkpt>
<trkpt lat = "24.625094196481843" lon = "118.28192314073401">
<ele>
38.461228522472084</ele>
<speed>
8.837630957667365</speed>
<time>
2024-09-05T08:43:42Z</time>
</trkpt>
<trkpt lon = "118.28197130474241" lat = "24.62515744979317">
<ele>
38.61145365796983</ele>
<speed>
8.718855468397464</speed>
<time>
2024-09-05T08:43:43Z</time>
</trkpt>
<trkpt lat = "24.62521952963098" lon = "118.2820172728603">
<ele>
38.46815152838826</ele>
<speed>
8.396499048990831</speed>
<time>
2024-09-05T08:43:44Z</time>
</trkpt>
<trkpt lat = "24.625276553653734" lon = "118.28206085768313">
<ele>
38.28309692349285</ele>
<speed>
7.901192716894292</speed>
<time>
2024-09-05T08:43:45Z</time>
</trkpt>
<trkpt lat = "24.62533181920208" lon = "118.28210000524868">
<ele>
38.41774007398635</ele>
<speed>
7.473741935630793</speed>
<time>
2024-09-05T08:43:46Z</time>
</trkpt>
<trkpt lon = "118.28214011122894" lat = "24.625389915034827">
<ele>
38.53394456487149</ele>
<speed>
7.400042549326991</speed>
<time>
2024-09-05T08:43:47Z</time>
</trkpt>
<trkpt lat = "24.625444005727463" lon = "118.28218064867337">
<ele>
38.60887436848134</ele>
<speed>
7.280574177072741</speed>
<time>
2024-09-05T08:43:48Z</time>
</trkpt>
<trkpt lat = "24.625497499731217" lon = "118.28222252313908">
<ele>
38.61865514423698</ele>
<speed>
7.271857601344802</speed>
<time>
2024-09-05T08:43:49Z</time>
</trkpt>
<trkpt lon = "118.2822667693606" lat = "24.62555101586751">
<ele>
38.63263603486121</ele>
<speed>
7.34654645467696</speed>
<time>
2024-09-05T08:43:50Z</time>
</trkpt>
<trkpt lat = "24.625599766052353" lon = "118.2823146031233">
<ele>
38.71806741319597</ele>
<speed>
7.345442781000056</speed>
<time>
2024-09-05T08:43:51Z</time>
</trkpt>
<trkpt lon = "118.28236174473204" lat = "24.625645709962168">
<ele>
38.88658442534506</ele>
<speed>
7.289161202980944</speed>
<time>
2024-09-05T08:43:52Z</time>
</trkpt>
<trkpt lon = "118.28241149228387" lat = "24.625692398490234">
<ele>
39.03493315540254</ele>
<speed>
7.34611601608707</speed>
<time>
2024-09-05T08:43:53Z</time>
</trkpt>
<trkpt lon = "118.2825096616131" lat = "24.625701818306588">
<ele>
39.32382381148636</ele>
<speed>
7.436600945142222</speed>
<time>
2024-09-05T08:43:54Z</time>
</trkpt>
<trkpt lat = "24.62574208221291" lon = "118.28256706358398">
<ele>
39.496547118760645</ele>
<speed>
7.463098856062373</speed>
<time>
2024-09-05T08:43:55Z</time>
</trkpt>
<trkpt lat = "24.625779807146415" lon = "118.28263146648393">
<ele>
39.77277370169759</ele>
<speed>
7.490017878875149</speed>
<time>
2024-09-05T08:43:56Z</time>
</trkpt>
<trkpt lon = "118.28268585129055" lat = "24.6258242827983">
<ele>
40.036918276920915</ele>
<speed>
7.526815585892134</speed>
<time>
2024-09-05T08:43:57Z</time>
</trkpt>
<trkpt lon = "118.28273926582426" lat = "24.625869106334836">
<ele>
40.338651813566685</ele>
<speed>
7.519897869571976</speed>
<time>
2024-09-05T08:43:58Z</time>
</trkpt>
<trkpt lon = "118.28279306120211" lat = "24.62591656337824">
<ele>
40.634621002711356</ele>
<speed>
7.6128282752103935</speed>
<time>
2024-09-05T08:43:59Z</time>
</trkpt>
<trkpt lat = "24.62596594364489" lon = "118.28284575167041">
<ele>
40.96580079663545</ele>
<speed>
7.783630072513083</speed>
<time>
2024-09-05T08:44:00Z</time>
</trkpt>
<trkpt lat = "24.62601852087893" lon = "118.28289937068934">
<ele>
41.419169700704515</ele>
<speed>
7.885283326921051</speed>
<time>
2024-09-05T08:44:01Z</time>
</trkpt>
<trkpt lon = "118.28295089902956" lat = "24.626070908627202">
<ele>
41.699203110300004</ele>
<speed>
7.926809007773566</speed>
<time>
2024-09-05T08:44:02Z</time>
</trkpt>
<trkpt lat = "24.626124485552094" lon = "118.28300489037119">
<ele>
42.01540766470134</ele>
<speed>
7.988158925205655</speed>
<time>
2024-09-05T08:44:03Z</time>
</trkpt>
<trkpt lat = "24.626180906739602" lon = "118.28305800805968">
<ele>
42.292336504906416</ele>
<speed>
8.128202701409704</speed>
<time>
2024-09-05T08:44:04Z</time>
</trkpt>
<trkpt lon = "118.28310875829413" lat = "24.6262369852669">
<ele>
42.60446488298476</ele>
<speed>
8.223435481614544</speed>
<time>
2024-09-05T08:44:05Z</time>
</trkpt>
<trkpt lat = "24.626292003294292" lon = "118.28316257857644">
<ele>
42.73717587720603</ele>
<speed>
8.317488343045033</speed>
<time>
2024-09-05T08:44:06Z</time>
</trkpt>
<trkpt lat = "24.6263452402061" lon = "118.28321813698822">
<ele>
42.7727334741503</ele>
<speed>
8.132529166491343</speed>
<time>
2024-09-05T08:44:07Z</time>
</trkpt>
<trkpt lat = "24.62639499238857" lon = "118.28326776808024">
<ele>
42.793315534479916</ele>
<speed>
7.650081133309048</speed>
<time>
2024-09-05T08:44:08Z</time>
</trkpt>
<trkpt lon = "118.28331298001675" lat = "24.626446782807964">
<ele>
42.5364915849641</ele>
<speed>
7.47019599118968</speed>
<time>
2024-09-05T08:44:09Z</time>
</trkpt>
<trkpt lat = "24.626500861567013" lon = "118.2833580838615">
<ele>
42.34424705058336</ele>
<speed>
7.471541460068723</speed>
<time>
2024-09-05T08:44:10Z</time>
</trkpt>
<trkpt lat = "24.626550481783568" lon = "118.28340356760692">
<ele>
42.13369414769113</ele>
<speed>
7.181173199188418</speed>
<time>
2024-09-05T08:44:11Z</time>
</trkpt>
<trkpt lat = "24.626594221004126" lon = "118.28343497517481">
<ele>
41.71344053093344</ele>
<speed>
5.906045118551954</speed>
<time>
2024-09-05T08:44:12Z</time>
</trkpt>
<trkpt lon = "118.28344471102002" lat = "24.62663451541301">
<ele>
41.348736360669136</ele>
<speed>
4.593820324565924</speed>
<time>
2024-09-05T08:44:13Z</time>
</trkpt>
<trkpt lat = "24.626678955456683" lon = "118.28343468339702">
<ele>
41.506896493025124</ele>
<speed>
4.073279307119366</speed>
<time>
2024-09-05T08:44:14Z</time>
</trkpt>
<trkpt lon = "118.28341020390037" lat = "24.62671980060084">
<ele>
41.604316988028586</ele>
<speed>
4.169069652642704</speed>
<time>
2024-09-05T08:44:15Z</time>
</trkpt>
<trkpt lat = "24.62676658814042" lon = "118.28338019392717">
<ele>
41.72919911425561</ele>
<speed>
4.816993592438567</speed>
<time>
2024-09-05T08:44:16Z</time>
</trkpt>
<trkpt lon = "118.28335677433724" lat = "24.626821851387717">
<ele>
42.08569551445544</ele>
<speed>
5.532204302980169</speed>
<time>
2024-09-05T08:44:17Z</time>
</trkpt>
<trkpt lon = "118.28333105140872" lat = "24.626875214498746">
<ele>
42.25108259730041</ele>
<speed>
5.914744516514194</speed>
<time>
2024-09-05T08:44:18Z</time>
</trkpt>
<trkpt lon = "118.28330021071429" lat = "24.626928998622546">
<ele>
42.3568433271721</ele>
<speed>
6.375990682371158</speed>
<time>
2024-09-05T08:44:19Z</time>
</trkpt>
<trkpt lon = "118.28327053457568" lat = "24.626989025000515">
<ele>
42.48118839133531</ele>
<speed>
6.424797857624695</speed>
<time>
2024-09-05T08:44:20Z</time>
</trkpt>
<trkpt lon = "118.28323598363136" lat = "24.627041085757774">
<ele>
42.46592245809734</ele>
<speed>
6.257559506055414</speed>
<time>
2024-09-05T08:44:21Z</time>
</trkpt>
<trkpt lat = "24.627090307793893" lon = "118.28320828268654">
<ele>
42.479552124626935</ele>
<speed>
5.983341912881381</speed>
<time>
2024-09-05T08:44:22Z</time>
</trkpt>
<trkpt lon = "118.28318950491169" lat = "24.627143973455304">
<ele>
42.30723272729665</ele>
<speed>
5.907408748648413</speed>
<time>
2024-09-05T08:44:23Z</time>
</trkpt>
<trkpt lat = "24.627195804397118" lon = "118.2831809953961">
<ele>
42.18186444044113</ele>
<speed>
5.841377157813253</speed>
<time>
2024-09-05T08:44:24Z</time>
</trkpt>
<trkpt lon = "118.2831764352634" lat = "24.627252100825498">
<ele>
42.00901065953076</ele>
<speed>
6.066089313314191</speed>
<time>
2024-09-05T08:44:25Z</time>
</trkpt>
<trkpt lat = "24.627308191537637" lon = "118.28317300703027">
<ele>
41.91342151351273</ele>
<speed>
6.078118018736935</speed>
<time>
2024-09-05T08:44:26Z</time>
</trkpt>
<trkpt lat = "24.627361089089217" lon = "118.28316345419087">
<ele>
41.773815935477614</ele>
<speed>
5.958334546381244</speed>
<time>
2024-09-05T08:44:27Z</time>
</trkpt>
<trkpt lon = "118.28314537997902" lat = "24.62740888214353">
<ele>
41.626267050392926</ele>
<speed>
5.815171426762307</speed>
<time>
2024-09-05T08:44:28Z</time>
</trkpt>
<trkpt lon = "118.28311710174452" lat = "24.62745350152012">
<ele>
41.48061093688011</ele>
<speed>
5.738838599453877</speed>
<time>
2024-09-05T08:44:29Z</time>
</trkpt>
<trkpt lat = "24.62748530484411" lon = "118.28308448824745">
<ele>
41.44027347676456</ele>
<speed>
5.611241425172223</speed>
<time>
2024-09-05T08:44:30Z</time>
</trkpt>
<trkpt lon = "118.2830529763218" lat = "24.627523689471634">
<ele>
41.08856839220971</ele>
<speed>
5.787525271356965</speed>
<time>
2024-09-05T08:44:31Z</time>
</trkpt>
<trkpt lon = "118.2830238447037" lat = "24.62756403016554">
<ele>
41.562208321876824</ele>
<speed>
5.590186073095637</speed>
<time>
2024-09-05T08:44:32Z</time>
</trkpt>
<trkpt lon = "118.28300218023655" lat = "24.627613416379674">
<ele>
41.74697687663138</ele>
<speed>
5.149039562886527</speed>
<time>
2024-09-05T08:44:33Z</time>
</trkpt>
<trkpt lat = "24.627654706408986" lon = "118.28298698348397">
<ele>
41.92731682024896</ele>
<speed>
4.233549839667455</speed>
<time>
2024-09-05T08:44:34Z</time>
</trkpt>
<trkpt lat = "24.627670301030943" lon = "118.28297922565669">
<ele>
42.11605991702527</ele>
<speed>
2.235424234700571</speed>
<time>
2024-09-05T08:44:35Z</time>
</trkpt>
<trkpt lat = "24.6276782029564" lon = "118.28296676833386">
<ele>
42.49961447250098</ele>
<speed>
1.3063853095012679</speed>
<time>
2024-09-05T08:44:36Z</time>
</trkpt>
<trkpt lon = "118.28296231639996" lat = "24.62767743583765">
<ele>
42.89656275883317</ele>
<speed>
0.6088972401974662</speed>
<time>
2024-09-05T08:44:37Z</time>
</trkpt>
<trkpt lat = "24.62767925043268" lon = "118.28296033039683">
<ele>
43.130358825437725</ele>
<speed>
0.45663859652210875</speed>
<time>
2024-09-05T08:44:38Z</time>
</trkpt>
<trkpt lon = "118.28296213275559" lat = "24.627680332493398">
<ele>
43.06344591174275</ele>
<speed>
0.0</speed>
<time>
2024-09-05T08:44:39Z</time>
</trkpt>
<trkpt lon = "118.28296213275559" lat = "24.627680332493398">
<ele>
43.06344591174275</ele>
<speed>
0.0</speed>
<time>
2024-09-05T08:44:40Z</time>
</trkpt>
<trkpt lat = "24.627680332493398" lon = "118.28296213275559">
<ele>
43.06344591174275</ele>
<speed>
0.0</speed>
<time>
2024-09-05T08:44:40Z</time>
</trkpt>
<trkpt lat = "24.627680332493398" lon = "118.28296213275559">
<ele>
43.06344591174275</ele>
<speed>
0.0</speed>
<time>
2024-09-05T08:44:41Z</time>
</trkpt>
<trkpt lat = "24.62769700288413" lon = "118.28296643226251">
<ele>
43.396877301856875</ele>
<speed>
0.0</speed>
<time>
2024-09-05T08:44:42Z</time>
</trkpt>
<trkpt lon = "118.28296651651665" lat = "24.627709065779456">
<ele>
43.39058280363679</ele>
<speed>
0.5765446355211722</speed>
<time>
2024-09-05T08:44:43Z</time>
</trkpt>
<trkpt lat = "24.627729692114027" lon = "118.28296086811469">
<ele>
43.297861873172224</ele>
<speed>
1.4317758919464263</speed>
<time>
2024-09-05T08:44:44Z</time>
</trkpt>
<trkpt lon = "118.28296358449576" lat = "24.627754818579543">
<ele>
43.269336614757776</ele>
<speed>
2.0967316351822007</speed>
<time>
2024-09-05T08:44:45Z</time>
</trkpt>
<trkpt lat = "24.627787009056867" lon = "118.28295614088914">
<ele>
43.00825875625014</ele>
<speed>
2.7042434759658787</speed>
<time>
2024-09-05T08:44:46Z</time>
</trkpt>
<trkpt lon = "118.28295692873282" lat = "24.62783097755244">
<ele>
43.20411114487797</ele>
<speed>
3.408611315546975</speed>
<time>
2024-09-05T08:44:47Z</time>
</trkpt>
<trkpt lon = "118.28295706099951" lat = "24.627859842878934">
<ele>
43.27773873601109</ele>
<speed>
3.131859152937695</speed>
<time>
2024-09-05T08:44:48Z</time>
</trkpt>
<trkpt lat = "24.6278872801159" lon = "118.28295702172554">
<ele>
43.39906169939786</ele>
<speed>
2.799829046477346</speed>
<time>
2024-09-05T08:44:49Z</time>
</trkpt>
<trkpt lat = "24.627903043054157" lon = "118.2829528918493">
<ele>
43.27859367057681</ele>
<speed>
2.0885290333664535</speed>
<time>
2024-09-05T08:44:50Z</time>
</trkpt>
<trkpt lat = "24.627914387345136" lon = "118.28294374229277">
<ele>
43.40910711046308</ele>
<speed>
1.523653979846702</speed>
<time>
2024-09-05T08:44:51Z</time>
</trkpt>
<trkpt lon = "118.28294299915197" lat = "24.627925362001115">
<ele>
43.39145151991397</ele>
<speed>
1.1928175114448303</speed>
<time>
2024-09-05T08:44:52Z</time>
</trkpt>
<trkpt lat = "24.627944026808645" lon = "118.28292277050268">
<ele>
43.732933569699526</ele>
<speed>
1.8529160585866717</speed>
<time>
2024-09-05T08:44:53Z</time>
</trkpt>
<trkpt lon = "118.28291731209532" lat = "24.627963315173687">
<ele>
43.946244473569095</ele>
<speed>
2.257163430909593</speed>
<time>
2024-09-05T08:44:54Z</time>
</trkpt>
<trkpt lat = "24.627995184333177" lon = "118.28290473582912">
<ele>
43.57137896679342</ele>
<speed>
3.1853927012375527</speed>
<time>
2024-09-05T08:44:55Z</time>
</trkpt>
<trkpt lon = "118.28289953532118" lat = "24.62803266172533">
<ele>
43.76046482287347</ele>
<speed>
3.705621858549188</speed>
<time>
2024-09-05T08:44:56Z</time>
</trkpt>
<trkpt lat = "24.628083512151218" lon = "118.28288376693229">
<ele>
43.38968698494136</ele>
<speed>
4.824157913101824</speed>
<time>
2024-09-05T08:44:57Z</time>
</trkpt>
<trkpt lat = "24.628140811275042" lon = "118.28286117695315">
<ele>
43.24033059924841</ele>
<speed>
5.660605826711067</speed>
<time>
2024-09-05T08:44:58Z</time>
</trkpt>
<trkpt lat = "24.62819758728012" lon = "118.28285124685159">
<ele>
42.92126074805856</ele>
<speed>
6.042521888199254</speed>
<time>
2024-09-05T08:44:59Z</time>
</trkpt>
<trkpt lat = "24.628267406887282" lon = "118.2828474512454">
<ele>
43.12042167317122</ele>
<speed>
6.753891661965358</speed>
<time>
2024-09-05T08:45:00Z</time>
</trkpt>
<trkpt lat = "24.628340816794374" lon = "118.28284643435757">
<ele>
43.052342273294926</ele>
<speed>
7.33353021119638</speed>
<time>
2024-09-05T08:45:01Z</time>
</trkpt>
<trkpt lon = "118.28284090995996" lat = "24.628404059611864">
<ele>
42.88877170160413</ele>
<speed>
7.252728335680935</speed>
<time>
2024-09-05T08:45:02Z</time>
</trkpt>
<trkpt lat = "24.628472014175266" lon = "118.28284447277686">
<ele>
43.25399008579552</ele>
<speed>
7.265489526976412</speed>
<time>
2024-09-05T08:45:03Z</time>
</trkpt>
<trkpt lat = "24.628546604855703" lon = "118.28285840425463">
<ele>
43.36071069352329</ele>
<speed>
7.64654009714774</speed>
<time>
2024-09-05T08:45:04Z</time>
</trkpt>
<trkpt lon = "118.2828710031243" lat = "24.628618590805775">
<ele>
43.738957217894495</ele>
<speed>
7.844235016620547</speed>
<time>
2024-09-05T08:45:05Z</time>
</trkpt>
<trkpt lat = "24.62868509951725" lon = "118.28288298370953">
<ele>
44.437071881257</ele>
<speed>
7.611639752143879</speed>
<time>
2024-09-05T08:45:06Z</time>
</trkpt>
<trkpt lat = "24.628738904396407" lon = "118.28290722990918">
<ele>
44.84805041085929</ele>
<speed>
6.959674017507869</speed>
<time>
2024-09-05T08:45:07Z</time>
</trkpt>
<trkpt lon = "118.28292710809819" lat = "24.62878372694267">
<ele>
44.76239911373705</ele>
<speed>
6.199119007744357</speed>
<time>
2024-09-05T08:45:08Z</time>
</trkpt>
<trkpt lon = "118.28296130847956" lat = "24.628843228329536">
<ele>
44.90520232822746</ele>
<speed>
6.704556705222054</speed>
<time>
2024-09-05T08:45:09Z</time>
</trkpt>
<trkpt lat = "24.628899513608303" lon = "118.28300480690424">
<ele>
44.75517386384308</ele>
<speed>
7.143386758978289</speed>
<time>
2024-09-05T08:45:10Z</time>
</trkpt>
<trkpt lat = "24.62895057489952" lon = "118.28304980846092">
<ele>
44.67683642730117</ele>
<speed>
7.16658386869199</speed>
<time>
2024-09-05T08:45:11Z</time>
</trkpt>
<trkpt lat = "24.628999872241394" lon = "118.28310044966857">
<ele>
44.77274739742279</ele>
<speed>
7.2338220689533665</speed>
<time>
2024-09-05T08:45:12Z</time>
</trkpt>
<trkpt lat = "24.629038608637142" lon = "118.28314027460105">
<ele>
44.74179299455136</ele>
<speed>
6.590151427220803</speed>
<time>
2024-09-05T08:45:13Z</time>
</trkpt>
<trkpt lon = "118.28318104946506" lat = "24.629076122887792">
<ele>
44.340865563601255</ele>
<speed>
6.164376144324961</speed>
<time>
2024-09-05T08:45:14Z</time>
</trkpt>
<trkpt lat = "24.62909920257889" lon = "118.2832720572146">
<ele>
44.46267633792013</ele>
<speed>
6.121087636547325</speed>
<time>
2024-09-05T08:45:15Z</time>
</trkpt>
<trkpt lat = "24.629151187128276" lon = "118.28330269511979">
<ele>
44.20927182305604</ele>
<speed>
6.0633956614772755</speed>
<time>
2024-09-05T08:45:16Z</time>
</trkpt>
<trkpt lat = "24.62920645303162" lon = "118.28332551786035">
<ele>
44.22946693841368</ele>
<speed>
6.170936856323884</speed>
<time>
2024-09-05T08:45:17Z</time>
</trkpt>
<trkpt lon = "118.28334441853605" lat = "24.62925289793609">
<ele>
43.93844878021628</ele>
<speed>
5.797058489731114</speed>
<time>
2024-09-05T08:45:18Z</time>
</trkpt>
<trkpt lat = "24.629302694321318" lon = "118.28334938697196">
<ele>
44.0431449348107</ele>
<speed>
5.495578253031195</speed>
<time>
2024-09-05T08:45:19Z</time>
</trkpt>
<trkpt lon = "118.2833562900609" lat = "24.629345856477514">
<ele>
44.246731128543615</ele>
<speed>
5.020838301574466</speed>
<time>
2024-09-05T08:45:20Z</time>
</trkpt>
<trkpt lon = "118.28336622479412" lat = "24.629376622928817">
<ele>
43.90758690517396</ele>
<speed>
4.324875823965532</speed>
<time>
2024-09-05T08:45:21Z</time>
</trkpt>
<trkpt lon = "118.28336893987233" lat = "24.629410350510085">
<ele>
42.99838056229055</ele>
<speed>
4.138864028388952</speed>
<time>
2024-09-05T08:45:22Z</time>
</trkpt>
<trkpt lat = "24.629449727427026" lon = "118.28337560389151">
<ele>
42.30249195359647</ele>
<speed>
4.3877168874104875</speed>
<time>
2024-09-05T08:45:23Z</time>
</trkpt>
<trkpt lat = "24.62949445251354" lon = "118.28338466595379">
<ele>
42.535003767348826</ele>
<speed>
4.527491000294731</speed>
<time>
2024-09-05T08:45:24Z</time>
</trkpt>
<trkpt lon = "118.28339114179923" lat = "24.62954215073891">
<ele>
41.836640432477</ele>
<speed>
4.766829919334589</speed>
<time>
2024-09-05T08:45:25Z</time>
</trkpt>
<trkpt lat = "24.629592476102978" lon = "118.28339737538923">
<ele>
41.56565230246633</ele>
<speed>
4.8497354169096605</speed>
<time>
2024-09-05T08:45:26Z</time>
</trkpt>
<trkpt lat = "24.629643285714014" lon = "118.28341395921645">
<ele>
41.37028271518648</ele>
<speed>
4.9895328893749475</speed>
<time>
2024-09-05T08:45:27Z</time>
</trkpt>
<trkpt lat = "24.62968506845338" lon = "118.2834430123275">
<ele>
41.11023611854762</ele>
<speed>
5.064015285286191</speed>
<time>
2024-09-05T08:45:28Z</time>
</trkpt>
<trkpt lat = "24.629719036492734" lon = "118.28345872958121">
<ele>
40.97667119093239</ele>
<speed>
4.638504381490547</speed>
<time>
2024-09-05T08:45:29Z</time>
</trkpt>
<trkpt lon = "118.28345118703217" lat = "24.629760254391414">
<ele>
40.332800700329244</ele>
<speed>
4.356825319345347</speed>
<time>
2024-09-05T08:45:30Z</time>
</trkpt>
<trkpt lon = "118.28342422636882" lat = "24.62980669493547">
<ele>
39.760056608356535</ele>
<speed>
4.668997552690989</speed>
<time>
2024-09-05T08:45:31Z</time>
</trkpt>
<trkpt lon = "118.2833987081194" lat = "24.629841717802204">
<ele>
38.62232990376651</ele>
<speed>
4.535457023971269</speed>
<time>
2024-09-05T08:45:32Z</time>
</trkpt>
<trkpt lon = "118.28339541735433" lat = "24.62988565664876">
<ele>
38.14417658280581</ele>
<speed>
4.638554672434667</speed>
<time>
2024-09-05T08:45:33Z</time>
</trkpt>
<trkpt lon = "118.28339693793424" lat = "24.62992530418793">
<ele>
37.54785244446248</ele>
<speed>
4.47828612653257</speed>
<time>
2024-09-05T08:45:34Z</time>
</trkpt>
<trkpt lat = "24.629974494455734" lon = "118.28339935441946">
<ele>
37.17338893935084</ele>
<speed>
4.7461232457862</speed>
<time>
2024-09-05T08:45:35Z</time>
</trkpt>
<trkpt lat = "24.63002481501553" lon = "118.28339598317946">
<ele>
36.530995946377516</ele>
<speed>
4.900060720620566</speed>
<time>
2024-09-05T08:45:36Z</time>
</trkpt>
<trkpt lat = "24.630061934742866" lon = "118.2833879069205">
<ele>
36.05882534664124</ele>
<speed>
4.617250163913357</speed>
<time>
2024-09-05T08:45:37Z</time>
</trkpt>
<trkpt lat = "24.630110480023813" lon = "118.28338327731178">
<ele>
36.240825871005654</ele>
<speed>
4.726472429591649</speed>
<time>
2024-09-05T08:45:38Z</time>
</trkpt>
<trkpt lon = "118.28338666103257" lat = "24.630165041968972">
<ele>
35.46815952286124</ele>
<speed>
5.220648950963216</speed>
<time>
2024-09-05T08:45:39Z</time>
</trkpt>
<trkpt lat = "24.630206200393037" lon = "118.2833958465067">
<ele>
35.26639536488801</ele>
<speed>
5.121448427684078</speed>
<time>
2024-09-05T08:45:40Z</time>
</trkpt>
<trkpt lat = "24.63024990214792" lon = "118.28341297178889">
<ele>
34.75925905443728</ele>
<speed>
5.297182139250067</speed>
<time>
2024-09-05T08:45:41Z</time>
</trkpt>
<trkpt lat = "24.630303713555517" lon = "118.28344588308437">
<ele>
33.96627482306212</ele>
<speed>
5.972481233370843</speed>
<time>
2024-09-05T08:45:42Z</time>
</trkpt>
<trkpt lat = "24.63036354771058" lon = "118.28347789494426">
<ele>
33.41904359776527</ele>
<speed>
6.445002473860493</speed>
<time>
2024-09-05T08:45:43Z</time>
</trkpt>
<trkpt lon = "118.28350508217099" lat = "24.6304202357634">
<ele>
32.912868056446314</ele>
<speed>
6.4339271516714405</speed>
<time>
2024-09-05T08:45:44Z</time>
</trkpt>
<trkpt lon = "118.28352954985992" lat = "24.630470662745637">
<ele>
32.039051827043295</ele>
<speed>
6.083178138761953</speed>
<time>
2024-09-05T08:45:45Z</time>
</trkpt>
<trkpt lat = "24.630518431904246" lon = "118.28355444571724">
<ele>
31.765376826748252</ele>
<speed>
6.002443306023046</speed>
<time>
2024-09-05T08:45:46Z</time>
</trkpt>
<trkpt lat = "24.630570753277095" lon = "118.28357430718843">
<ele>
31.049214829690754</ele>
<speed>
6.040598057890123</speed>
<time>
2024-09-05T08:45:47Z</time>
</trkpt>
<trkpt lon = "118.2835671221355" lat = "24.630630604640803">
<ele>
30.68113940767944</ele>
<speed>
6.00071097522448</speed>
<time>
2024-09-05T08:45:48Z</time>
</trkpt>
<trkpt lat = "24.630703779729195" lon = "118.28355350550912">
<ele>
30.0248705688864</ele>
<speed>
6.794137479730413</speed>
<time>
2024-09-05T08:45:49Z</time>
</trkpt>
<trkpt lat = "24.630770501639176" lon = "118.28353021505322">
<ele>
29.138432049192488</ele>
<speed>
7.140467698679767</speed>
<time>
2024-09-05T08:45:50Z</time>
</trkpt>
<trkpt lat = "24.63083166241237" lon = "118.2835227701062">
<ele>
29.857416632585227</ele>
<speed>
6.7506303809217645</speed>
<time>
2024-09-05T08:45:51Z</time>
</trkpt>
<trkpt lon = "118.28351169697196" lat = "24.630890405000056">
<ele>
28.857816045172513</ele>
<speed>
6.31714431195593</speed>
<time>
2024-09-05T08:45:52Z</time>
</trkpt>
<trkpt lat = "24.630927906781974" lon = "118.2834926653903">
<ele>
28.83124868106097</ele>
<speed>
5.388315505768132</speed>
<time>
2024-09-05T08:45:53Z</time>
</trkpt>
<trkpt lat = "24.6309636377888" lon = "118.28347561782667">
<ele>
28.580255513079464</ele>
<speed>
4.9175144001807265</speed>
<time>
2024-09-05T08:45:54Z</time>
</trkpt>
<trkpt lat = "24.630978704746198" lon = "118.2834510712688">
<ele>
28.533182159997523</ele>
<speed>
3.965374577869157</speed>
<time>
2024-09-05T08:45:55Z</time>
</trkpt>
<trkpt lon = "118.28341916516335" lat = "24.63099829337868">
<ele>
27.814464492723346</ele>
<speed>
3.9202977468356823</speed>
<time>
2024-09-05T08:45:56Z</time>
</trkpt>
<trkpt lon = "118.28337286450272" lat = "24.631011812524612">
<ele>
27.52083010226488</ele>
<speed>
4.504135330350108</speed>
<time>
2024-09-05T08:45:57Z</time>
</trkpt>
<trkpt lon = "118.2833161504755" lat = "24.631017733859277">
<ele>
27.999863674864173</ele>
<speed>
5.133248408541738</speed>
<time>
2024-09-05T08:45:58Z</time>
</trkpt>
<trkpt lon = "118.28326069800016" lat = "24.63103522522738">
<ele>
27.838416413404047</ele>
<speed>
5.467548134158379</speed>
<time>
2024-09-05T08:45:59Z</time>
</trkpt>
<trkpt lat = "24.63104829586944" lon = "118.28320757429378">
<ele>
27.367491567507386</ele>
<speed>
5.458991667274504</speed>
<time>
2024-09-05T08:46:00Z</time>
</trkpt>
<trkpt lat = "24.63106182491363" lon = "118.28316473319084">
<ele>
27.656442523002625</ele>
<speed>
4.995929423479627</speed>
<time>
2024-09-05T08:46:01Z</time>
</trkpt>
<trkpt lat = "24.631073392643838" lon = "118.28313641856418">
<ele>
27.721854250878096</ele>
<speed>
4.042094824477395</speed>
<time>
2024-09-05T08:46:02Z</time>
</trkpt>
<trkpt lon = "118.28313516969232" lat = "24.631071062659526">
<ele>
27.617199626751244</ele>
<speed>
2.446628452472958</speed>
<time>
2024-09-05T08:46:03Z</time>
</trkpt>
<trkpt lat = "24.631070894014087" lon = "118.2831403898345">
<ele>
27.3804279146716</ele>
<speed>
1.241280832015283</speed>
<time>
2024-09-05T08:46:04Z</time>
</trkpt>
<trkpt lon = "118.28314470311938" lat = "24.63107526363677">
<ele>
27.413804828189313</ele>
<speed>
0.7196362725178801</speed>
<time>
2024-09-05T08:46:05Z</time>
</trkpt>
<trkpt lon = "118.28313192600265" lat = "24.631084365796156">
<ele>
27.660693552345037</ele>
<speed>
1.0746264052828427</speed>
<time>
2024-09-05T08:46:06Z</time>
</trkpt>
<trkpt lat = "24.631091203952646" lon = "118.28312235935798">
<ele>
27.574303708039224</ele>
<speed>
1.0096719794836828</speed>
<time>
2024-09-05T08:46:07Z</time>
</trkpt>
<trkpt lon = "118.28311503478031" lat = "24.631099910965357">
<ele>
27.62470741663128</ele>
<speed>
1.0039501332661152</speed>
<time>
2024-09-05T08:46:08Z</time>
</trkpt>
<trkpt lon = "118.28310509221389" lat = "24.63111384094652">
<ele>
27.987284077331424</ele>
<speed>
1.076103472865802</speed>
<time>
2024-09-05T08:46:09Z</time>
</trkpt>
<trkpt lat = "24.631128162442717" lon = "118.28309418243076">
<ele>
28.12078894302249</ele>
<speed>
1.2654344197246319</speed>
<time>
2024-09-05T08:46:10Z</time>
</trkpt>
<trkpt lon = "118.28307792538943" lat = "24.631148490566307">
<ele>
27.45563615579158</ele>
<speed>
1.801401952735677</speed>
<time>
2024-09-05T08:46:11Z</time>
</trkpt>
<trkpt lon = "118.28306368376859" lat = "24.631172129526206">
<ele>
27.54870112426579</ele>
<speed>
2.1327769193980375</speed>
<time>
2024-09-05T08:46:12Z</time>
</trkpt>
<trkpt lat = "24.63119671403704" lon = "118.28304509081413">
<ele>
27.18862366862595</ele>
<speed>
2.371050833595925</speed>
<time>
2024-09-05T08:46:13Z</time>
</trkpt>
<trkpt lon = "118.2830244790358" lat = "24.631220003592155">
<ele>
27.36774253565818</ele>
<speed>
2.6918240513838496</speed>
<time>
2024-09-05T08:46:14Z</time>
</trkpt>
<trkpt lat = "24.63122858784559" lon = "118.28301793680602">
<ele>
27.258828446269035</ele>
<speed>
1.9320219793763522</speed>
<time>
2024-09-05T08:46:15Z</time>
</trkpt>
<trkpt lat = "24.631234210375236" lon = "118.28300873989437">
<ele>
27.1630333783105</ele>
<speed>
1.4822354271413665</speed>
<time>
2024-09-05T08:46:16Z</time>
</trkpt>
<trkpt lat = "24.631246938679553" lon = "118.28300105696017">
<ele>
27.46716710086912</ele>
<speed>
1.514979234290591</speed>
<time>
2024-09-05T08:46:17Z</time>
</trkpt>
<trkpt lat = "24.63126000696723" lon = "118.28299263529767">
<ele>
27.423182332888246</ele>
<speed>
1.6286161046425793</speed>
<time>
2024-09-05T08:46:18Z</time>
</trkpt>
<trkpt lat = "24.631275838016045" lon = "118.2829742522821">
<ele>
27.269473397172987</ele>
<speed>
2.0677660779017497</speed>
<time>
2024-09-05T08:46:19Z</time>
</trkpt>
<trkpt lat = "24.631290256811997" lon = "118.28295565667312">
<ele>
27.12034229375422</ele>
<speed>
2.288416074949083</speed>
<time>
2024-09-05T08:46:20Z</time>
</trkpt>
<trkpt lat = "24.631294170873325" lon = "118.28294490383793">
<ele>
27.308051948435605</ele>
<speed>
1.852712385104797</speed>
<time>
2024-09-05T08:46:21Z</time>
</trkpt>
<trkpt lon = "118.28292985547505" lat = "24.631302948846127">
<ele>
27.370059167034924</ele>
<speed>
1.7220319136296</speed>
<time>
2024-09-05T08:46:22Z</time>
</trkpt>
<trkpt lat = "24.63131439421972" lon = "118.28291601415847">
<ele>
27.50279173720628</ele>
<speed>
1.5818244222097129</speed>
<time>
2024-09-05T08:46:23Z</time>
</trkpt>
<trkpt lon = "118.28290258034882" lat = "24.63132215944445">
<ele>
27.14701483771205</ele>
<speed>
1.431515387488367</speed>
<time>
2024-09-05T08:46:24Z</time>
</trkpt>
<trkpt lat = "24.631326900875596" lon = "118.28288900971712">
<ele>
27.334291313774884</ele>
<speed>
1.4424212925642674</speed>
<time>
2024-09-05T08:46:25Z</time>
</trkpt>
<trkpt lat = "24.631328524955656" lon = "118.28287168014317">
<ele>
27.40800405666232</ele>
<speed>
1.7300619633129075</speed>
<time>
2024-09-05T08:46:26Z</time>
</trkpt>
<trkpt lat = "24.631330069177906" lon = "118.28285407112986">
<ele>
27.285924716852605</ele>
<speed>
1.831425415159671</speed>
<time>
2024-09-05T08:46:27Z</time>
</trkpt>
<trkpt lon = "118.28283958198767" lat = "24.631336696707358">
<ele>
27.34572265483439</ele>
<speed>
1.6381343991945787</speed>
<time>
2024-09-05T08:46:28Z</time>
</trkpt>
<trkpt lat = "24.63134418467295" lon = "118.28281827211632">
<ele>
27.38681231532246</ele>
<speed>
1.8471314098018339</speed>
<time>
2024-09-05T08:46:29Z</time>
</trkpt>
<trkpt lat = "24.63135844335754" lon = "118.28280622977897">
<ele>
27.357811934314668</ele>
<speed>
1.9425117813583752</speed>
<time>
2024-09-05T08:46:30Z</time>
</trkpt>
<trkpt lat = "24.6313767624958" lon = "118.28278003738164">
<ele>
27.604070101864636</ele>
<speed>
2.5029533669006887</speed>
<time>
2024-09-05T08:46:31Z</time>
</trkpt>
<trkpt lat = "24.631403062643646" lon = "118.28275094827946">
<ele>
27.624939899891615</ele>
<speed>
3.150916541067281</speed>
<time>
2024-09-05T08:46:32Z</time>
</trkpt>
<trkpt lat = "24.63143237270576" lon = "118.28272613619357">
<ele>
27.680161146447062</ele>
<speed>
3.4047706526390997</speed>
<time>
2024-09-05T08:46:33Z</time>
</trkpt>
<trkpt lat = "24.631456665916428" lon = "118.28269635227299">
<ele>
27.726588793098927</ele>
<speed>
3.6020476013309186</speed>
<time>
2024-09-05T08:46:34Z</time>
</trkpt>
<trkpt lon = "118.28267168221335" lat = "24.631480500905017">
<ele>
27.91173657029867</ele>
<speed>
3.5179300207364084</speed>
<time>
2024-09-05T08:46:35Z</time>
</trkpt>
<trkpt lat = "24.631499449469274" lon = "118.28265013629834">
<ele>
28.027495614252985</ele>
<speed>
3.365413517121415</speed>
<time>
2024-09-05T08:46:36Z</time>
</trkpt>
<trkpt lon = "118.28262738609945" lat = "24.63152373670785">
<ele>
28.096544145606458</ele>
<speed>
3.3774873878874088</speed>
<time>
2024-09-05T08:46:37Z</time>
</trkpt>
<trkpt lon = "118.28259749907973" lat = "24.631558846991602">
<ele>
28.50249650143087</ele>
<speed>
3.8371113681684212</speed>
<time>
2024-09-05T08:46:38Z</time>
</trkpt>
<trkpt lon = "118.28255731550958" lat = "24.631581964803217">
<ele>
28.203180647455156</ele>
<speed>
4.003667625025657</speed>
<time>
2024-09-05T08:46:39Z</time>
</trkpt>
<trkpt lon = "118.28253862506739" lat = "24.63160855245647">
<ele>
28.3600434018299</ele>
<speed>
3.87694573477056</speed>
<time>
2024-09-05T08:46:40Z</time>
</trkpt>
<trkpt lon = "118.28252235165853" lat = "24.631635966135505">
<ele>
28.5282699232921</ele>
<speed>
3.742337220559224</speed>
<time>
2024-09-05T08:46:41Z</time>
</trkpt>
<trkpt lat = "24.63166885075877" lon = "118.28249597265231">
<ele>
28.568624610081315</ele>
<speed>
3.97294441625629</speed>
<time>
2024-09-05T08:46:42Z</time>
</trkpt>
<trkpt lat = "24.63170014409058" lon = "118.28246869862171">
<ele>
28.88157045096159</ele>
<speed>
4.178913134304126</speed>
<time>
2024-09-05T08:46:43Z</time>
</trkpt>
<trkpt lon = "118.28244420009526" lat = "24.631729755187344">
<ele>
28.117129978723824</ele>
<speed>
4.117878661058412</speed>
<time>
2024-09-05T08:46:44Z</time>
</trkpt>
<trkpt lon = "118.28242913378818" lat = "24.631760995407667">
<ele>
28.742119655944407</ele>
<speed>
3.879103720061246</speed>
<time>
2024-09-05T08:46:45Z</time>
</trkpt>
<trkpt lat = "24.631793397630304" lon = "118.28240984996951">
<ele>
28.577606251463294</ele>
<speed>
3.875773569243521</speed>
<time>
2024-09-05T08:46:46Z</time>
</trkpt>
<trkpt lon = "118.28238520084025" lat = "24.631832263310432">
<ele>
28.923287426121533</ele>
<speed>
4.323374064227926</speed>
<time>
2024-09-05T08:46:47Z</time>
</trkpt>
<trkpt lat = "24.63186962633344" lon = "118.28236376709883">
<ele>
29.099497594870627</ele>
<speed>
4.396370731038934</speed>
<time>
2024-09-05T08:46:48Z</time>
</trkpt>
<trkpt lat = "24.631915557290263" lon = "118.28234333608766">
<ele>
29.282531490549445</ele>
<speed>
4.7610091498312705</speed>
<time>
2024-09-05T08:46:49Z</time>
</trkpt>
<trkpt lon = "118.28232656188601" lat = "24.631952551764506">
<ele>
29.10224826261401</ele>
<speed>
4.591563926339096</speed>
<time>
2024-09-05T08:46:50Z</time>
</trkpt>
<trkpt lon = "118.28231999799112" lat = "24.63199680287327">
<ele>
28.658351633697748</ele>
<speed>
4.622549561102449</speed>
<time>
2024-09-05T08:46:51Z</time>
</trkpt>
<trkpt lon = "118.28232558109266" lat = "24.63204058666897">
<ele>
28.839531577192247</ele>
<speed>
4.576073489739625</speed>
<time>
2024-09-05T08:46:52Z</time>
</trkpt>
<trkpt lat = "24.632082770297526" lon = "118.28232754073156">
<ele>
28.73364572506398</ele>
<speed>
4.655940068774235</speed>
<time>
2024-09-05T08:46:53Z</time>
</trkpt>
<trkpt lon = "118.28231640971161" lat = "24.632127547729063">
<ele>
28.37120769638568</ele>
<speed>
4.903916233730281</speed>
<time>
2024-09-05T08:46:54Z</time>
</trkpt>
<trkpt lat = "24.632167805839206" lon = "118.28230341046002">
<ele>
27.940295407548547</ele>
<speed>
4.7900176586546195</speed>
<time>
2024-09-05T08:46:55Z</time>
</trkpt>
<trkpt lat = "24.632215677508608" lon = "118.28228658712551">
<ele>
27.841069023124874</ele>
<speed>
4.879709341938436</speed>
<time>
2024-09-05T08:46:56Z</time>
</trkpt>
<trkpt lon = "118.28225525604194" lat = "24.632255120318572">
<ele>
27.351142037659883</ele>
<speed>
4.876302354383008</speed>
<time>
2024-09-05T08:46:57Z</time>
</trkpt>
<trkpt lat = "24.632288431362742" lon = "118.28224508770836">
<ele>
27.114906528033316</ele>
<speed>
4.460806266801713</speed>
<time>
2024-09-05T08:46:58Z</time>
</trkpt>
<trkpt lat = "24.63230966880071" lon = "118.28221041943095">
<ele>
26.695386975072324</ele>
<speed>
4.021586161194777</speed>
<time>
2024-09-05T08:46:59Z</time>
</trkpt>
<trkpt lat = "24.632366631220016" lon = "118.2821785697739">
<ele>
26.69977749325335</ele>
<speed>
4.971177867058917</speed>
<time>
2024-09-05T08:47:00Z</time>
</trkpt>
<trkpt lon = "118.2821458857422" lat = "24.63242152751902">
<ele>
26.61007936950773</ele>
<speed>
5.70248963849331</speed>
<time>
2024-09-05T08:47:01Z</time>
</trkpt>
<trkpt lon = "118.28211585462375" lat = "24.632473349285526">
<ele>
26.34412721823901</ele>
<speed>
6.07727478480325</speed>
<time>
2024-09-05T08:47:02Z</time>
</trkpt>
<trkpt lon = "118.28208818528424" lat = "24.63252079244299">
<ele>
26.393307575024664</ele>
<speed>
5.981477967297786</speed>
<time>
2024-09-05T08:47:03Z</time>
</trkpt>
<trkpt lat = "24.63256488572634" lon = "118.28206901011559">
<ele>
26.370208632200956</ele>
<speed>
5.516872615815133</speed>
<time>
2024-09-05T08:47:04Z</time>
</trkpt>
<trkpt lat = "24.6326180667773" lon = "118.2820573771609">
<ele>
26.420805878005922</ele>
<speed>
5.5616808463126315</speed>
<time>
2024-09-05T08:47:05Z</time>
</trkpt>
<trkpt lon = "118.28204072032867" lat = "24.632658988657575">
<ele>
26.460454964078963</ele>
<speed>
5.318229336049161</speed>
<time>
2024-09-05T08:47:06Z</time>
</trkpt>
<trkpt lon = "118.2820213715622" lat = "24.632697525722506">
<ele>
26.390994352288544</ele>
<speed>
5.149063743424669</speed>
<time>
2024-09-05T08:47:07Z</time>
</trkpt>
<trkpt lat = "24.63274369062517" lon = "118.28199293762378">
<ele>
26.052874847315252</ele>
<speed>
5.179293604436008</speed>
<time>
2024-09-05T08:47:08Z</time>
</trkpt>
<trkpt lat = "24.6327987045235" lon = "118.28196317562166">
<ele>
25.848362857475877</ele>
<speed>
5.484349831470395</speed>
<time>
2024-09-05T08:47:09Z</time>
</trkpt>
<trkpt lat = "24.63284368120804" lon = "118.28192051865858">
<ele>
25.61684844456613</ele>
<speed>
5.6414576052634775</speed>
<time>
2024-09-05T08:47:10Z</time>
</trkpt>
<trkpt lon = "118.28188123681976" lat = "24.632905361854995">
<ele>
25.44791561830789</ele>
<speed>
6.297946889658396</speed>
<time>
2024-09-05T08:47:11Z</time>
</trkpt>
<trkpt lon = "118.28186424944512" lat = "24.63295920443977">
<ele>
25.615719025954604</ele>
<speed>
6.186314978533292</speed>
<time>
2024-09-05T08:47:12Z</time>
</trkpt>
<trkpt lon = "118.28183383922257" lat = "24.63300091302442">
<ele>
25.46783747896552</ele>
<speed>
5.899576529830333</speed>
<time>
2024-09-05T08:47:13Z</time>
</trkpt>
<trkpt lat = "24.63304691439659" lon = "118.28179131641708">
<ele>
25.39549099560827</ele>
<speed>
6.046444357271317</speed>
<time>
2024-09-05T08:47:14Z</time>
</trkpt>
<trkpt lat = "24.633084107555362" lon = "118.28175314656544">
<ele>
25.45328197348863</ele>
<speed>
5.823831364173764</speed>
<time>
2024-09-05T08:47:15Z</time>
</trkpt>
<trkpt lon = "118.28172799776563" lat = "24.63312661768662">
<ele>
25.28917509317398</ele>
<speed>
5.569060379132308</speed>
<time>
2024-09-05T08:47:16Z</time>
</trkpt>
<trkpt lat = "24.633172112085205" lon = "118.28169186728097">
<ele>
25.085471922531724</ele>
<speed>
5.620046066836923</speed>
<time>
2024-09-05T08:47:17Z</time>
</trkpt>
<trkpt lat = "24.633230938478764" lon = "118.28166716632458">
<ele>
25.24091173708439</ele>
<speed>
6.179803359778576</speed>
<time>
2024-09-05T08:47:18Z</time>
</trkpt>
<trkpt lat = "24.63328617056931" lon = "118.2816283689267">
<ele>
24.843363281339407</ele>
<speed>
6.364063727027644</speed>
<time>
2024-09-05T08:47:19Z</time>
</trkpt>
<trkpt lat = "24.633349614396753" lon = "118.28159883076401">
<ele>
24.876474367454648</ele>
<speed>
6.6262161247434825</speed>
<time>
2024-09-05T08:47:20Z</time>
</trkpt>
<trkpt lon = "118.28156951375219" lat = "24.633414873635136">
<ele>
25.43062502052635</ele>
<speed>
6.842531052762716</speed>
<time>
2024-09-05T08:47:21Z</time>
</trkpt>
<trkpt lat = "24.633477577872533" lon = "118.28153319955635">
<ele>
25.614336671307683</ele>
<speed>
6.6770953212911905</speed>
<time>
2024-09-05T08:47:22Z</time>
</trkpt>
<trkpt lon = "118.28149956917623" lat = "24.633538841287077">
<ele>
25.981751324608922</ele>
<speed>
6.479066950787946</speed>
<time>
2024-09-05T08:47:23Z</time>
</trkpt>
<trkpt lon = "118.28146284613301" lat = "24.6335976900078">
<ele>
26.392352728173137</ele>
<speed>
6.475671574779554</speed>
<time>
2024-09-05T08:47:24Z</time>
</trkpt>
<trkpt lon = "118.28143999108345" lat = "24.633644381108212">
<ele>
26.228441995568573</ele>
<speed>
5.873979732194591</speed>
<time>
2024-09-05T08:47:25Z</time>
</trkpt>
<trkpt lon = "118.2814124220312" lat = "24.633692416192503">
<ele>
25.984318015165627</ele>
<speed>
5.7280078114012944</speed>
<time>
2024-09-05T08:47:26Z</time>
</trkpt>
<trkpt lon = "118.28138990461109" lat = "24.633736807527608">
<ele>
26.421521809883416</ele>
<speed>
5.481064014846825</speed>
<time>
2024-09-05T08:47:27Z</time>
</trkpt>
<trkpt lat = "24.63377753187623" lon = "118.28136178765043">
<ele>
25.925558233633637</ele>
<speed>
5.144925632867966</speed>
<time>
2024-09-05T08:47:28Z</time>
</trkpt>
<trkpt lat = "24.633820524410304" lon = "118.28134007847162">
<ele>
26.136337478645146</ele>
<speed>
4.965416210530189</speed>
<time>
2024-09-05T08:47:29Z</time>
</trkpt>
<trkpt lat = "24.633861476959172" lon = "118.28132915304944">
<ele>
26.178590206429362</ele>
<speed>
4.774548579210032</speed>
<time>
2024-09-05T08:47:30Z</time>
</trkpt>
<trkpt lon = "118.28130697383446" lat = "24.6338918660112">
<ele>
26.63976734690368</ele>
<speed>
4.373450758862064</speed>
<time>
2024-09-05T08:47:31Z</time>
</trkpt>
<trkpt lon = "118.28128983471963" lat = "24.633929825677814">
<ele>
26.753607883118093</ele>
<speed>
4.39869617751842</speed>
<time>
2024-09-05T08:47:32Z</time>
</trkpt>
<trkpt lon = "118.28127452540272" lat = "24.633974524915214">
<ele>
26.7059155581519</ele>
<speed>
4.722287262937075</speed>
<time>
2024-09-05T08:47:33Z</time>
</trkpt>
<trkpt lat = "24.63401840252593" lon = "118.28125194915594">
<ele>
26.885027629323304</ele>
<speed>
5.007043126479631</speed>
<time>
2024-09-05T08:47:34Z</time>
</trkpt>
<trkpt lat = "24.63406438926333" lon = "118.28122997901099">
<ele>
26.82719885930419</ele>
<speed>
5.141499311259701</speed>
<time>
2024-09-05T08:47:35Z</time>
</trkpt>
<trkpt lat = "24.63410996182792" lon = "118.28120780110564">
<ele>
26.734441705048084</ele>
<speed>
5.054448530355347</speed>
<time>
2024-09-05T08:47:36Z</time>
</trkpt>
<trkpt lon = "118.28119223635508" lat = "24.634154499376113">
<ele>
26.903925384394825</ele>
<speed>
5.028921043894321</speed>
<time>
2024-09-05T08:47:37Z</time>
</trkpt>
<trkpt lat = "24.63419009028096" lon = "118.28117532171296">
<ele>
27.078140342608094</ele>
<speed>
4.696631869311243</speed>
<time>
2024-09-05T08:47:38Z</time>
</trkpt>
<trkpt lat = "24.634231698411423" lon = "118.28115520722123">
<ele>
27.049806252121925</ele>
<speed>
4.703158543628592</speed>
<time>
2024-09-05T08:47:39Z</time>
</trkpt>
<trkpt lon = "118.28113331519212" lat = "24.634271853549468">
<ele>
27.089857301674783</ele>
<speed>
4.661196290105236</speed>
<time>
2024-09-05T08:47:40Z</time>
</trkpt>
<trkpt lat = "24.63430889646177" lon = "118.2811101467134">
<ele>
27.095010813325644</ele>
<speed>
4.590422844622656</speed>
<time>
2024-09-05T08:47:41Z</time>
</trkpt>
<trkpt lon = "118.28108349515524" lat = "24.63435341560023">
<ele>
27.11688346415758</ele>
<speed>
4.7922442339572235</speed>
<time>
2024-09-05T08:47:42Z</time>
</trkpt>
<trkpt lon = "118.2810486579147" lat = "24.634392696909277">
<ele>
26.52843164652586</ele>
<speed>
4.867395450646439</speed>
<time>
2024-09-05T08:47:43Z</time>
</trkpt>
<trkpt lat = "24.634427109283635" lon = "118.28101146151495">
<ele>
26.44452530425042</ele>
<speed>
5.075149126674158</speed>
<time>
2024-09-05T08:47:44Z</time>
</trkpt>
<trkpt lat = "24.634456509438238" lon = "118.28098163875755">
<ele>
25.975271829403937</ele>
<speed>
4.950038473482157</speed>
<time>
2024-09-05T08:47:45Z</time>
</trkpt>
<trkpt lat = "24.63448803635594" lon = "118.28095012494737">
<ele>
25.679367781616747</ele>
<speed>
5.012111679685287</speed>
<time>
2024-09-05T08:47:46Z</time>
</trkpt>
<trkpt lon = "118.28091452871932" lat = "24.634514336690167">
<ele>
25.404606292024255</ele>
<speed>
5.001318539051502</speed>
<time>
2024-09-05T08:47:47Z</time>
</trkpt>
<trkpt lon = "118.28088685080915" lat = "24.63454202327841">
<ele>
25.432987667620182</ele>
<speed>
4.685078569756072</speed>
<time>
2024-09-05T08:47:48Z</time>
</trkpt>
<trkpt lat = "24.63456012450093" lon = "118.28086148685388">
<ele>
25.4334505693987</ele>
<speed>
4.151287076587162</speed>
<time>
2024-09-05T08:47:49Z</time>
</trkpt>
<trkpt lon = "118.28084297171476" lat = "24.63457941301674">
<ele>
24.831441992893815</ele>
<speed>
3.7811474520128563</speed>
<time>
2024-09-05T08:47:50Z</time>
</trkpt>
<trkpt lon = "118.28082326017613" lat = "24.634599364169798">
<ele>
24.588755417615175</ele>
<speed>
3.5240799794212503</speed>
<time>
2024-09-05T08:47:51Z</time>
</trkpt>
<trkpt lat = "24.634625884919462" lon = "118.28079348231624">
<ele>
24.61789886187762</ele>
<speed>
3.8215815527996577</speed>
<time>
2024-09-05T08:47:52Z</time>
</trkpt>
<trkpt lat = "24.634647919424186" lon = "118.28076578313352">
<ele>
24.100359117612243</ele>
<speed>
3.741560863556138</speed>
<time>
2024-09-05T08:47:53Z</time>
</trkpt>
<trkpt lon = "118.28073177597332" lat = "24.63466615188347">
<ele>
24.010226785205305</ele>
<speed>
3.94620214067098</speed>
<time>
2024-09-05T08:47:54Z</time>
</trkpt>
<trkpt lat = "24.634683568564032" lon = "118.2806987591832">
<ele>
23.67511668242514</ele>
<speed>
4.06494570028665</speed>
<time>
2024-09-05T08:47:55Z</time>
</trkpt>
<trkpt lon = "118.28065213279312" lat = "24.634696927718654">
<ele>
23.80322824511677</ele>
<speed>
4.653281749814043</speed>
<time>
2024-09-05T08:47:56Z</time>
</trkpt>
<trkpt lat = "24.63470682011552" lon = "118.28059225219603">
<ele>
23.588534612208605</ele>
<speed>
5.430219588367549</speed>
<time>
2024-09-05T08:47:57Z</time>
</trkpt>
<trkpt lat = "24.634716676818112" lon = "118.28054021173595">
<ele>
23.74798838980496</ele>
<speed>
5.702383332920444</speed>
<time>
2024-09-05T08:47:58Z</time>
</trkpt>
<trkpt lon = "118.28048007684819" lat = "24.634735011621228">
<ele>
23.41855952795595</ele>
<speed>
5.931879146785689</speed>
<time>
2024-09-05T08:47:59Z</time>
</trkpt>
<trkpt lon = "118.28041614716629" lat = "24.634745508823237">
<ele>
23.375972353853285</ele>
<speed>
6.078454388913343</speed>
<time>
2024-09-05T08:48:00Z</time>
</trkpt>
<trkpt lat = "24.634750653147584" lon = "118.28036531212034">
<ele>
23.035297711379826</ele>
<speed>
5.69839430604915</speed>
<time>
2024-09-05T08:48:01Z</time>
</trkpt>
<trkpt lat = "24.634751463652773" lon = "118.2803110786845">
<ele>
22.999616962857544</ele>
<speed>
5.535259128386607</speed>
<time>
2024-09-05T08:48:02Z</time>
</trkpt>
<trkpt lon = "118.28027151055882" lat = "24.634749324956164">
<ele>
22.637214798480272</ele>
<speed>
5.231788385521539</speed>
<time>
2024-09-05T08:48:03Z</time>
</trkpt>
<trkpt lat = "24.634756038848284" lon = "118.28022194902958">
<ele>
22.328229495324194</ele>
<speed>
5.0507055453977046</speed>
<time>
2024-09-05T08:48:04Z</time>
</trkpt>
<trkpt lon = "118.28017297298042" lat = "24.634759850553802">
<ele>
22.066326861269772</ele>
<speed>
4.968104342331446</speed>
<time>
2024-09-05T08:48:05Z</time>
</trkpt>
<trkpt lon = "118.28012652481824" lat = "24.634773118142693">
<ele>
22.37240474484861</ele>
<speed>
4.864832865788465</speed>
<time>
2024-09-05T08:48:06Z</time>
</trkpt>
<trkpt lat = "24.634805351224948" lon = "118.28008075480275">
<ele>
22.053321690298617</ele>
<speed>
4.956189156302417</speed>
<time>
2024-09-05T08:48:07Z</time>
</trkpt>
<trkpt lon = "118.28004153024196" lat = "24.634838789499316">
<ele>
22.007735298015177</ele>
<speed>
5.065768223061869</speed>
<time>
2024-09-05T08:48:08Z</time>
</trkpt>
<trkpt lat = "24.634889528918578" lon = "118.27999004618593">
<ele>
21.698764889501035</ele>
<speed>
6.046759746774354</speed>
<time>
2024-09-05T08:48:09Z</time>
</trkpt>
<trkpt lat = "24.634930374676486" lon = "118.27993920002713">
<ele>
21.47123323660344</ele>
<speed>
6.316520181021728</speed>
<time>
2024-09-05T08:48:10Z</time>
</trkpt>
<trkpt lon = "118.27988511335901" lat = "24.634963529906553">
<ele>
21.065629585646093</ele>
<speed>
6.418295043027127</speed>
<time>
2024-09-05T08:48:11Z</time>
</trkpt>
<trkpt lon = "118.27982347745028" lat = "24.6349942422246">
<ele>
20.593066165223718</ele>
<speed>
6.720074787212774</speed>
<time>
2024-09-05T08:48:12Z</time>
</trkpt>
<trkpt lat = "24.635020900182106" lon = "118.27976376861241">
<ele>
20.589820419438183</ele>
<speed>
6.754514867975677</speed>
<time>
2024-09-05T08:48:13Z</time>
</trkpt>
<trkpt lat = "24.635055690519422" lon = "118.27969282384903">
<ele>
20.343617162667215</ele>
<speed>
7.251209332765187</speed>
<time>
2024-09-05T08:48:14Z</time>
</trkpt>
<trkpt lat = "24.63509357452614" lon = "118.27962578585652">
<ele>
20.2936311326921</ele>
<speed>
7.395003036174908</speed>
<time>
2024-09-05T08:48:15Z</time>
</trkpt>
<trkpt lon = "118.27956166413286" lat = "24.63512521739053">
<ele>
20.283128877170384</ele>
<speed>
7.265502771762198</speed>
<time>
2024-09-05T08:48:16Z</time>
</trkpt>
<trkpt lon = "118.27949937751235" lat = "24.635157591487395">
<ele>
20.155396101996303</ele>
<speed>
6.997472042734252</speed>
<time>
2024-09-05T08:48:17Z</time>
</trkpt>
<trkpt lon = "118.2794436639841" lat = "24.635188387841943">
<ele>
20.133436520583928</ele>
<speed>
6.480808459966508</speed>
<time>
2024-09-05T08:48:18Z</time>
</trkpt>
<trkpt lat = "24.63521281960599" lon = "118.27940115311202">
<ele>
20.170292598195374</ele>
<speed>
5.6646893959952465</speed>
<time>
2024-09-05T08:48:19Z</time>
</trkpt>
<trkpt lat = "24.63524185019322" lon = "118.27936241614441">
<ele>
20.14788854122162</ele>
<speed>
5.349710079855222</speed>
<time>
2024-09-05T08:48:20Z</time>
</trkpt>
<trkpt lon = "118.27933095034594" lat = "24.635268299486693">
<ele>
19.753876390866935</ele>
<speed>
4.7543217866799425</speed>
<time>
2024-09-05T08:48:21Z</time>
</trkpt>
<trkpt lon = "118.27930340982135" lat = "24.6352927059088">
<ele>
19.97786074783653</ele>
<speed>
4.109694924166929</speed>
<time>
2024-09-05T08:48:22Z</time>
</trkpt>
<trkpt lat = "24.63531939122477" lon = "118.27927827506687">
<ele>
19.823999076150358</ele>
<speed>
3.8860593294594663</speed>
<time>
2024-09-05T08:48:23Z</time>
</trkpt>
<trkpt lon = "118.27925208565807" lat = "24.635339821912897">
<ele>
20.014716435223818</ele>
<speed>
3.6978662111708154</speed>
<time>
2024-09-05T08:48:24Z</time>
</trkpt>
<trkpt lat = "24.635365137355066" lon = "118.2792296016237">
<ele>
19.53824234288186</ele>
<speed>
3.5408815459023883</speed>
<time>
2024-09-05T08:48:25Z</time>
</trkpt>
<trkpt lon = "118.2792093751039" lat = "24.635389821837588">
<ele>
19.632687867619097</ele>
<speed>
3.343577402173036</speed>
<time>
2024-09-05T08:48:26Z</time>
</trkpt>
<trkpt lon = "118.27919102219025" lat = "24.635408706642988">
<ele>
19.39038425963372</ele>
<speed>
3.1566162808582</speed>
<time>
2024-09-05T08:48:27Z</time>
</trkpt>
<trkpt lon = "118.27917605384057" lat = "24.63542328102039">
<ele>
19.20809261314571</ele>
<speed>
2.7366166182448053</speed>
<time>
2024-09-05T08:48:28Z</time>
</trkpt>
<trkpt lat = "24.635442126565568" lon = "118.27916315002435">
<ele>
19.20969340670854</ele>
<speed>
2.4851983941411193</speed>
<time>
2024-09-05T08:48:29Z</time>
</trkpt>
<trkpt lon = "118.27914935727487" lat = "24.63545684135357">
<ele>
19.07653402723372</ele>
<speed>
2.3226657726009954</speed>
<time>
2024-09-05T08:48:30Z</time>
</trkpt>
<trkpt lat = "24.635472044517826" lon = "118.27913302001235">
<ele>
19.228027877397835</ele>
<speed>
2.301388113160997</speed>
<time>
2024-09-05T08:48:31Z</time>
</trkpt>
<trkpt lat = "24.635484915609965" lon = "118.27912345984491">
<ele>
19.174358502961695</ele>
<speed>
2.0096116645301367</speed>
<time>
2024-09-05T08:48:32Z</time>
</trkpt>
<trkpt lon = "118.27911277804299" lat = "24.635501206698642">
<ele>
19.024970575235784</ele>
<speed>
1.9199763491295923</speed>
<time>
2024-09-05T08:48:33Z</time>
</trkpt>
<trkpt lon = "118.27909963843821" lat = "24.635514037388496">
<ele>
19.26894753240049</ele>
<speed>
1.8288423032877001</speed>
<time>
2024-09-05T08:48:34Z</time>
</trkpt>
<trkpt lat = "24.635533822511306" lon = "118.27907973946863">
<ele>
19.18565888516605</ele>
<speed>
2.2667370382595204</speed>
<time>
2024-09-05T08:48:35Z</time>
</trkpt>
<trkpt lon = "118.27906414311933" lat = "24.635550415854624">
<ele>
19.00861827097833</ele>
<speed>
2.3932337719970853</speed>
<time>
2024-09-05T08:48:36Z</time>
</trkpt>
<trkpt lon = "118.27905299017037" lat = "24.63556773163322">
<ele>
18.842101640999317</ele>
<speed>
2.3256635595247985</speed>
<time>
2024-09-05T08:48:37Z</time>
</trkpt>
<trkpt lat = "24.635583135647167" lon = "118.27904348140649">
<ele>
18.809424835257232</ele>
<speed>
2.1982171855031027</speed>
<time>
2024-09-05T08:48:38Z</time>
</trkpt>
<trkpt lon = "118.27901952068248" lat = "24.635608462808552">
<ele>
18.677167426794767</ele>
<speed>
2.8478446570314424</speed>
<time>
2024-09-05T08:48:39Z</time>
</trkpt>
<trkpt lon = "118.27899262921402" lat = "24.635633507033106">
<ele>
18.075566143728793</ele>
<speed>
3.3780873079092957</speed>
<time>
2024-09-05T08:48:40Z</time>
</trkpt>
<trkpt lat = "24.635663432214315" lon = "118.27896702902565">
<ele>
17.936949340626597</ele>
<speed>
3.7758172454432732</speed>
<time>
2024-09-05T08:48:41Z</time>
</trkpt>
<trkpt lat = "24.635699677620842" lon = "118.27893192070844">
<ele>
17.75749440304935</ele>
<speed>
4.506634817779656</speed>
<time>
2024-09-05T08:48:42Z</time>
</trkpt>
<trkpt lat = "24.63573494551373" lon = "118.27889682367503">
<ele>
16.958114073611796</ele>
<speed>
4.876480649744808</speed>
<time>
2024-09-05T08:48:43Z</time>
</trkpt>
<trkpt lat = "24.635773502847645" lon = "118.27885592097533">
<ele>
16.77510800305754</ele>
<speed>
5.132896051912257</speed>
<time>
2024-09-05T08:48:44Z</time>
</trkpt>
<trkpt lon = "118.27882040034437" lat = "24.635810371541346">
<ele>
16.365569200366735</ele>
<speed>
5.077060878262241</speed>
<time>
2024-09-05T08:48:45Z</time>
</trkpt>
<trkpt lon = "118.27878397023866" lat = "24.635846384178844">
<ele>
16.120476842857897</ele>
<speed>
4.99172774016855</speed>
<time>
2024-09-05T08:48:46Z</time>
</trkpt>
<trkpt lat = "24.635877555786116" lon = "118.27875852989847">
<ele>
16.229262028820813</ele>
<speed>
4.4665104908795294</speed>
<time>
2024-09-05T08:48:47Z</time>
</trkpt>
<trkpt lon = "118.2787425054045" lat = "24.63590900981491">
<ele>
16.095526637509465</ele>
<speed>
3.998608123058723</speed>
<time>
2024-09-05T08:48:48Z</time>
</trkpt>
<trkpt lat = "24.635933300230104" lon = "118.27873538007898">
<ele>
15.81883053202182</ele>
<speed>
3.3231318612217784</speed>
<time>
2024-09-05T08:48:49Z</time>
</trkpt>
<trkpt lat = "24.635963891002977" lon = "118.27873288989895">
<ele>
15.46639840863645</ele>
<speed>
2.974134824493205</speed>
<time>
2024-09-05T08:48:50Z</time>
</trkpt>
<trkpt lat = "24.635990597252725" lon = "118.27872981119117">
<ele>
15.769792127422988</ele>
<speed>
2.825793794034784</speed>
<time>
2024-09-05T08:48:51Z</time>
</trkpt>
<trkpt lat = "24.63601880598691" lon = "118.27873098532959">
<ele>
15.606366140767932</ele>
<speed>
2.9755641452319375</speed>
<time>
2024-09-05T08:48:52Z</time>
</trkpt>
<trkpt lat = "24.636042268032917" lon = "118.27873186737348">
<ele>
15.63386101461947</ele>
<speed>
2.871273020650181</speed>
<time>
2024-09-05T08:48:53Z</time>
</trkpt>
<trkpt lon = "118.27874532369708" lat = "24.636069924721564">
<ele>
15.556466939859092</ele>
<speed>
3.0915516187234897</speed>
<time>
2024-09-05T08:48:54Z</time>
</trkpt>
<trkpt lat = "24.63610446969611" lon = "118.27876264719752">
<ele>
15.38155493605882</ele>
<speed>
3.7037731807574668</speed>
<time>
2024-09-05T08:48:55Z</time>
</trkpt>
<trkpt lat = "24.636150454028652" lon = "118.27878269969816">
<ele>
15.057310664094985</ele>
<speed>
4.69341209479947</speed>
<time>
2024-09-05T08:48:56Z</time>
</trkpt>
<trkpt lon = "118.27880597903211" lat = "24.636197792530112">
<ele>
14.538885111920536</ele>
<speed>
5.395168112159999</speed>
<time>
2024-09-05T08:48:57Z</time>
</trkpt>
<trkpt lon = "118.27883413507726" lat = "24.636252894945734">
<ele>
14.600255637429655</ele>
<speed>
6.120904928685296</speed>
<time>
2024-09-05T08:48:58Z</time>
</trkpt>
<trkpt lon = "118.2788649184974" lat = "24.636307492368438">
<ele>
14.375676549039781</ele>
<speed>
6.5482485651808355</speed>
<time>
2024-09-05T08:48:59Z</time>
</trkpt>
<trkpt lat = "24.63637202378915" lon = "118.27889571419779">
<ele>
14.422360986471176</ele>
<speed>
7.260961169401245</speed>
<time>
2024-09-05T08:49:00Z</time>
</trkpt>
<trkpt lon = "118.27892723738897" lat = "24.63644173089753">
<ele>
14.389885085634887</ele>
<speed>
7.950060105355825</speed>
<time>
2024-09-05T08:49:01Z</time>
</trkpt>
<trkpt lat = "24.636508128445943" lon = "118.27896010645249">
<ele>
14.282618791796267</ele>
<speed>
8.17179633797372</speed>
<time>
2024-09-05T08:49:02Z</time>
</trkpt>
<trkpt lat = "24.63658381750761" lon = "118.27899454214688">
<ele>
14.054158858023584</ele>
<speed>
8.726008862937187</speed>
<time>
2024-09-05T08:49:03Z</time>
</trkpt>
<trkpt lat = "24.636673594191937" lon = "118.27903766975628">
<ele>
13.792417106218636</ele>
<speed>
9.654318301891664</speed>
<time>
2024-09-05T08:49:04Z</time>
</trkpt>
<trkpt lon = "118.27907990789843" lat = "24.636758062985233">
<ele>
13.621406596153975</ele>
<speed>
10.098920869628662</speed>
<time>
2024-09-05T08:49:05Z</time>
</trkpt>
<trkpt lon = "118.27912551800335" lat = "24.636848987304848">
<ele>
13.633689335547388</ele>
<speed>
10.413750722197817</speed>
<time>
2024-09-05T08:49:06Z</time>
</trkpt>
<trkpt lat = "24.636941847181834" lon = "118.2791734404077">
<ele>
14.176252912729979</ele>
<speed>
10.693676026503397</speed>
<time>
2024-09-05T08:49:07Z</time>
</trkpt>
<trkpt lat = "24.637029902070612" lon = "118.27921159597634">
<ele>
13.98213290143758</ele>
<speed>
10.583470551385306</speed>
<time>
2024-09-05T08:49:08Z</time>
</trkpt>
<trkpt lat = "24.637116201727423" lon = "118.27924961173201">
<ele>
13.875797777436674</ele>
<speed>
10.450728339468695</speed>
<time>
2024-09-05T08:49:09Z</time>
</trkpt>
<trkpt lat = "24.637195708655923" lon = "118.27928690256422">
<ele>
13.819480963982642</ele>
<speed>
10.13334184061748</speed>
<time>
2024-09-05T08:49:10Z</time>
</trkpt>
<trkpt lon = "118.2793259962824" lat = "24.63727670647956">
<ele>
13.768102263100445</ele>
<speed>
9.949596084039893</speed>
<time>
2024-09-05T08:49:11Z</time>
</trkpt>
<trkpt lon = "118.27936522022917" lat = "24.6373546692467">
<ele>
13.522843457758427</ele>
<speed>
9.68082318386493</speed>
<time>
2024-09-05T08:49:12Z</time>
</trkpt>
<trkpt lon = "118.27940582590696" lat = "24.637434042405044">
<ele>
13.129176975227892</ele>
<speed>
9.576548626739001</speed>
<time>
2024-09-05T08:49:13Z</time>
</trkpt>
<trkpt lat = "24.63750920947469" lon = "118.27945451359037">
<ele>
13.240227106958628</ele>
<speed>
9.596983327918883</speed>
<time>
2024-09-05T08:49:14Z</time>
</trkpt>
<trkpt lat = "24.637581037120974" lon = "118.27950755011129">
<ele>
13.192224717698991</ele>
<speed>
9.483902014990559</speed>
<time>
2024-09-05T08:49:15Z</time>
</trkpt>
<trkpt lon = "118.27956897289273" lat = "24.637647043789595">
<ele>
13.236925141885877</ele>
<speed>
9.301849998546851</speed>
<time>
2024-09-05T08:49:16Z</time>
</trkpt>
<trkpt lat = "24.637707533259135" lon = "118.27964324903103">
<ele>
12.721312010660768</ele>
<speed>
9.41026940605174</speed>
<time>
2024-09-05T08:49:17Z</time>
</trkpt>
<trkpt lat = "24.637753879207086" lon = "118.27971607646224">
<ele>
12.537435444071889</ele>
<speed>
9.306565077075083</speed>
<time>
2024-09-05T08:49:18Z</time>
</trkpt>
<trkpt lon = "118.27978747798223" lat = "24.637801707846748">
<ele>
13.011915757320821</ele>
<speed>
9.2646517988995</speed>
<time>
2024-09-05T08:49:19Z</time>
</trkpt>
<trkpt lat = "24.637860947218073" lon = "118.27985623422695">
<ele>
13.034459828399122</ele>
<speed>
9.439422724290273</speed>
<time>
2024-09-05T08:49:20Z</time>
</trkpt>
<trkpt lon = "118.27996526064656" lat = "24.63787676057026">
<ele>
13.298726638779044</ele>
<speed>
9.564740943690005</speed>
<time>
2024-09-05T08:49:21Z</time>
</trkpt>
<trkpt lat = "24.637932581389457" lon = "118.28002958569729">
<ele>
13.594679936766624</ele>
<speed>
9.30309683975443</speed>
<time>
2024-09-05T08:49:22Z</time>
</trkpt>
<trkpt lon = "118.2800934159645" lat = "24.637982723155417">
<ele>
13.412897209636867</ele>
<speed>
9.107670859571666</speed>
<time>
2024-09-05T08:49:23Z</time>
</trkpt>
<trkpt lat = "24.63803468027249" lon = "118.28015745428723">
<ele>
13.366328993812203</ele>
<speed>
9.039223524051902</speed>
<time>
2024-09-05T08:49:24Z</time>
</trkpt>
<trkpt lat = "24.638089502136552" lon = "118.28021082005222">
<ele>
13.421615408733487</ele>
<speed>
8.700294892921987</speed>
<time>
2024-09-05T08:49:25Z</time>
</trkpt>
<trkpt lon = "118.28027192538491" lat = "24.6381294426606">
<ele>
13.354422410950065</ele>
<speed>
8.230185383245091</speed>
<time>
2024-09-05T08:49:26Z</time>
</trkpt>
<trkpt lon = "118.28033557410502" lat = "24.638177820015425">
<ele>
13.42879310529679</ele>
<speed>
8.274390222843662</speed>
<time>
2024-09-05T08:49:27Z</time>
</trkpt>
<trkpt lon = "118.280402560761" lat = "24.638234407111742">
<ele>
13.762652582488954</ele>
<speed>
8.707886705415897</speed>
<time>
2024-09-05T08:49:28Z</time>
</trkpt>
<trkpt lat = "24.638285643576168" lon = "118.28046898946276">
<ele>
13.949640903621912</ele>
<speed>
8.78730496794444</speed>
<time>
2024-09-05T08:49:29Z</time>
</trkpt>
<trkpt lat = "24.638334044412865" lon = "118.28053416246814">
<ele>
13.863502643071115</ele>
<speed>
8.466560996884642</speed>
<time>
2024-09-05T08:49:30Z</time>
</trkpt>
<trkpt lat = "24.638384812069052" lon = "118.28059361014252">
<ele>
13.556753498502076</ele>
<speed>
8.1221484400886</speed>
<time>
2024-09-05T08:49:31Z</time>
</trkpt>
<trkpt lat = "24.63843662997817" lon = "118.28065082212726">
<ele>
13.878159308806062</ele>
<speed>
7.969910662488276</speed>
<time>
2024-09-05T08:49:32Z</time>
</trkpt>
<trkpt lat = "24.638480837421536" lon = "118.28069756623817">
<ele>
14.01252449862659</ele>
<speed>
7.174326504911785</speed>
<time>
2024-09-05T08:49:33Z</time>
</trkpt>
<trkpt lat = "24.638524654966083" lon = "118.28073890844291">
<ele>
13.894777282141149</ele>
<speed>
6.674406464249186</speed>
<time>
2024-09-05T08:49:34Z</time>
</trkpt>
<trkpt lon = "118.28077003937706" lat = "24.638563271537894">
<ele>
13.730714292265475</ele>
<speed>
5.8312403842323475</speed>
<time>
2024-09-05T08:49:35Z</time>
</trkpt>
<trkpt lon = "118.28079090683931" lat = "24.638611679335682">
<ele>
14.087271333672106</ele>
<speed>
5.478401336290677</speed>
<time>
2024-09-05T08:49:36Z</time>
</trkpt>
<trkpt lat = "24.638667710029495" lon = "118.2807830822947">
<ele>
14.250140249729156</ele>
<speed>
5.334074726295459</speed>
<time>
2024-09-05T08:49:37Z</time>
</trkpt>
<trkpt lat = "24.638708219477486" lon = "118.280757851918">
<ele>
14.004100820049644</ele>
<speed>
4.82028109904014</speed>
<time>
2024-09-05T08:49:38Z</time>
</trkpt>
<trkpt lat = "24.63875002807806" lon = "118.2807264755605">
<ele>
14.179056769236922</ele>
<speed>
4.76089111373042</speed>
<time>
2024-09-05T08:49:39Z</time>
</trkpt>
<trkpt lat = "24.638788010443456" lon = "118.28069922479045">
<ele>
14.429442036896944</ele>
<speed>
4.55128396304257</speed>
<time>
2024-09-05T08:49:40Z</time>
</trkpt>
<trkpt lat = "24.63883843099393" lon = "118.28067901202517">
<ele>
14.464175960980356</ele>
<speed>
4.862695878294177</speed>
<time>
2024-09-05T08:49:41Z</time>
</trkpt>
<trkpt lon = "118.28067901202517" lat = "24.63883843099393">
<ele>
14.464175960980356</ele>
<speed>
4.862695878294177</speed>
<time>
2024-09-05T08:49:41Z</time>
</trkpt>
<trkpt lon = "118.28066367763941" lat = "24.638881973476106">
<ele>
14.422034132294357</ele>
<speed>
4.604557413469536</speed>
<time>
2024-09-05T08:49:42Z</time>
</trkpt>
<trkpt lat = "24.63891076134743" lon = "118.28065363953854">
<ele>
14.393264353275299</ele>
<speed>
3.841209196550407</speed>
<time>
2024-09-05T08:49:43Z</time>
</trkpt>
<trkpt lat = "24.63893011797048" lon = "118.28064270050541">
<ele>
14.112932649441063</ele>
<speed>
3.0144373864011555</speed>
<time>
2024-09-05T08:49:44Z</time>
</trkpt>
<trkpt lon = "118.28063243571266" lat = "24.638945702809632">
<ele>
14.063629402779043</ele>
<speed>
2.3395095175512326</speed>
<time>
2024-09-05T08:49:45Z</time>
</trkpt>
<trkpt lon = "118.28062635159442" lat = "24.638960375642483">
<ele>
14.03850563056767</ele>
<speed>
1.788463619170885</speed>
<time>
2024-09-05T08:49:46Z</time>
</trkpt>
<trkpt lat = "24.638974438243082" lon = "118.2806215079448">
<ele>
13.903787449002266</ele>
<speed>
1.3263540501478452</speed>
<time>
2024-09-05T08:49:47Z</time>
</trkpt>
<trkpt lat = "24.638988913419617" lon = "118.28061490746951">
<ele>
13.870782648213208</ele>
<speed>
1.2067228148531959</speed>
<time>
2024-09-05T08:49:48Z</time>
</trkpt>
<trkpt lat = "24.63900204302194" lon = "118.28060811611438">
<ele>
13.688853495754302</ele>
<speed>
1.2434463938654532</speed>
<time>
2024-09-05T08:49:49Z</time>
</trkpt>
<trkpt lat = "24.63901517871784" lon = "118.28059634530825">
<ele>
13.621037491597235</ele>
<speed>
1.2213156959060378</speed>
<time>
2024-09-05T08:49:50Z</time>
</trkpt>
<trkpt lon = "118.28057905551742" lat = "24.639042886747287">
<ele>
13.571022762916982</ele>
<speed>
1.9937586218281014</speed>
<time>
2024-09-05T08:49:51Z</time>
</trkpt>
<trkpt lat = "24.63907602102185" lon = "118.28055819469681">
<ele>
13.607441141270101</ele>
<speed>
2.788500754122074</speed>
<time>
2024-09-05T08:49:52Z</time>
</trkpt>
<trkpt lat = "24.639114699019665" lon = "118.28052812929603">
<ele>
13.657848450355232</ele>
<speed>
3.8117266935537706</speed>
<time>
2024-09-05T08:49:53Z</time>
</trkpt>
<trkpt lon = "118.28049943728885" lat = "24.639155198220497">
<ele>
13.62389764841646</ele>
<speed>
4.489766058393269</speed>
<time>
2024-09-05T08:49:54Z</time>
</trkpt>
<trkpt lat = "24.63920499436595" lon = "118.2804632453962">
<ele>
13.354786735959351</ele>
<speed>
5.399544689169264</speed>
<time>
2024-09-05T08:49:55Z</time>
</trkpt>
<trkpt lon = "118.28042363762319" lat = "24.63925345907335">
<ele>
13.300263376906514</ele>
<speed>
5.945747556180363</speed>
<time>
2024-09-05T08:49:56Z</time>
</trkpt>
<trkpt lon = "118.28039586268656" lat = "24.63930440028847">
<ele>
13.262030030600727</ele>
<speed>
6.011390332094461</speed>
<time>
2024-09-05T08:49:57Z</time>
</trkpt>
<trkpt lat = "24.639344599771164" lon = "118.28037336196243">
<ele>
13.397213567979634</ele>
<speed>
5.190150916484508</speed>
<time>
2024-09-05T08:49:58Z</time>
</trkpt>
<trkpt lat = "24.639372056686486" lon = "118.28035477613157">
<ele>
13.208584601059556</ele>
<speed>
3.9071768734507546</speed>
<time>
2024-09-05T08:49:59Z</time>
</trkpt>
<trkpt lat = "24.639395156305138" lon = "118.28034039635061">
<ele>
12.737219695933163</ele>
<speed>
3.064743908533909</speed>
<time>
2024-09-05T08:50:00Z</time>
</trkpt>
<trkpt lat = "24.63940796281751" lon = "118.28033857549767">
<ele>
12.690814040601254</ele>
<speed>
1.9972632205029093</speed>
<time>
2024-09-05T08:50:01Z</time>
</trkpt>
<trkpt lat = "24.63942301997086" lon = "118.28033056103241">
<ele>
12.692732214927673</ele>
<speed>
1.5489488749602858</speed>
<time>
2024-09-05T08:50:02Z</time>
</trkpt>
<trkpt lon = "118.28031747884579" lat = "24.639441754633474">
<ele>
12.668476324528456</ele>
<speed>
1.6257772187659953</speed>
<time>
2024-09-05T08:50:03Z</time>
</trkpt>
<trkpt lon = "118.28030831789063" lat = "24.639453847432677">
<ele>
12.671094273217022</ele>
<speed>
1.4613282590702832</speed>
<time>
2024-09-05T08:50:04Z</time>
</trkpt>
<trkpt lon = "118.28030253496772" lat = "24.639466784308322">
<ele>
12.740816575475037</ele>
<speed>
1.0864561726214712</speed>
<time>
2024-09-05T08:50:05Z</time>
</trkpt>
<trkpt lat = "24.639475083835706" lon = "118.28029747230474">
<ele>
12.39125027321279</ele>
<speed>
0.806922283761844</speed>
<time>
2024-09-05T08:50:06Z</time>
</trkpt>
<trkpt lat = "24.63948933284857" lon = "118.28028916744088">
<ele>
12.616093350574374</ele>
<speed>
1.1738632717873145</speed>
<time>
2024-09-05T08:50:07Z</time>
</trkpt>
<trkpt lat = "24.639505930189515" lon = "118.28027850704339">
<ele>
12.574680538848042</ele>
<speed>
1.7284041910709929</speed>
<time>
2024-09-05T08:50:08Z</time>
</trkpt>
<trkpt lat = "24.639523086217142" lon = "118.28026478214585">
<ele>
12.705999540165067</ele>
<speed>
1.9770026054200478</speed>
<time>
2024-09-05T08:50:09Z</time>
</trkpt>
<trkpt lat = "24.639533675950094" lon = "118.28025714250988">
<ele>
12.419878935441375</ele>
<speed>
1.376274718118692</speed>
<time>
2024-09-05T08:50:10Z</time>
</trkpt>
<trkpt lat = "24.639541020779152" lon = "118.2802508941262">
<ele>
12.48124347999692</ele>
<speed>
1.0158151643282989</speed>
<time>
2024-09-05T08:50:11Z</time>
</trkpt>
<trkpt lon = "118.28024393392342" lat = "24.63954782380604">
<ele>
12.268388461321592</ele>
<speed>
1.0076778260089272</speed>
<time>
2024-09-05T08:50:12Z</time>
</trkpt>
<trkpt lon = "118.28023845900188" lat = "24.63954841603916">
<ele>
12.279377242550254</ele>
<speed>
0.5333581794557112</speed>
<time>
2024-09-05T08:50:13Z</time>
</trkpt>
<trkpt lat = "24.639550936450938" lon = "118.28023241433628">
<ele>
12.115708447061479</ele>
<speed>
0.5384372225398386</speed>
<time>
2024-09-05T08:50:14Z</time>
</trkpt>
<trkpt lon = "118.28022393356757" lat = "24.639554755438393">
<ele>
12.221703780815005</ele>
<speed>
0.6659297461746685</speed>
<time>
2024-09-05T08:50:15Z</time>
</trkpt>
<trkpt lon = "118.28020486528075" lat = "24.639565630254285">
<ele>
12.015807354822755</ele>
<speed>
1.2707777792159038</speed>
<time>
2024-09-05T08:50:16Z</time>
</trkpt>
<trkpt lon = "118.2801832317809" lat = "24.639567846865173">
<ele>
11.85442557465285</ele>
<speed>
1.6270613810493986</speed>
<time>
2024-09-05T08:50:17Z</time>
</trkpt>
<trkpt lon = "118.28014640948831" lat = "24.63958850939116">
<ele>
11.676296227611601</ele>
<speed>
2.5216716168999476</speed>
<time>
2024-09-05T08:50:18Z</time>
</trkpt>
<trkpt lat = "24.639597997199683" lon = "118.2801138801544">
<ele>
11.660158758983016</ele>
<speed>
2.9030211369489853</speed>
<time>
2024-09-05T08:50:19Z</time>
</trkpt>
<trkpt lon = "118.28009237674793" lat = "24.63960321445582">
<ele>
11.306646209210157</ele>
<speed>
3.0608821958851697</speed>
<time>
2024-09-05T08:50:20Z</time>
</trkpt>
<trkpt lat = "24.639611279100443" lon = "118.2800638822695">
<ele>
10.890832555480301</ele>
<speed>
3.3549153911395573</speed>
<time>
2024-09-05T08:50:21Z</time>
</trkpt>
<trkpt lat = "24.639609949945186" lon = "118.28003282878404">
<ele>
10.70551791600883</ele>
<speed>
3.5926686012779925</speed>
<time>
2024-09-05T08:50:22Z</time>
</trkpt>
<trkpt lon = "118.27998295068151" lat = "24.639588503162575">
<ele>
10.275522182695568</ele>
<speed>
4.228641631483767</speed>
<time>
2024-09-05T08:50:23Z</time>
</trkpt>
<trkpt lat = "24.63957108773601" lon = "118.27993166845094">
<ele>
9.925065820105374</ele>
<speed>
4.935705764511218</speed>
<time>
2024-09-05T08:50:24Z</time>
</trkpt>
<trkpt lon = "118.27986369412783" lat = "24.639543013275443">
<ele>
10.100507283583283</ele>
<speed>
5.567358906210102</speed>
<time>
2024-09-05T08:50:25Z</time>
</trkpt>
<trkpt lon = "118.27980496760111" lat = "24.639528339895417">
<ele>
10.325132082216442</ele>
<speed>
5.640183260212032</speed>
<time>
2024-09-05T08:50:26Z</time>
</trkpt>
<trkpt lon = "118.27974304289418" lat = "24.639507056453073">
<ele>
10.495222787372768</ele>
<speed>
5.727179938978408</speed>
<time>
2024-09-05T08:50:27Z</time>
</trkpt>
<trkpt lon = "118.279681112681" lat = "24.639476608550904">
<ele>
10.465533804148436</ele>
<speed>
5.859114416291328</speed>
<time>
2024-09-05T08:50:28Z</time>
</trkpt>
<trkpt lon = "118.27962882932101" lat = "24.63945320302585">
<ele>
10.541153053753078</ele>
<speed>
5.793044450284407</speed>
<time>
2024-09-05T08:50:29Z</time>
</trkpt>
<trkpt lat = "24.639432545954932" lon = "118.2795639789422">
<ele>
10.586689705960453</ele>
<speed>
5.952017055303765</speed>
<time>
2024-09-05T08:50:30Z</time>
</trkpt>
<trkpt lat = "24.63941214341846" lon = "118.27948979110582">
<ele>
10.626252588815987</ele>
<speed>
6.236036662452291</speed>
<time>
2024-09-05T08:50:31Z</time>
</trkpt>
<trkpt lon = "118.27941589161779" lat = "24.639388207990596">
<ele>
10.779230549000204</ele>
<speed>
6.479548780866619</speed>
<time>
2024-09-05T08:50:32Z</time>
</trkpt>
<trkpt lon = "118.27934715193648" lat = "24.63936490813837">
<ele>
10.890738188289106</ele>
<speed>
6.456951883362491</speed>
<time>
2024-09-05T08:50:33Z</time>
</trkpt>
<trkpt lat = "24.639339026330585" lon = "118.27928588461896">
<ele>
10.837064332328737</ele>
<speed>
6.487954545083292</speed>
<time>
2024-09-05T08:50:34Z</time>
</trkpt>
<trkpt lat = "24.63930970583707" lon = "118.27921978318713">
<ele>
10.866457346826792</ele>
<speed>
6.523653117781338</speed>
<time>
2024-09-05T08:50:35Z</time>
</trkpt>
<trkpt lon = "118.27916326532471" lat = "24.639287858079157">
<ele>
10.973300567828119</ele>
<speed>
6.335799562060239</speed>
<time>
2024-09-05T08:50:36Z</time>
</trkpt>
<trkpt lat = "24.63927149846878" lon = "118.27911269177125">
<ele>
10.933444975875318</ele>
<speed>
6.0783536461981</speed>
<time>
2024-09-05T08:50:37Z</time>
</trkpt>
<trkpt lat = "24.639248299140277" lon = "118.27906651878197">
<ele>
10.964453719556332</ele>
<speed>
5.806257559216618</speed>
<time>
2024-09-05T08:50:38Z</time>
</trkpt>
<trkpt lat = "24.639230214938777" lon = "118.27901397625534">
<ele>
11.01226276345551</ele>
<speed>
5.439935550361815</speed>
<time>
2024-09-05T08:50:39Z</time>
</trkpt>
<trkpt lon = "118.27896361274598" lat = "24.639214840594935">
<ele>
11.155810754746199</ele>
<speed>
4.91232111985026</speed>
<time>
2024-09-05T08:50:40Z</time>
</trkpt>
<trkpt lat = "24.639198012321877" lon = "118.27890353333459">
<ele>
11.197819530032575</ele>
<speed>
4.591560266607663</speed>
<time>
2024-09-05T08:50:41Z</time>
</trkpt>
<trkpt lat = "24.639183607885084" lon = "118.27885552944213">
<ele>
11.234111392870545</ele>
<speed>
4.314395527108975</speed>
<time>
2024-09-05T08:50:42Z</time>
</trkpt>
<trkpt lat = "24.639172213111145" lon = "118.27881379336749">
<ele>
11.289740989916027</ele>
<speed>
4.009048474901999</speed>
<time>
2024-09-05T08:50:43Z</time>
</trkpt>
<trkpt lat = "24.639158763504525" lon = "118.27876401261639">
<ele>
11.384966843761504</ele>
<speed>
3.929489923989927</speed>
<time>
2024-09-05T08:50:44Z</time>
</trkpt>
<trkpt lat = "24.63914047856362" lon = "118.27870443622967">
<ele>
11.455789693631232</ele>
<speed>
4.00450438502438</speed>
<time>
2024-09-05T08:50:45Z</time>
</trkpt>
<trkpt lat = "24.63911926005323" lon = "118.27867204119255">
<ele>
11.622164512984455</ele>
<speed>
3.7254805370005526</speed>
<time>
2024-09-05T08:50:46Z</time>
</trkpt>
<trkpt lat = "24.639119087329806" lon = "118.27863790874376">
<ele>
11.769072332419455</ele>
<speed>
3.403198950420439</speed>
<time>
2024-09-05T08:50:47Z</time>
</trkpt>
<trkpt lon = "118.27858632766484" lat = "24.639122725638387">
<ele>
11.968113992363214</ele>
<speed>
3.556525891527614</speed>
<time>
2024-09-05T08:50:48Z</time>
</trkpt>
<trkpt lat = "24.639111294254366" lon = "118.27854603382616">
<ele>
11.847222635522485</ele>
<speed>
3.543271957956027</speed>
<time>
2024-09-05T08:50:49Z</time>
</trkpt>
<trkpt lat = "24.639108710560723" lon = "118.27852699761627">
<ele>
11.956648285500705</ele>
<speed>
3.308968105248738</speed>
<time>
2024-09-05T08:50:50Z</time>
</trkpt>
<trkpt lat = "24.6391077612728" lon = "118.27849933012422">
<ele>
12.33272000681609</ele>
<speed>
3.350616657796309</speed>
<time>
2024-09-05T08:50:51Z</time>
</trkpt>
<trkpt lat = "24.639097977969826" lon = "118.2784736571562">
<ele>
12.816997188143432</ele>
<speed>
3.4451421946659107</speed>
<time>
2024-09-05T08:50:52Z</time>
</trkpt>
<trkpt lat = "24.63908873558273" lon = "118.27844055320931">
<ele>
12.352988343685865</ele>
<speed>
3.652694793441937</speed>
<time>
2024-09-05T08:50:53Z</time>
</trkpt>
<trkpt lat = "24.639088373701856" lon = "118.27840435317329">
<ele>
12.493390248157084</ele>
<speed>
3.9212886491990018</speed>
<time>
2024-09-05T08:50:54Z</time>
</trkpt>
<trkpt lat = "24.63908554422184" lon = "118.27836648752361">
<ele>
12.595897230319679</ele>
<speed>
4.089755120253109</speed>
<time>
2024-09-05T08:50:55Z</time>
</trkpt>
<trkpt lat = "24.63908759316649" lon = "118.27833219187004">
<ele>
12.297677089460194</ele>
<speed>
4.176243621213029</speed>
<time>
2024-09-05T08:50:56Z</time>
</trkpt>
<trkpt lat = "24.639070189560773" lon = "118.27831405611656">
<ele>
12.624883439391851</ele>
<speed>
4.278318610694353</speed>
<time>
2024-09-05T08:50:57Z</time>
</trkpt>
<trkpt lat = "24.639074611293786" lon = "118.27828200870462">
<ele>
12.368978413753211</ele>
<speed>
4.420548059123496</speed>
<time>
2024-09-05T08:50:58Z</time>
</trkpt>
<trkpt lon = "118.27823699728901" lat = "24.6390861379579">
<ele>
12.181816281750798</ele>
<speed>
4.4199202727547755</speed>
<time>
2024-09-05T08:50:59Z</time>
</trkpt>
<trkpt lat = "24.639086286378387" lon = "118.27820293562044">
<ele>
12.384409096091986</ele>
<speed>
4.241095971544549</speed>
<time>
2024-09-05T08:51:00Z</time>
</trkpt>
<trkpt lat = "24.63907825716148" lon = "118.27816251267784">
<ele>
12.21881297416985</ele>
<speed>
4.195278974569736</speed>
<time>
2024-09-05T08:51:01Z</time>
</trkpt>
<trkpt lon = "118.27812630033866" lat = "24.639072645044163">
<ele>
12.053517641499639</ele>
<speed>
4.074420220304278</speed>
<time>
2024-09-05T08:51:02Z</time>
</trkpt>
<trkpt lat = "24.639057421248236" lon = "118.27809010013765">
<ele>
12.015061281621456</ele>
<speed>
4.163808210982748</speed>
<time>
2024-09-05T08:51:03Z</time>
</trkpt>
<trkpt lat = "24.63903706556164" lon = "118.27806909688317">
<ele>
12.138521960936487</ele>
<speed>
3.8917499535100646</speed>
<time>
2024-09-05T08:51:04Z</time>
</trkpt>
<trkpt lon = "118.27804596181653" lat = "24.639023741812732">
<ele>
12.007731148041785</ele>
<speed>
3.521702677885922</speed>
<time>
2024-09-05T08:51:05Z</time>
</trkpt>
<trkpt lon = "118.27801900741706" lat = "24.63900624685531">
<ele>
12.134692875668406</ele>
<speed>
3.329471411536039</speed>
<time>
2024-09-05T08:51:06Z</time>
</trkpt>
<trkpt lon = "118.27801594186347" lat = "24.638967684484857">
<ele>
11.966852745041251</ele>
<speed>
2.9337355127074325</speed>
<time>
2024-09-05T08:51:07Z</time>
</trkpt>
<trkpt lon = "118.27802618619116" lat = "24.638937558339293">
<ele>
11.809741785749793</ele>
<speed>
2.2838707200796087</speed>
<time>
2024-09-05T08:51:08Z</time>
</trkpt>
<trkpt lon = "118.27801088841983" lat = "24.638925695000815">
<ele>
12.102575118653476</ele>
<speed>
1.9757000625339711</speed>
<time>
2024-09-05T08:51:09Z</time>
</trkpt>
<trkpt lat = "24.63892276250465" lon = "118.27800562882474">
<ele>
12.072487480938435</ele>
<speed>
1.4330235222445304</speed>
<time>
2024-09-05T08:51:10Z</time>
</trkpt>
<trkpt lon = "118.27800415949227" lat = "24.638915112681097">
<ele>
12.109541551209986</ele>
<speed>
1.0835295635382367</speed>
<time>
2024-09-05T08:51:11Z</time>
</trkpt>
<trkpt lat = "24.63890298342874" lon = "118.27800671612906">
<ele>
11.953147765249014</ele>
<speed>
1.0240962639341538</speed>
<time>
2024-09-05T08:51:12Z</time>
</trkpt>
<trkpt lat = "24.63889743181436" lon = "118.27800798473815">
<ele>
12.109727747738361</ele>
<speed>
0.8649774455426898</speed>
<time>
2024-09-05T08:51:13Z</time>
</trkpt>
<trkpt lon = "118.278004716533" lat = "24.638895212755592">
<ele>
12.0994634879753</ele>
<speed>
0.7853162045637648</speed>
<time>
2024-09-05T08:51:14Z</time>
</trkpt>
<trkpt lat = "24.638888917247183" lon = "118.277995194299">
<ele>
12.014258608222008</ele>
<speed>
0.7227219085978672</speed>
<time>
2024-09-05T08:51:15Z</time>
</trkpt>
<trkpt lat = "24.638889029403174" lon = "118.27799505615008">
<ele>
12.074695123359561</ele>
<speed>
0.4110141143735184</speed>
<time>
2024-09-05T08:51:16Z</time>
</trkpt>
<trkpt lat = "24.63889297621159" lon = "118.27799386364818">
<ele>
12.177138292230666</ele>
<speed>
0.22031044459282736</speed>
<time>
2024-09-05T08:51:17Z</time>
</trkpt>
<trkpt lat = "24.638914312563234" lon = "118.27799576157256">
<ele>
12.167165749706328</ele>
<speed>
0.11293716801867688</speed>
<time>
2024-09-05T08:51:18Z</time>
</trkpt>
<trkpt lon = "118.27798736236034" lat = "24.638953518713947">
<ele>
12.243402073159814</ele>
<speed>
0.1648401820410817</speed>
<time>
2024-09-05T08:51:19Z</time>
</trkpt>
<trkpt lat = "24.638966942685652" lon = "118.27797914062522">
<ele>
12.255711909383535</ele>
<speed>
0.080563912897315</speed>
<time>
2024-09-05T08:51:20Z</time>
</trkpt>
<trkpt lat = "24.638965984619446" lon = "118.27797066955978">
<ele>
11.925043015740812</ele>
<speed>
0.3810383735378505</speed>
<time>
2024-09-05T08:51:21Z</time>
</trkpt>
<trkpt lat = "24.63895962950106" lon = "118.27796776188814">
<ele>
11.904744511470199</ele>
<speed>
0.5482684199698664</speed>
<time>
2024-09-05T08:51:22Z</time>
</trkpt>
<trkpt lat = "24.638962990533987" lon = "118.27796653127616">
<ele>
11.811194222420454</ele>
<speed>
0.2009822447727057</speed>
<time>
2024-09-05T08:51:23Z</time>
</trkpt>
<trkpt lat = "24.638961199960015" lon = "118.2779600508342">
<ele>
11.84768472891301</ele>
<speed>
0.31650972203721595</speed>
<time>
2024-09-05T08:51:24Z</time>
</trkpt>
<trkpt lat = "24.638954790300026" lon = "118.27795323190503">
<ele>
11.916034771129489</ele>
<speed>
0.44430233898525573</speed>
<time>
2024-09-05T08:51:25Z</time>
</trkpt>
<trkpt lat = "24.638956011452777" lon = "118.27795241940022">
<ele>
11.774189099669456</ele>
<speed>
0.11394124069233395</speed>
<time>
2024-09-05T08:51:26Z</time>
</trkpt>
<trkpt lon = "118.27796147557356" lat = "24.63896234263957">
<ele>
11.817543336190283</ele>
<speed>
0.15535438241483884</speed>
<time>
2024-09-05T08:51:27Z</time>
</trkpt>
<trkpt lon = "118.27796226012975" lat = "24.638975804228362">
<ele>
11.877601250074804</ele>
<speed>
0.09717534343020795</speed>
<time>
2024-09-05T08:51:28Z</time>
</trkpt>
<trkpt lon = "118.27797271486747" lat = "24.638983079083054">
<ele>
11.562686464749277</ele>
<speed>
0.16901205348349965</speed>
<time>
2024-09-05T08:51:29Z</time>
</trkpt>
<trkpt lat = "24.638989109738848" lon = "118.27801325687895">
<ele>
11.733452084474266</ele>
<speed>
0.29141476187838217</speed>
<time>
2024-09-05T08:51:30Z</time>
</trkpt>
<trkpt lat = "24.639001635852168" lon = "118.27804158864751">
<ele>
11.6522212093696</ele>
<speed>
0.3931346547859742</speed>
<time>
2024-09-05T08:51:31Z</time>
</trkpt>
<trkpt lat = "24.639004750949425" lon = "118.27805681014775">
<ele>
11.634306350722909</ele>
<speed>
0.2570955404323542</speed>
<time>
2024-09-05T08:51:32Z</time>
</trkpt>
<trkpt lat = "24.639000380093936" lon = "118.27807488950054">
<ele>
11.556705558672547</ele>
<speed>
0.49300317018735995</speed>
<time>
2024-09-05T08:51:33Z</time>
</trkpt>
<trkpt lat = "24.6390011725418" lon = "118.27809138749049">
<ele>
11.523279621265829</ele>
<speed>
0.7142427801351368</speed>
<time>
2024-09-05T08:51:34Z</time>
</trkpt>
<trkpt lat = "24.639003277161354" lon = "118.27809952463106">
<ele>
11.828294357284904</ele>
<speed>
0.5776495828247792</speed>
<time>
2024-09-05T08:51:35Z</time>
</trkpt>
<trkpt lat = "24.639018551065604" lon = "118.278120445878">
<ele>
11.883535447530448</ele>
<speed>
0.6367570354105657</speed>
<time>
2024-09-05T08:51:36Z</time>
</trkpt>
<trkpt lon = "118.27813385109917" lat = "24.639028862621977">
<ele>
12.053628373891115</ele>
<speed>
0.4386430899529172</speed>
<time>
2024-09-05T08:51:37Z</time>
</trkpt>
<trkpt lat = "24.63903487442419" lon = "118.27814443211905">
<ele>
12.109276791103184</ele>
<speed>
0.4424138294399085</speed>
<time>
2024-09-05T08:51:38Z</time>
</trkpt>
<trkpt lat = "24.639045763391287" lon = "118.27814055080965">
<ele>
12.153756246902049</ele>
<speed>
0.14217509687779864</speed>
<time>
2024-09-05T08:51:39Z</time>
</trkpt>
<trkpt lat = "24.63902606193792" lon = "118.27821689890497">
<ele>
11.897802229039371</ele>
<speed>
1.8098747684126082</speed>
<time>
2024-09-05T08:51:40Z</time>
</trkpt>
<trkpt lat = "24.639019800450285" lon = "118.27826388229994">
<ele>
12.394363108091056</ele>
<speed>
2.3321605376283667</speed>
<time>
2024-09-05T08:51:41Z</time>
</trkpt>
<trkpt lat = "24.63902524983905" lon = "118.27828751589148">
<ele>
12.371289949864149</ele>
<speed>
2.2887660528458116</speed>
<time>
2024-09-05T08:51:42Z</time>
</trkpt>
<trkpt lat = "24.63902906604305" lon = "118.27831005386449">
<ele>
12.199387533590198</ele>
<speed>
2.3010760783337907</speed>
<time>
2024-09-05T08:51:43Z</time>
</trkpt>
<trkpt lat = "24.639020605446476" lon = "118.2783375904446">
<ele>
12.27205157186836</ele>
<speed>
2.4549168720432375</speed>
<time>
2024-09-05T08:51:44Z</time>
</trkpt>
<trkpt lon = "118.27837130366834" lat = "24.639022418899277">
<ele>
12.66276909224689</ele>
<speed>
2.6089926691957492</speed>
<time>
2024-09-05T08:51:45Z</time>
</trkpt>
<trkpt lat = "24.63902449067919" lon = "118.2783969278213">
<ele>
12.529317480511963</ele>
<speed>
2.5541883011944373</speed>
<time>
2024-09-05T08:51:46Z</time>
</trkpt>
<trkpt lat = "24.639016587276203" lon = "118.27842362928088">
<ele>
12.400905260816216</ele>
<speed>
2.5370520987639718</speed>
<time>
2024-09-05T08:51:47Z</time>
</trkpt>
<trkpt lat = "24.639023776004542" lon = "118.27844647726046">
<ele>
12.432361553423107</ele>
<speed>
2.412279715989428</speed>
<time>
2024-09-05T08:51:48Z</time>
</trkpt>
<trkpt lat = "24.639032424890555" lon = "118.27846154485967">
<ele>
12.113285398110747</ele>
<speed>
2.2649950028533543</speed>
<time>
2024-09-05T08:51:49Z</time>
</trkpt>
<trkpt lat = "24.639041235675695" lon = "118.27847374335254">
<ele>
12.433279382064939</ele>
<speed>
2.1277599612646365</speed>
<time>
2024-09-05T08:51:50Z</time>
</trkpt>
<trkpt lon = "118.27848814936037" lat = "24.63905653586777">
<ele>
12.087445508688688</ele>
<speed>
2.0608117951461433</speed>
<time>
2024-09-05T08:51:51Z</time>
</trkpt>
<trkpt lat = "24.63905985577505" lon = "118.27851311009569">
<ele>
12.240793363191187</ele>
<speed>
2.0902063451896407</speed>
<time>
2024-09-05T08:51:52Z</time>
</trkpt>
<trkpt lon = "118.27853924175072" lat = "24.63906604440304">
<ele>
12.22421031165868</ele>
<speed>
2.162180353964369</speed>
<time>
2024-09-05T08:51:53Z</time>
</trkpt>
<trkpt lat = "24.63908060801001" lon = "118.27856437908537">
<ele>
12.363281321711838</ele>
<speed>
2.3559029235101883</speed>
<time>
2024-09-05T08:51:54Z</time>
</trkpt>
<trkpt lat = "24.639124746197208" lon = "118.27858001723227">
<ele>
12.14071648567915</ele>
<speed>
2.4287634929954574</speed>
<time>
2024-09-05T08:51:55Z</time>
</trkpt>
<trkpt lon = "118.27860570419354" lat = "24.639144967317904">
<ele>
12.270268747583032</ele>
<speed>
2.581494557007549</speed>
<time>
2024-09-05T08:51:56Z</time>
</trkpt>
<trkpt lon = "118.27862680870413" lat = "24.639179042373755">
<ele>
11.986749175935984</ele>
<speed>
2.7140763158868793</speed>
<time>
2024-09-05T08:51:57Z</time>
</trkpt>
<trkpt lat = "24.639171214457146" lon = "118.2786220748992">
<ele>
12.371803956106305</ele>
<speed>
1.278568768280885</speed>
<time>
2024-09-05T08:51:58Z</time>
</trkpt>
<trkpt lat = "24.639176768553956" lon = "118.2786383925826">
<ele>
12.373350790701807</ele>
<speed>
1.1661775142631121</speed>
<time>
2024-09-05T08:51:59Z</time>
</trkpt>
<trkpt lat = "24.63917062618879" lon = "118.27864669534883">
<ele>
12.398770248517394</ele>
<speed>
1.0724324168177417</speed>
<time>
2024-09-05T08:52:00Z</time>
</trkpt>
<trkpt lat = "24.639170509386553" lon = "118.27865600705144">
<ele>
12.393472825177014</ele>
<speed>
1.085699717234131</speed>
<time>
2024-09-05T08:52:01Z</time>
</trkpt>
<trkpt lon = "118.27867347421169" lat = "24.639170319340227">
<ele>
12.575582633726299</ele>
<speed>
1.3993585004698965</speed>
<time>
2024-09-05T08:52:02Z</time>
</trkpt>
<trkpt lon = "118.27869315188224" lat = "24.63918947981773">
<ele>
12.63350118137896</ele>
<speed>
1.7905097120008202</speed>
<time>
2024-09-05T08:52:03Z</time>
</trkpt>
<trkpt lat = "24.639226934738108" lon = "118.27872337998558">
<ele>
12.130129713565111</ele>
<speed>
2.4340215058963692</speed>
<time>
2024-09-05T08:52:04Z</time>
</trkpt>
<trkpt lon = "118.27874954743072" lat = "24.639257598908536">
<ele>
12.416207447648048</ele>
<speed>
2.7715781947228693</speed>
<time>
2024-09-05T08:52:05Z</time>
</trkpt>
<trkpt lon = "118.27872498693519" lat = "24.639241047648653">
<ele>
12.405004914849997</ele>
<speed>
1.2443533260595991</speed>
<time>
2024-09-05T08:52:06Z</time>
</trkpt>
<trkpt lat = "24.639231051457802" lon = "118.27874215009842">
<ele>
12.551286863163114</ele>
<speed>
1.1363006974014962</speed>
<time>
2024-09-05T08:52:07Z</time>
</trkpt>
<trkpt lat = "24.639229515550127" lon = "118.27875952110564">
<ele>
12.271169735118747</ele>
<speed>
1.1534680270175643</speed>
<time>
2024-09-05T08:52:08Z</time>
</trkpt>
<trkpt lat = "24.639235185658062" lon = "118.278780717605">
<ele>
12.229948044754565</ele>
<speed>
1.3408609217969671</speed>
<time>
2024-09-05T08:52:09Z</time>
</trkpt>
<trkpt lat = "24.639249342861" lon = "118.27881606401836">
<ele>
12.662165326997638</ele>
<speed>
1.8677948975018963</speed>
<time>
2024-09-05T08:52:10Z</time>
</trkpt>
<trkpt lat = "24.639264397487846" lon = "118.27885755094077">
<ele>
12.464677663519979</ele>
<speed>
2.422359341426209</speed>
<time>
2024-09-05T08:52:11Z</time>
</trkpt>
<trkpt lat = "24.639276639748974" lon = "118.27889264527113">
<ele>
12.132016157731414</ele>
<speed>
2.7920114863113605</speed>
<time>
2024-09-05T08:52:12Z</time>
</trkpt>
<trkpt lat = "24.639284545543177" lon = "118.27893643877745">
<ele>
12.314052084460855</ele>
<speed>
3.1132259480596463</speed>
<time>
2024-09-05T08:52:13Z</time>
</trkpt>
<trkpt lat = "24.639290348183952" lon = "118.27900056404148">
<ele>
12.280161023139954</ele>
<speed>
3.665941339981766</speed>
<time>
2024-09-05T08:52:14Z</time>
</trkpt>
<trkpt lat = "24.639299535551416" lon = "118.27905598029868">
<ele>
12.188084105961025</ele>
<speed>
3.926001915683176</speed>
<time>
2024-09-05T08:52:15Z</time>
</trkpt>
<trkpt lat = "24.639293880459302" lon = "118.27911699633411">
<ele>
12.438431343063712</ele>
<speed>
4.119120452329553</speed>
<time>
2024-09-05T08:52:16Z</time>
</trkpt>
<trkpt lat = "24.639283539965476" lon = "118.27922577373074">
<ele>
11.854850299656391</ele>
<speed>
4.474194386153812</speed>
<time>
2024-09-05T08:52:17Z</time>
</trkpt>
<trkpt lon = "118.27931310230073" lat = "24.63937425636419">
<ele>
11.728994377888739</ele>
<speed>
4.881006382365502</speed>
<time>
2024-09-05T08:52:18Z</time>
</trkpt>
<trkpt lat = "24.639455118142024" lon = "118.27937506563606">
<ele>
11.57035073172301</ele>
<speed>
4.871180337211542</speed>
<time>
2024-09-05T08:52:19Z</time>
</trkpt>
<trkpt lat = "24.639477794964108" lon = "118.2794195085814">
<ele>
11.54049951210618</ele>
<speed>
4.463475545979925</speed>
<time>
2024-09-05T08:52:20Z</time>
</trkpt>
<trkpt lon = "118.27946236532381" lat = "24.639472613504523">
<ele>
11.619780191220343</ele>
<speed>
3.697130666347736</speed>
<time>
2024-09-05T08:52:21Z</time>
</trkpt>
<trkpt lon = "118.27951935136282" lat = "24.639463930749837">
<ele>
11.460201839916408</ele>
<speed>
3.070135437101911</speed>
<time>
2024-09-05T08:52:22Z</time>
</trkpt>
<trkpt lat = "24.63945589330347" lon = "118.27956541554009">
<ele>
11.281444230116904</ele>
<speed>
2.6449136982758086</speed>
<time>
2024-09-05T08:52:23Z</time>
</trkpt>
<trkpt lon = "118.27959742006765" lat = "24.63945027061092">
<ele>
11.257557208649814</ele>
<speed>
2.1718606588857035</speed>
<time>
2024-09-05T08:52:24Z</time>
</trkpt>
<trkpt lon = "118.27962602064864" lat = "24.63945409590752">
<ele>
11.093020567670465</ele>
<speed>
1.391595187700933</speed>
<time>
2024-09-05T08:52:25Z</time>
</trkpt>
<trkpt lon = "118.27962324778143" lat = "24.639455037942803">
<ele>
11.142451778054237</ele>
<speed>
0.5714210530306536</speed>
<time>
2024-09-05T08:52:26Z</time>
</trkpt>
<trkpt lat = "24.639462827255386" lon = "118.27959530055702">
<ele>
11.00067697558552</ele>
<speed>
1.0907975582429794</speed>
<time>
2024-09-05T08:52:27Z</time>
</trkpt>
<trkpt lat = "24.639467375205697" lon = "118.27956816910161">
<ele>
11.420612297952175</ele>
<speed>
2.141563905926112</speed>
<time>
2024-09-05T08:52:28Z</time>
</trkpt>
<trkpt lat = "24.639471655137278" lon = "118.27953132080329">
<ele>
11.71463995333761</ele>
<speed>
3.002460665979153</speed>
<time>
2024-09-05T08:52:29Z</time>
</trkpt>
<trkpt lon = "118.27949991952472" lat = "24.639457707886212">
<ele>
11.606673859991133</ele>
<speed>
3.5817358087683577</speed>
<time>
2024-09-05T08:52:30Z</time>
</trkpt>
<trkpt lat = "24.63944002562124" lon = "118.27944863963148">
<ele>
11.410894302651286</ele>
<speed>
4.188182716998928</speed>
<time>
2024-09-05T08:52:31Z</time>
</trkpt>
<trkpt lon = "118.27938948746282" lat = "24.63941441354776">
<ele>
11.096649606712162</ele>
<speed>
4.86059243280354</speed>
<time>
2024-09-05T08:52:32Z</time>
</trkpt>
<trkpt lon = "118.27932629099294" lat = "24.639396466397837">
<ele>
10.704912398010492</ele>
<speed>
5.5892651600431655</speed>
<time>
2024-09-05T08:52:33Z</time>
</trkpt>
<trkpt lat = "24.639379675022525" lon = "118.27927263854232">
<ele>
10.940405691973865</ele>
<speed>
5.664021029374077</speed>
<time>
2024-09-05T08:52:34Z</time>
</trkpt>
<trkpt lat = "24.63935874640624" lon = "118.27922101046524">
<ele>
11.058324509300292</ele>
<speed>
5.712056710316409</speed>
<time>
2024-09-05T08:52:35Z</time>
</trkpt>
<trkpt lat = "24.639338636654895" lon = "118.27916513630115">
<ele>
11.247166063636541</ele>
<speed>
5.881148957215434</speed>
<time>
2024-09-05T08:52:36Z</time>
</trkpt>
<trkpt lon = "118.27910670098832" lat = "24.63932540333197">
<ele>
11.07925236131996</ele>
<speed>
6.01007416418845</speed>
<time>
2024-09-05T08:52:37Z</time>
</trkpt>
<trkpt lon = "118.27905212372951" lat = "24.639312013154225">
<ele>
11.195564959198236</ele>
<speed>
6.014900376528651</speed>
<time>
2024-09-05T08:52:38Z</time>
</trkpt>
<trkpt lon = "118.27900125389054" lat = "24.639293777430435">
<ele>
11.522441442124546</ele>
<speed>
5.925629456754503</speed>
<time>
2024-09-05T08:52:39Z</time>
</trkpt>
<trkpt lon = "118.27894747466817" lat = "24.639277145460365">
<ele>
11.631066830828786</ele>
<speed>
5.937227937551398</speed>
<time>
2024-09-05T08:52:40Z</time>
</trkpt>
<trkpt lon = "118.27889002763867" lat = "24.63926086666327">
<ele>
11.348373549059033</ele>
<speed>
5.984152228500305</speed>
<time>
2024-09-05T08:52:41Z</time>
</trkpt>
<trkpt lon = "118.27883798347705" lat = "24.639238860539308">
<ele>
11.498793628066778</ele>
<speed>
5.904042837294502</speed>
<time>
2024-09-05T08:52:42Z</time>
</trkpt>
<trkpt lat = "24.63922218320441" lon = "118.27878852419532">
<ele>
11.397555689327419</ele>
<speed>
5.745140898406185</speed>
<time>
2024-09-05T08:52:43Z</time>
</trkpt>
<trkpt lon = "118.27873742141855" lat = "24.63919814743064">
<ele>
11.58566259033978</ele>
<speed>
5.61391655680435</speed>
<time>
2024-09-05T08:52:44Z</time>
</trkpt>
<trkpt lon = "118.27869988132268" lat = "24.639177603417522">
<ele>
11.467595656402409</ele>
<speed>
5.243226955101238</speed>
<time>
2024-09-05T08:52:45Z</time>
</trkpt>
<trkpt lat = "24.639195955833287" lon = "118.27864113833053">
<ele>
11.235667288303375</ele>
<speed>
4.859185954420871</speed>
<time>
2024-09-05T08:52:46Z</time>
</trkpt>
<trkpt lat = "24.639209318838617" lon = "118.2785902016038">
<ele>
11.948116661980748</ele>
<speed>
4.9329260180301615</speed>
<time>
2024-09-05T08:52:47Z</time>
</trkpt>
<trkpt lon = "118.27854164193782" lat = "24.639211922777694">
<ele>
12.177518070675433</ele>
<speed>
5.211589157997499</speed>
<time>
2024-09-05T08:52:48Z</time>
</trkpt>
<trkpt lat = "24.63919736067426" lon = "118.27851136954709">
<ele>
11.957305086776614</ele>
<speed>
4.480975653001026</speed>
<time>
2024-09-05T08:52:49Z</time>
</trkpt>
<trkpt lat = "24.639187009608044" lon = "118.27850046170089">
<ele>
12.69985438324511</ele>
<speed>
3.611348959846601</speed>
<time>
2024-09-05T08:52:50Z</time>
</trkpt>
<trkpt lat = "24.639185275963662" lon = "118.27847042310161">
<ele>
12.390431368723512</ele>
<speed>
3.3900800803504283</speed>
<time>
2024-09-05T08:52:51Z</time>
</trkpt>
<trkpt lat = "24.639172651753668" lon = "118.27844891548027">
<ele>
12.094677072949708</ele>
<speed>
3.0252807775940864</speed>
<time>
2024-09-05T08:52:52Z</time>
</trkpt>
<trkpt lat = "24.639157991088155" lon = "118.27841804400208">
<ele>
12.36361488327384</ele>
<speed>
3.1228731861150307</speed>
<time>
2024-09-05T08:52:53Z</time>
</trkpt>
<trkpt lat = "24.63916192260681" lon = "118.27839855783068">
<ele>
12.497834920883179</ele>
<speed>
2.7146115784043983</speed>
<time>
2024-09-05T08:52:54Z</time>
</trkpt>
<trkpt lat = "24.63917626303286" lon = "118.27837927424292">
<ele>
12.661415023729205</ele>
<speed>
2.446061031353033</speed>
<time>
2024-09-05T08:52:55Z</time>
</trkpt>
<trkpt lon = "118.2783653747453" lat = "24.639170733719638">
<ele>
12.399243359453976</ele>
<speed>
2.2061359361974615</speed>
<time>
2024-09-05T08:52:56Z</time>
</trkpt>
<trkpt lon = "118.27834906682433" lat = "24.63917373956334">
<ele>
12.69301806949079</ele>
<speed>
2.092704263490152</speed>
<time>
2024-09-05T08:52:57Z</time>
</trkpt>
<trkpt lat = "24.639161405275583" lon = "118.27833861737923">
<ele>
12.537312810309231</ele>
<speed>
1.9801804222448245</speed>
<time>
2024-09-05T08:52:58Z</time>
</trkpt>
<trkpt lat = "24.63914254061135" lon = "118.2783263614237">
<ele>
12.74772477708757</ele>
<speed>
2.059966083895191</speed>
<time>
2024-09-05T08:52:59Z</time>
</trkpt>
<trkpt lon = "118.2783078272598" lat = "24.639130157292147">
<ele>
12.653147866949439</ele>
<speed>
2.4244929647666997</speed>
<time>
2024-09-05T08:53:00Z</time>
</trkpt>
<trkpt lat = "24.639136209700002" lon = "118.27829497516647">
<ele>
12.070675071328878</ele>
<speed>
2.0859855734047765</speed>
<time>
2024-09-05T08:53:01Z</time>
</trkpt>
<trkpt lon = "118.27826126384758" lat = "24.639144641976056">
<ele>
12.366966010071337</ele>
<speed>
2.4639443766265456</speed>
<time>
2024-09-05T08:53:02Z</time>
</trkpt>
<trkpt lon = "118.27823412814672" lat = "24.63914221622607">
<ele>
12.559652455151081</ele>
<speed>
2.5397567654375672</speed>
<time>
2024-09-05T08:53:03Z</time>
</trkpt>
<trkpt lat = "24.639140319189703" lon = "118.27820937871772">
<ele>
12.20662593934685</ele>
<speed>
2.455798251220185</speed>
<time>
2024-09-05T08:53:04Z</time>
</trkpt>
<trkpt lon = "118.27818184033947" lat = "24.63913191608804">
<ele>
12.395178319886327</ele>
<speed>
2.4536460792380157</speed>
<time>
2024-09-05T08:53:05Z</time>
</trkpt>
<trkpt lat = "24.639120579703256" lon = "118.27815774059155">
<ele>
12.253930045291781</ele>
<speed>
2.3957421719742746</speed>
<time>
2024-09-05T08:53:06Z</time>
</trkpt>
<trkpt lat = "24.639112203610498" lon = "118.2781315145362">
<ele>
12.33231925405562</ele>
<speed>
2.4469364236597966</speed>
<time>
2024-09-05T08:53:07Z</time>
</trkpt>
<trkpt lon = "118.27809875340621" lat = "24.639099032902784">
<ele>
11.963539136573672</ele>
<speed>
2.671754848187275</speed>
<time>
2024-09-05T08:53:08Z</time>
</trkpt>
<trkpt lon = "118.27806747444119" lat = "24.63909444327344">
<ele>
12.001336953602731</ele>
<speed>
2.7632768614958874</speed>
<time>
2024-09-05T08:53:09Z</time>
</trkpt>
<trkpt lat = "24.639091813249788" lon = "118.27804030615256">
<ele>
11.77573855780065</ele>
<speed>
2.685571089162109</speed>
<time>
2024-09-05T08:53:10Z</time>
</trkpt>
<trkpt lat = "24.639082411091344" lon = "118.27803100338528">
<ele>
11.846030725166202</ele>
<speed>
2.287791926704748</speed>
<time>
2024-09-05T08:53:11Z</time>
</trkpt>
<trkpt lon = "118.27802066136104" lat = "24.639065990763537">
<ele>
11.880523656494915</ele>
<speed>
2.090376155056872</speed>
<time>
2024-09-05T08:53:12Z</time>
</trkpt>
<trkpt lat = "24.63904550680548" lon = "118.2780156145017">
<ele>
11.937401441857219</ele>
<speed>
1.9124880977198044</speed>
<time>
2024-09-05T08:53:13Z</time>
</trkpt>
<trkpt lat = "24.639024095772964" lon = "118.27802872243723">
<ele>
11.6137341177091</ele>
<speed>
1.2063325614235616</speed>
<time>
2024-09-05T08:53:14Z</time>
</trkpt>
<trkpt lat = "24.639012719734875" lon = "118.27802389530704">
<ele>
11.902936736121774</ele>
<speed>
1.1240747388738792</speed>
<time>
2024-09-05T08:53:15Z</time>
</trkpt>
<trkpt lat = "24.63901020199655" lon = "118.27802023798996">
<ele>
12.103748368099332</ele>
<speed>
1.085954854666526</speed>
<time>
2024-09-05T08:53:16Z</time>
</trkpt>
<trkpt lat = "24.639019134781083" lon = "118.27801903476642">
<ele>
11.973193415440619</ele>
<speed>
0.8293673709938796</speed>
<time>
2024-09-05T08:53:17Z</time>
</trkpt>
<trkpt lat = "24.639011669090337" lon = "118.27802052549852">
<ele>
11.816902392543852</ele>
<speed>
0.8778579623505778</speed>
<time>
2024-09-05T08:53:18Z</time>
</trkpt>
<trkpt lon = "118.27802130512258" lat = "24.639013760437617">
<ele>
11.822480590082705</ele>
<speed>
0.0</speed>
<time>
2024-09-05T08:53:19Z</time>
</trkpt>
<trkpt lat = "24.6390142061753" lon = "118.27803514355313">
<ele>
11.719872989691794</ele>
<speed>
0.0684391701990498</speed>
<time>
2024-09-05T08:53:20Z</time>
</trkpt>
<trkpt lon = "118.27803527927085" lat = "24.639014292364795">
<ele>
11.83036751486361</ele>
<speed>
0.0</speed>
<time>
2024-09-05T08:53:21Z</time>
</trkpt>
<trkpt lon = "118.27803446911487" lat = "24.638990257875133">
<ele>
11.684531067498028</ele>
<speed>
0.083009115594527</speed>
<time>
2024-09-05T08:53:22Z</time>
</trkpt>
<trkpt lat = "24.638972266742766" lon = "118.2780300850706">
<ele>
11.65065582189709</ele>
<speed>
0.4386973220214936</speed>
<time>
2024-09-05T08:53:23Z</time>
</trkpt>
<trkpt lat = "24.63895711503443" lon = "118.27802766650942">
<ele>
11.863412108272314</ele>
<speed>
0.6219024091482734</speed>
<time>
2024-09-05T08:53:24Z</time>
</trkpt>
<trkpt lat = "24.638942640984368" lon = "118.27802486115141">
<ele>
11.895761711522937</ele>
<speed>
0.6455590888906075</speed>
<time>
2024-09-05T08:53:25Z</time>
</trkpt>
<trkpt lat = "24.638940102819454" lon = "118.27802348896242">
<ele>
12.04902030620724</ele>
<speed>
0.4005169404163518</speed>
<time>
2024-09-05T08:53:26Z</time>
</trkpt>
<trkpt lat = "24.63894364853718" lon = "118.27802734199383">
<ele>
11.899558239616454</ele>
<speed>
0.0</speed>
<time>
2024-09-05T08:53:27Z</time>
</trkpt>
<trkpt lat = "24.63894364853718" lon = "118.27802734199383">
<ele>
11.899558239616454</ele>
<speed>
0.0</speed>
<time>
2024-09-05T08:53:28Z</time>
</trkpt>
<trkpt lon = "118.2780258018139" lat = "24.638945235171715">
<ele>
12.131431063637137</ele>
<speed>
0.017577697921325065</speed>
<time>
2024-09-05T08:53:29Z</time>
</trkpt>
<trkpt lat = "24.638945295858367" lon = "118.27802581927345">
<ele>
12.131802584044635</ele>
<speed>
0.0</speed>
<time>
2024-09-05T08:53:30Z</time>
</trkpt>
<trkpt lat = "24.638945295858367" lon = "118.27802581927345">
<ele>
12.131802584044635</ele>
<speed>
0.0</speed>
<time>
2024-09-05T08:53:31Z</time>
</trkpt>
<trkpt lon = "118.27801773136007" lat = "24.638945385550564">
<ele>
12.025729968212545</ele>
<speed>
0.0</speed>
<time>
2024-09-05T08:53:32Z</time>
</trkpt>
<trkpt lat = "24.63894691292942" lon = "118.2780192200175">
<ele>
12.02898777090013</ele>
<speed>
0.0643737903079678</speed>
<time>
2024-09-05T08:53:33Z</time>
</trkpt>
<trkpt lat = "24.63895470258926" lon = "118.2780162417038">
<ele>
12.092825369909406</ele>
<speed>
0.046081071331792685</speed>
<time>
2024-09-05T08:53:34Z</time>
</trkpt>
<trkpt lat = "24.63895724573892" lon = "118.27801436225555">
<ele>
11.68705687392503</ele>
<speed>
0.22090739022271605</speed>
<time>
2024-09-05T08:53:35Z</time>
</trkpt>
<trkpt lon = "118.27801564042602" lat = "24.638960278972256">
<ele>
12.092504173517227</ele>
<speed>
0.18291346617864473</speed>
<time>
2024-09-05T08:53:36Z</time>
</trkpt>
<trkpt lat = "24.638959539338213" lon = "118.27801717868043">
<ele>
11.93604783155024</ele>
<speed>
0.13265579265268887</speed>
<time>
2024-09-05T08:53:37Z</time>
</trkpt>
<trkpt lon = "118.27802282271035" lat = "24.638957329233683">
<ele>
11.9975265879184</ele>
<speed>
0.11662250428022877</speed>
<time>
2024-09-05T08:53:38Z</time>
</trkpt>
<trkpt lat = "24.638960727292655" lon = "118.27801631767788">
<ele>
11.949247375130653</ele>
<speed>
0.3661839257496857</speed>
<time>
2024-09-05T08:53:39Z</time>
</trkpt>
<trkpt lat = "24.638971164974194" lon = "118.27801673519332">
<ele>
12.112290454097092</ele>
<speed>
0.1371073386639322</speed>
<time>
2024-09-05T08:53:40Z</time>
</trkpt>
<trkpt lon = "118.2780035839825" lat = "24.638979113330162">
<ele>
11.97327799256891</ele>
<speed>
0.0542531286123692</speed>
<time>
2024-09-05T08:53:41Z</time>
</trkpt>
<trkpt lat = "24.63896548005324" lon = "118.27799467885879">
<ele>
11.982080172747374</ele>
<speed>
0.18892449361273694</speed>
<time>
2024-09-05T08:53:42Z</time>
</trkpt>
<trkpt lat = "24.638953768372556" lon = "118.27798670859423">
<ele>
11.79085386916995</ele>
<speed>
0.42866322430652687</speed>
<time>
2024-09-05T08:53:43Z</time>
</trkpt>
<trkpt lat = "24.63895525095326" lon = "118.27798713513307">
<ele>
11.79993016179651</ele>
<speed>
0.0</speed>
<time>
2024-09-05T08:53:44Z</time>
</trkpt>
<trkpt lon = "118.27798959719469" lat = "24.638950672790873">
<ele>
11.670970309525728</ele>
<speed>
0.18250821787174</speed>
<time>
2024-09-05T08:53:45Z</time>
</trkpt>
<trkpt lon = "118.27799004153951" lat = "24.63895082266378">
<ele>
11.654159697704017</ele>
<speed>
0.0</speed>
<time>
2024-09-05T08:53:46Z</time>
</trkpt>
<trkpt lat = "24.63895082266378" lon = "118.27799004153951">
<ele>
11.654159697704017</ele>
<speed>
0.0</speed>
<time>
2024-09-05T08:53:47Z</time>
</trkpt>
<trkpt lat = "24.63895082266378" lon = "118.27799004153951">
<ele>
11.654159697704017</ele>
<speed>
0.0</speed>
<time>
2024-09-05T08:53:48Z</time>
</trkpt>
<trkpt lat = "24.63895082266378" lon = "118.27799004153951">
<ele>
11.654159697704017</ele>
<speed>
0.0</speed>
<time>
2024-09-05T08:53:49Z</time>
</trkpt>
<trkpt lon = "118.27799004153951" lat = "24.63895082266378">
<ele>
11.654159697704017</ele>
<speed>
0.0</speed>
<time>
2024-09-05T08:53:50Z</time>
</trkpt>
<trkpt lat = "24.63895082266378" lon = "118.27799004153951">
<ele>
11.654159697704017</ele>
<speed>
0.0</speed>
<time>
2024-09-05T08:53:51Z</time>
</trkpt>
<trkpt lon = "118.27799004153951" lat = "24.63895082266378">
<ele>
11.654159697704017</ele>
<speed>
0.0</speed>
<time>
2024-09-05T08:53:52Z</time>
</trkpt>
<trkpt lon = "118.27799004153951" lat = "24.63895082266378">
<ele>
11.654159697704017</ele>
<speed>
0.0</speed>
<time>
2024-09-05T08:53:53Z</time>
</trkpt>
<trkpt lon = "118.27799004153951" lat = "24.63895082266378">
<ele>
11.654159697704017</ele>
<speed>
0.0</speed>
<time>
2024-09-05T08:53:54Z</time>
</trkpt>
<trkpt lon = "118.27799004153951" lat = "24.63895082266378">
<ele>
11.654159697704017</ele>
<speed>
0.0</speed>
<time>
2024-09-05T08:53:55Z</time>
</trkpt>
<trkpt lat = "24.63895082266378" lon = "118.27799004153951">
<ele>
11.654159697704017</ele>
<speed>
0.0</speed>
<time>
2024-09-05T08:53:56Z</time>
</trkpt>
<trkpt lat = "24.63895082266378" lon = "118.27799004153951">
<ele>
11.654159697704017</ele>
<speed>
0.0</speed>
<time>
2024-09-05T08:53:57Z</time>
</trkpt>
<trkpt lon = "118.27799004153951" lat = "24.63895082266378">
<ele>
11.654159697704017</ele>
<speed>
0.0</speed>
<time>
2024-09-05T08:53:58Z</time>
</trkpt>
<trkpt lon = "118.27799004153951" lat = "24.63895082266378">
<ele>
11.654159697704017</ele>
<speed>
0.0</speed>
<time>
2024-09-05T08:53:59Z</time>
</trkpt>
<trkpt lat = "24.63895082266378" lon = "118.27799004153951">
<ele>
11.654159697704017</ele>
<speed>
0.0</speed>
<time>
2024-09-05T08:54:00Z</time>
</trkpt>
<trkpt lat = "24.63895082266378" lon = "118.27799004153951">
<ele>
11.654159697704017</ele>
<speed>
0.0</speed>
<time>
2024-09-05T08:54:01Z</time>
</trkpt>
<trkpt lat = "24.638926637678225" lon = "118.2779970799686">
<ele>
11.854570366442204</ele>
<speed>
0.0</speed>
<time>
2024-09-05T08:54:02Z</time>
</trkpt>
<trkpt lon = "118.27799593109035" lat = "24.6389222158144">
<ele>
12.545117743313313</ele>
<speed>
0.3164319458529534</speed>
<time>
2024-09-05T08:54:03Z</time>
</trkpt>
<trkpt lat = "24.6389186516363" lon = "118.27799490953333">
<ele>
12.123840908519924</ele>
<speed>
0.2291728538923232</speed>
<time>
2024-09-05T08:54:04Z</time>
</trkpt>
<trkpt lon = "118.27799505038554" lat = "24.638919326972175">
<ele>
12.072380057536066</ele>
<speed>
0.0</speed>
<time>
2024-09-05T08:54:05Z</time>
</trkpt>
<trkpt lon = "118.27799505038554" lat = "24.638919326972175">
<ele>
12.072380057536066</ele>
<speed>
0.0</speed>
<time>
2024-09-05T08:54:06Z</time>
</trkpt>
<trkpt lon = "118.27799505038554" lat = "24.638919326972175">
<ele>
12.072380057536066</ele>
<speed>
0.0</speed>
<time>
2024-09-05T08:54:07Z</time>
</trkpt>
<trkpt lat = "24.63890901420044" lon = "118.27798247245126">
<ele>
12.050344809889793</ele>
<speed>
0.0</speed>
<time>
2024-09-05T08:54:08Z</time>
</trkpt>
<trkpt lon = "118.27798247245126" lat = "24.63890901420044">
<ele>
12.050344809889793</ele>
<speed>
0.0</speed>
<time>
2024-09-05T08:54:09Z</time>
</trkpt>
<trkpt lat = "24.63889679947869" lon = "118.27798606427262">
<ele>
12.120206082239747</ele>
<speed>
0.0</speed>
<time>
2024-09-05T08:54:10Z</time>
</trkpt>
<trkpt lon = "118.27798606427262" lat = "24.63889679947869">
<ele>
12.120206082239747</ele>
<speed>
0.0</speed>
<time>
2024-09-05T08:54:11Z</time>
</trkpt>
<trkpt lon = "118.27798226452359" lat = "24.638892030794853">
<ele>
12.209725076332688</ele>
<speed>
0.0</speed>
<time>
2024-09-05T08:54:12Z</time>
</trkpt>
<trkpt lon = "118.27797983667742" lat = "24.63889298361233">
<ele>
12.271506358869374</ele>
<speed>
0.11387689768101776</speed>
<time>
2024-09-05T08:54:13Z</time>
</trkpt>
</trkseg>
</trk>
</gpx>
