<?xml version="1.0" encoding="UTF-8"?>
<gpx creator = "GPS Speedometer 1.0">
<metadata>
<time>
2024-09-05T09:20:50Z</time>
</metadata>
<trk>
<name>
2024年9月5日 - 旅行</name>
<trkseg>
<trkpt lon = "118.27994957706136" lat = "24.638046246932245">
<ele>
12.563790448104015</ele>
<speed>
6.916389465332031</speed>
<time>
2024-09-05T08:58:59Z</time>
</trkpt>
<trkpt lat = "24.638017129301424" lon = "118.27992153111411">
<ele>
12.581736424357633</ele>
<speed>
6.605344295501709</speed>
<time>
2024-09-05T08:59:00Z</time>
</trkpt>
<trkpt lat = "24.637939559858022" lon = "118.27997400380235">
<ele>
12.607515040918784</ele>
<speed>
6.605344295501709</speed>
<time>
2024-09-05T08:59:01Z</time>
</trkpt>
<trkpt lat = "24.637891972648305" lon = "118.2799748465609">
<ele>
12.727239349359074</ele>
<speed>
6.230151653289795</speed>
<time>
2024-09-05T08:59:02Z</time>
</trkpt>
<trkpt lat = "24.637859202568034" lon = "118.2799543994299">
<ele>
12.86747134227194</ele>
<speed>
6.208728790283203</speed>
<time>
2024-09-05T08:59:03Z</time>
</trkpt>
<trkpt lon = "118.27992648867352" lat = "24.63782078227969">
<ele>
13.017847263481748</ele>
<speed>
6.141738414764404</speed>
<time>
2024-09-05T08:59:04Z</time>
</trkpt>
<trkpt lat = "24.63777723236369" lon = "118.27987220191669">
<ele>
13.203107646115523</ele>
<speed>
6.2176127433776855</speed>
<time>
2024-09-05T08:59:05Z</time>
</trkpt>
<trkpt lon = "118.27982186321037" lat = "24.637750592946002">
<ele>
13.27175596626521</ele>
<speed>
6.631962299346924</speed>
<time>
2024-09-05T08:59:06Z</time>
</trkpt>
<trkpt lat = "24.637713401507224" lon = "118.27978480002487">
<ele>
13.24835050052058</ele>
<speed>
6.631962299346924</speed>
<time>
2024-09-05T08:59:07Z</time>
</trkpt>
<trkpt lat = "24.637678323799012" lon = "118.27976490891899">
<ele>
13.218599866554168</ele>
<speed>
6.631962299346924</speed>
<time>
2024-09-05T08:59:08Z</time>
</trkpt>
<trkpt lon = "118.27972520627179" lat = "24.63763451665906">
<ele>
13.218602295964956</ele>
<speed>
6.6319622993436695</speed>
<time>
2024-09-05T08:59:09Z</time>
</trkpt>
<trkpt lon = "118.27969486720106" lat = "24.63760739008037">
<ele>
13.20937448553741</ele>
<speed>
6.030210018155516</speed>
<time>
2024-09-05T08:59:10Z</time>
</trkpt>
<trkpt lon = "118.27966995727442" lat = "24.63757999016891">
<ele>
13.231254263781011</ele>
<speed>
5.899711608884431</speed>
<time>
2024-09-05T08:59:11Z</time>
</trkpt>
<trkpt lon = "118.27964985585598" lat = "24.637543669277274">
<ele>
13.274077506735921</ele>
<speed>
5.9340829849219885</speed>
<time>
2024-09-05T08:59:12Z</time>
</trkpt>
<trkpt lat = "24.637505780083906" lon = "118.27963772698624">
<ele>
13.313039422035217</ele>
<speed>
5.89971160888443</speed>
<time>
2024-09-05T08:59:13Z</time>
</trkpt>
<trkpt lat = "24.63747363171276" lon = "118.27962685932397">
<ele>
13.357751661911607</ele>
<speed>
5.88163328170549</speed>
<time>
2024-09-05T08:59:14Z</time>
</trkpt>
<trkpt lat = "24.637439859170186" lon = "118.27961091321632">
<ele>
13.412311412394047</ele>
<speed>
5.641582489011498</speed>
<time>
2024-09-05T08:59:15Z</time>
</trkpt>
<trkpt lat = "24.637401329520873" lon = "118.27959553937814">
<ele>
13.453285329975188</ele>
<speed>
5.822097778317866</speed>
<time>
2024-09-05T08:59:16Z</time>
</trkpt>
<trkpt lat = "24.63734703283131" lon = "118.27955116899382">
<ele>
13.437867471948266</ele>
<speed>
6.487706661220983</speed>
<time>
2024-09-05T08:59:17Z</time>
</trkpt>
<trkpt lat = "24.6372915710889" lon = "118.27950122634849">
<ele>
13.376088957302272</ele>
<speed>
6.487706661220983</speed>
<time>
2024-09-05T08:59:18Z</time>
</trkpt>
<trkpt lon = "118.27944299769538" lat = "24.637213894532405">
<ele>
13.22815461922437</ele>
<speed>
7.378440380091459</speed>
<time>
2024-09-05T08:59:19Z</time>
</trkpt>
<trkpt lat = "24.637116105284676" lon = "118.27938470227686">
<ele>
13.029689515940845</ele>
<speed>
9.084380149832018</speed>
<time>
2024-09-05T08:59:20Z</time>
</trkpt>
<trkpt lat = "24.637028982404217" lon = "118.27931672112717">
<ele>
12.870550411753356</ele>
<speed>
9.766511917102717</speed>
<time>
2024-09-05T08:59:21Z</time>
</trkpt>
<trkpt lon = "118.27926441570574" lat = "24.63694899244518">
<ele>
12.885818805545568</ele>
<speed>
9.766511917102719</speed>
<time>
2024-09-05T08:59:22Z</time>
</trkpt>
<trkpt lat = "24.6368600100143" lon = "118.27921252366272">
<ele>
13.043635806068778</ele>
<speed>
9.806200027454139</speed>
<time>
2024-09-05T08:59:23Z</time>
</trkpt>
<trkpt lat = "24.63676996324596" lon = "118.27917194512132">
<ele>
13.313329608179629</ele>
<speed>
9.733438491809862</speed>
<time>
2024-09-05T08:59:24Z</time>
</trkpt>
<trkpt lat = "24.63668921390744" lon = "118.27912296999985">
<ele>
13.532811354845762</ele>
<speed>
9.91118717192397</speed>
<time>
2024-09-05T08:59:25Z</time>
</trkpt>
<trkpt lat = "24.636611486318536" lon = "118.2790732625282">
<ele>
13.698616456240416</ele>
<speed>
9.911187171923974</speed>
<time>
2024-09-05T08:59:26Z</time>
</trkpt>
<trkpt lon = "118.27902440426173" lat = "24.63652113214356">
<ele>
13.728014066815376</ele>
<speed>
10.051174163805777</speed>
<time>
2024-09-05T08:59:27Z</time>
</trkpt>
<trkpt lon = "118.27898204441247" lat = "24.636442756814702">
<ele>
13.674493471160531</ele>
<speed>
9.603970527637946</speed>
<time>
2024-09-05T08:59:28Z</time>
</trkpt>
<trkpt lat = "24.636354894427033" lon = "118.27888852141194">
<ele>
13.69706997089088</ele>
<speed>
8.649902560215644</speed>
<time>
2024-09-05T08:59:29Z</time>
</trkpt>
<trkpt lon = "118.27885875259034" lat = "24.636294049077332">
<ele>
13.812106534838676</ele>
<speed>
7.819271503652594</speed>
<time>
2024-09-05T08:59:30Z</time>
</trkpt>
<trkpt lon = "118.27882250087094" lat = "24.636228194993976">
<ele>
13.843435206450522</ele>
<speed>
7.581707772766033</speed>
<time>
2024-09-05T08:59:31Z</time>
</trkpt>
<trkpt lat = "24.636171578457965" lon = "118.27879069563204">
<ele>
13.80895174574107</ele>
<speed>
7.023059065947174</speed>
<time>
2024-09-05T08:59:32Z</time>
</trkpt>
<trkpt lat = "24.636125436743185" lon = "118.27876677075646">
<ele>
13.804823623970151</ele>
<speed>
6.5071601768712695</speed>
<time>
2024-09-05T08:59:33Z</time>
</trkpt>
<trkpt lat = "24.63608232812891" lon = "118.27874184510885">
<ele>
13.865935095585883</ele>
<speed>
6.199326461598663</speed>
<time>
2024-09-05T08:59:34Z</time>
</trkpt>
<trkpt lat = "24.636038942054366" lon = "118.27871938412483">
<ele>
14.031922119669616</ele>
<speed>
6.015146859545675</speed>
<time>
2024-09-05T08:59:35Z</time>
</trkpt>
<trkpt lat = "24.636005698484123" lon = "118.2787048307683">
<ele>
14.420084200799465</ele>
<speed>
5.136869291648727</speed>
<time>
2024-09-05T08:59:36Z</time>
</trkpt>
<trkpt lat = "24.635970202023117" lon = "118.27870337818106">
<ele>
14.728668709285557</ele>
<speed>
4.521876831827767</speed>
<time>
2024-09-05T08:59:37Z</time>
</trkpt>
<trkpt lat = "24.63593754914166" lon = "118.27870754936652">
<ele>
14.99157552793622</ele>
<speed>
4.124777968022985</speed>
<time>
2024-09-05T08:59:38Z</time>
</trkpt>
<trkpt lat = "24.635900690517573" lon = "118.27871597692734">
<ele>
15.202436641789973</ele>
<speed>
3.925913761361858</speed>
<time>
2024-09-05T08:59:39Z</time>
</trkpt>
<trkpt lon = "118.27872521779858" lat = "24.635863985612207">
<ele>
15.496993548236787</ele>
<speed>
3.8325951842734898</speed>
<time>
2024-09-05T08:59:40Z</time>
</trkpt>
<trkpt lat = "24.635833786804284" lon = "118.27874221044273">
<ele>
15.937903981655836</ele>
<speed>
3.5489145621107436</speed>
<time>
2024-09-05T08:59:41Z</time>
</trkpt>
<trkpt lon = "118.27878083091872" lat = "24.635795846909332">
<ele>
16.584970863536</ele>
<speed>
4.2370651477789245</speed>
<time>
2024-09-05T08:59:42Z</time>
</trkpt>
<trkpt lon = "118.27880772405618" lat = "24.635764115644353">
<ele>
16.992238068021834</ele>
<speed>
4.319571741900525</speed>
<time>
2024-09-05T08:59:43Z</time>
</trkpt>
<trkpt lon = "118.27884036128344" lat = "24.635725442441487">
<ele>
17.25396986026317</ele>
<speed>
4.666635253330095</speed>
<time>
2024-09-05T08:59:44Z</time>
</trkpt>
<trkpt lat = "24.6356872108883" lon = "118.27887535266967">
<ele>
17.42143220640719</ele>
<speed>
4.940803355680857</speed>
<time>
2024-09-05T08:59:45Z</time>
</trkpt>
<trkpt lat = "24.63565152536771" lon = "118.2789086101251">
<ele>
17.532477064989507</ele>
<speed>
5.119824617807008</speed>
<time>
2024-09-05T08:59:46Z</time>
</trkpt>
<trkpt lon = "118.27894919902991" lat = "24.63560971482002">
<ele>
17.711839774623513</ele>
<speed>
5.289634695478122</speed>
<time>
2024-09-05T08:59:47Z</time>
</trkpt>
<trkpt lat = "24.63557658017722" lon = "118.27897982880495">
<ele>
18.095104719512165</ele>
<speed>
4.614304006913104</speed>
<time>
2024-09-05T08:59:48Z</time>
</trkpt>
<trkpt lon = "118.27901643997689" lat = "24.635554507760304">
<ele>
18.278116691857576</ele>
<speed>
4.172546311525534</speed>
<time>
2024-09-05T08:59:49Z</time>
</trkpt>
<trkpt lon = "118.2790419802388" lat = "24.635532114932026">
<ele>
18.430491840466857</ele>
<speed>
3.598789167996393</speed>
<time>
2024-09-05T08:59:50Z</time>
</trkpt>
<trkpt lat = "24.635504659400848" lon = "118.2790655264441">
<ele>
18.549147789366543</ele>
<speed>
3.3674798041623055</speed>
<time>
2024-09-05T08:59:51Z</time>
</trkpt>
<trkpt lat = "24.63548365087691" lon = "118.27908746548628">
<ele>
18.657946176826954</ele>
<speed>
2.8717674241956668</speed>
<time>
2024-09-05T08:59:52Z</time>
</trkpt>
<trkpt lat = "24.63548002638779" lon = "118.27908785435963">
<ele>
18.785692047327757</ele>
<speed>
1.5759108453433237</speed>
<time>
2024-09-05T08:59:53Z</time>
</trkpt>
<trkpt lat = "24.63547929940138" lon = "118.27908845370409">
<ele>
18.81914664246142</ele>
<speed>
0.0</speed>
<time>
2024-09-05T08:59:54Z</time>
</trkpt>
<trkpt lon = "118.27910420676432" lat = "24.63547019214577">
<ele>
18.88675338588655</ele>
<speed>
1.1803472211416683</speed>
<time>
2024-09-05T08:59:55Z</time>
</trkpt>
<trkpt lat = "24.63544813711209" lon = "118.27912426810859">
<ele>
18.838529577478766</ele>
<speed>
2.143251271031947</speed>
<time>
2024-09-05T08:59:56Z</time>
</trkpt>
<trkpt lat = "24.6354171546625" lon = "118.27915286964912">
<ele>
18.528159823268652</ele>
<speed>
3.1819806635021073</speed>
<time>
2024-09-05T08:59:57Z</time>
</trkpt>
<trkpt lat = "24.635393161130867" lon = "118.279174296773">
<ele>
18.425400629639626</ele>
<speed>
3.399705313239956</speed>
<time>
2024-09-05T08:59:58Z</time>
</trkpt>
<trkpt lon = "118.2791977257693" lat = "24.635369687411153">
<ele>
18.854711676947773</ele>
<speed>
3.441949134813926</speed>
<time>
2024-09-05T08:59:59Z</time>
</trkpt>
<trkpt lon = "118.27923338233498" lat = "24.635338573904537">
<ele>
18.760090661235154</ele>
<speed>
3.933163789146923</speed>
<time>
2024-09-05T09:00:00Z</time>
</trkpt>
<trkpt lon = "118.27926125711915" lat = "24.63531120296873">
<ele>
18.84631616435945</ele>
<speed>
3.929349168492031</speed>
<time>
2024-09-05T09:00:01Z</time>
</trkpt>
<trkpt lat = "24.635280866306868" lon = "118.2792945401578">
<ele>
18.651318097487092</ele>
<speed>
4.088190440712134</speed>
<time>
2024-09-05T09:00:02Z</time>
</trkpt>
<trkpt lat = "24.63525228074588" lon = "118.27931732857554">
<ele>
18.947961006313562</ele>
<speed>
3.97167564523264</speed>
<time>
2024-09-05T09:00:03Z</time>
</trkpt>
<trkpt lon = "118.27934338282262" lat = "24.63522614789982">
<ele>
19.08414017688483</ele>
<speed>
4.038798448588651</speed>
<time>
2024-09-05T09:00:04Z</time>
</trkpt>
<trkpt lon = "118.27937756122083" lat = "24.635198914258133">
<ele>
19.28514760080725</ele>
<speed>
4.363847196348305</speed>
<time>
2024-09-05T09:00:05Z</time>
</trkpt>
<trkpt lat = "24.635172869083036" lon = "118.27941048309998">
<ele>
19.354964167810977</ele>
<speed>
4.485154744033749</speed>
<time>
2024-09-05T09:00:06Z</time>
</trkpt>
<trkpt lat = "24.635155933295867" lon = "118.27944495026144">
<ele>
19.791460977867246</ele>
<speed>
4.350873310603002</speed>
<time>
2024-09-05T09:00:07Z</time>
</trkpt>
<trkpt lat = "24.635146105681013" lon = "118.27947566651287">
<ele>
19.693632021546364</ele>
<speed>
3.957439481677747</speed>
<time>
2024-09-05T09:00:08Z</time>
</trkpt>
<trkpt lat = "24.63512217564578" lon = "118.27952901123396">
<ele>
20.04665437154472</ele>
<speed>
4.446230884640199</speed>
<time>
2024-09-05T09:00:09Z</time>
</trkpt>
<trkpt lon = "118.27956754324033" lat = "24.6351043185182">
<ele>
20.265542862936854</ele>
<speed>
4.283045335989415</speed>
<time>
2024-09-05T09:00:10Z</time>
</trkpt>
<trkpt lat = "24.635081285323672" lon = "118.279608309122">
<ele>
20.305601867847145</ele>
<speed>
4.498392956144517</speed>
<time>
2024-09-05T09:00:11Z</time>
</trkpt>
<trkpt lat = "24.635096093055136" lon = "118.27959739900407">
<ele>
20.27998185250908</ele>
<speed>
1.0797951278980091</speed>
<time>
2024-09-05T09:00:12Z</time>
</trkpt>
<trkpt lat = "24.635086970031306" lon = "118.2796155738729">
<ele>
20.23285076394677</ele>
<speed>
1.0897434489528632</speed>
<time>
2024-09-05T09:00:13Z</time>
</trkpt>
<trkpt lat = "24.635065088133942" lon = "118.27964292922651">
<ele>
20.286733637563884</ele>
<speed>
2.1923230113511742</speed>
<time>
2024-09-05T09:00:14Z</time>
</trkpt>
<trkpt lat = "24.635070482557744" lon = "118.27965352154244">
<ele>
20.31416765972972</ele>
<speed>
1.2473551832981584</speed>
<time>
2024-09-05T09:00:15Z</time>
</trkpt>
<trkpt lon = "118.27967809190069" lat = "24.63505780415619">
<ele>
20.349190031178296</ele>
<speed>
1.8859939291841328</speed>
<time>
2024-09-05T09:00:16Z</time>
</trkpt>
<trkpt lat = "24.6350521297122" lon = "118.27968728800778">
<ele>
20.507141596637666</ele>
<speed>
1.3038793851313226</speed>
<time>
2024-09-05T09:00:17Z</time>
</trkpt>
<trkpt lat = "24.63504561876467" lon = "118.2797090612881">
<ele>
20.505073831416667</ele>
<speed>
1.4645570809486246</speed>
<time>
2024-09-05T09:00:18Z</time>
</trkpt>
<trkpt lon = "118.27969730236399" lat = "24.635054102123586">
<ele>
20.556944340467453</ele>
<speed>
1.313105930930663</speed>
<time>
2024-09-05T09:00:19Z</time>
</trkpt>
<trkpt lon = "118.2797137472964" lat = "24.63503688069886">
<ele>
20.622667427174747</ele>
<speed>
1.2208113299955317</speed>
<time>
2024-09-05T09:00:20Z</time>
</trkpt>
<trkpt lon = "118.27973051098004" lat = "24.63502829479508">
<ele>
20.728839750401676</ele>
<speed>
1.0411447292485385</speed>
<time>
2024-09-05T09:00:21Z</time>
</trkpt>
<trkpt lon = "118.27975756391864" lat = "24.635016982211006">
<ele>
20.81644776649773</ele>
<speed>
1.2259600923951137</speed>
<time>
2024-09-05T09:00:22Z</time>
</trkpt>
<trkpt lat = "24.63500102995881" lon = "118.27979752491488">
<ele>
21.408082647249103</ele>
<speed>
1.8418313127190424</speed>
<time>
2024-09-05T09:00:23Z</time>
</trkpt>
<trkpt lon = "118.27983169947508" lat = "24.634987366916505">
<ele>
21.552077707834542</ele>
<speed>
2.3415089296986418</speed>
<time>
2024-09-05T09:00:24Z</time>
</trkpt>
<trkpt lat = "24.63495710306768" lon = "118.27986787009799">
<ele>
21.439058632589877</ele>
<speed>
3.0553160990214945</speed>
<time>
2024-09-05T09:00:25Z</time>
</trkpt>
<trkpt lat = "24.634909334720152" lon = "118.27991152812747">
<ele>
21.96829976979643</ele>
<speed>
4.0035322685717345</speed>
<time>
2024-09-05T09:00:26Z</time>
</trkpt>
<trkpt lat = "24.63486575143889" lon = "118.27995577414782">
<ele>
21.457035891711712</ele>
<speed>
4.620748932887331</speed>
<time>
2024-09-05T09:00:27Z</time>
</trkpt>
<trkpt lat = "24.63483565835002" lon = "118.27998946933141">
<ele>
21.5477228006348</ele>
<speed>
4.725788669500741</speed>
<time>
2024-09-05T09:00:28Z</time>
</trkpt>
<trkpt lat = "24.63481116633833" lon = "118.28002376204532">
<ele>
21.487860237248242</ele>
<speed>
4.387012847082507</speed>
<time>
2024-09-05T09:00:29Z</time>
</trkpt>
<trkpt lat = "24.63480039688611" lon = "118.28006118284114">
<ele>
21.35573582816869</ele>
<speed>
3.873168417814649</speed>
<time>
2024-09-05T09:00:30Z</time>
</trkpt>
<trkpt lon = "118.28009979678434" lat = "24.634792010979535">
<ele>
21.743918960914016</ele>
<speed>
3.5524614177023395</speed>
<time>
2024-09-05T09:00:31Z</time>
</trkpt>
<trkpt lat = "24.63479700421861" lon = "118.28014734762237">
<ele>
22.097463603131473</ele>
<speed>
3.558218429618534</speed>
<time>
2024-09-05T09:00:32Z</time>
</trkpt>
<trkpt lat = "24.634805669275053" lon = "118.2802018085297">
<ele>
22.738783148117363</ele>
<speed>
4.197063324625581</speed>
<time>
2024-09-05T09:00:33Z</time>
</trkpt>
<trkpt lon = "118.28025672981254" lat = "24.634807842699754">
<ele>
22.94838389568031</ele>
<speed>
4.720411779014933</speed>
<time>
2024-09-05T09:00:34Z</time>
</trkpt>
<trkpt lat = "24.634797482722323" lon = "118.2803290830596">
<ele>
22.67570312693715</ele>
<speed>
5.432558421789096</speed>
<time>
2024-09-05T09:00:35Z</time>
</trkpt>
<trkpt lon = "118.28039693087634" lat = "24.634794189139672">
<ele>
22.795597644522786</ele>
<speed>
6.080847560174413</speed>
<time>
2024-09-05T09:00:36Z</time>
</trkpt>
<trkpt lat = "24.634770109025744" lon = "118.28046040842017">
<ele>
23.16773202177137</ele>
<speed>
6.262672282998628</speed>
<time>
2024-09-05T09:00:37Z</time>
</trkpt>
<trkpt lat = "24.634748674148767" lon = "118.28051349859021">
<ele>
22.684078248217702</ele>
<speed>
6.108743067935689</speed>
<time>
2024-09-05T09:00:38Z</time>
</trkpt>
<trkpt lat = "24.634730835967343" lon = "118.28056579280401">
<ele>
22.74181450996548</ele>
<speed>
5.799081763632519</speed>
<time>
2024-09-05T09:00:39Z</time>
</trkpt>
<trkpt lon = "118.28061492903535" lat = "24.63471198018246">
<ele>
22.664259999990463</ele>
<speed>
5.42163075656754</speed>
<time>
2024-09-05T09:00:40Z</time>
</trkpt>
<trkpt lat = "24.634692747375407" lon = "118.28065207149292">
<ele>
22.815455717034638</ele>
<speed>
4.997026376561186</speed>
<time>
2024-09-05T09:00:41Z</time>
</trkpt>
<trkpt lon = "118.28068812199037" lat = "24.634675350619275">
<ele>
23.17089332919568</ele>
<speed>
4.492178886641282</speed>
<time>
2024-09-05T09:00:42Z</time>
</trkpt>
<trkpt lon = "118.28072218403855" lat = "24.634661785740413">
<ele>
23.287840488366783</ele>
<speed>
3.97008453117832</speed>
<time>
2024-09-05T09:00:43Z</time>
</trkpt>
<trkpt lat = "24.634652467124297" lon = "118.28075440975603">
<ele>
23.38438966218382</ele>
<speed>
3.5165929112250045</speed>
<time>
2024-09-05T09:00:44Z</time>
</trkpt>
<trkpt lat = "24.634637750940144" lon = "118.28078570580301">
<ele>
23.559996953234076</ele>
<speed>
3.3176122810946764</speed>
<time>
2024-09-05T09:00:45Z</time>
</trkpt>
<trkpt lon = "118.28082277700041" lat = "24.63461220671821">
<ele>
23.754226114600897</ele>
<speed>
3.558934501951593</speed>
<time>
2024-09-05T09:00:46Z</time>
</trkpt>
<trkpt lat = "24.634590498064103" lon = "118.28085714094982">
<ele>
23.943094233982265</ele>
<speed>
3.5712171506641193</speed>
<time>
2024-09-05T09:00:47Z</time>
</trkpt>
<trkpt lon = "118.2809013774707" lat = "24.63454225047796">
<ele>
24.35593847744167</ele>
<speed>
3.9335310664144583</speed>
<time>
2024-09-05T09:00:48Z</time>
</trkpt>
<trkpt lon = "118.28094856158657" lat = "24.634490673878556">
<ele>
24.544562895782292</ele>
<speed>
5.299161898797412</speed>
<time>
2024-09-05T09:00:49Z</time>
</trkpt>
<trkpt lon = "118.28098428022928" lat = "24.634442506979045">
<ele>
24.558531887829304</ele>
<speed>
5.844703817213627</speed>
<time>
2024-09-05T09:00:50Z</time>
</trkpt>
<trkpt lon = "118.28102195287372" lat = "24.634420709001247">
<ele>
24.342679494060576</ele>
<speed>
5.621543244267161</speed>
<time>
2024-09-05T09:00:51Z</time>
</trkpt>
<trkpt lat = "24.63439128594449" lon = "118.28107482799314">
<ele>
24.63206036016345</ele>
<speed>
5.8673899361777355</speed>
<time>
2024-09-05T09:00:52Z</time>
</trkpt>
<trkpt lat = "24.63436233967534" lon = "118.28111704336807">
<ele>
24.61470597051084</ele>
<speed>
6.3462556891946695</speed>
<time>
2024-09-05T09:00:53Z</time>
</trkpt>
<trkpt lon = "118.2811520345295" lat = "24.634315116592408">
<ele>
24.783170885406435</ele>
<speed>
6.652516625326129</speed>
<time>
2024-09-05T09:00:54Z</time>
</trkpt>
<trkpt lon = "118.2811520345295" lat = "24.634315116592408">
<ele>
24.783170885406435</ele>
<speed>
6.652516625326129</speed>
<time>
2024-09-05T09:00:54Z</time>
</trkpt>
<trkpt lat = "24.6342682991715" lon = "118.28117035618405">
<ele>
24.627206213772297</ele>
<speed>
6.175833584408351</speed>
<time>
2024-09-05T09:00:55Z</time>
</trkpt>
<trkpt lat = "24.634220784607127" lon = "118.28119634400461">
<ele>
24.702068742364645</ele>
<speed>
5.931455074695764</speed>
<time>
2024-09-05T09:00:56Z</time>
</trkpt>
<trkpt lon = "118.28121958585459" lat = "24.634156504090328">
<ele>
24.48002778366208</ele>
<speed>
6.09366636173354</speed>
<time>
2024-09-05T09:00:57Z</time>
</trkpt>
<trkpt lon = "118.28124883953804" lat = "24.634089417367306">
<ele>
24.619853110983968</ele>
<speed>
6.648511734803392</speed>
<time>
2024-09-05T09:00:58Z</time>
</trkpt>
<trkpt lat = "24.634027400418972" lon = "118.28128064069311">
<ele>
24.959264448843896</ele>
<speed>
6.801307281891873</speed>
<time>
2024-09-05T09:00:59Z</time>
</trkpt>
<trkpt lon = "118.28127756068628" lat = "24.633978563945657">
<ele>
25.353816596791148</ele>
<speed>
6.466302647360036</speed>
<time>
2024-09-05T09:01:00Z</time>
</trkpt>
<trkpt lat = "24.633925996276925" lon = "118.28129760957258">
<ele>
25.72453328128904</ele>
<speed>
6.3801602304241145</speed>
<time>
2024-09-05T09:01:01Z</time>
</trkpt>
<trkpt lat = "24.63387037315853" lon = "118.28132231606689">
<ele>
26.008721346966922</ele>
<speed>
6.442811422043644</speed>
<time>
2024-09-05T09:01:02Z</time>
</trkpt>
<trkpt lat = "24.633814202004807" lon = "118.28136399285519">
<ele>
26.316453443840146</ele>
<speed>
6.642405383293723</speed>
<time>
2024-09-05T09:01:03Z</time>
</trkpt>
<trkpt lat = "24.63375484076303" lon = "118.28139487321481">
<ele>
26.16410978510976</ele>
<speed>
6.888471783457052</speed>
<time>
2024-09-05T09:01:04Z</time>
</trkpt>
<trkpt lon = "118.28142379115667" lat = "24.633687706003805">
<ele>
25.896342765539885</ele>
<speed>
7.392028961540974</speed>
<time>
2024-09-05T09:01:05Z</time>
</trkpt>
<trkpt lon = "118.28146306614262" lat = "24.633615674144856">
<ele>
25.761093425564468</ele>
<speed>
7.956967244535377</speed>
<time>
2024-09-05T09:01:06Z</time>
</trkpt>
<trkpt lon = "118.2814974144931" lat = "24.6335538280645">
<ele>
25.698816742748022</ele>
<speed>
7.976352837013314</speed>
<time>
2024-09-05T09:01:07Z</time>
</trkpt>
<trkpt lon = "118.28153386465216" lat = "24.633481106794154">
<ele>
25.985299724154174</ele>
<speed>
8.238021107355625</speed>
<time>
2024-09-05T09:01:08Z</time>
</trkpt>
<trkpt lon = "118.28157742152082" lat = "24.63341147601732">
<ele>
26.52402540296316</ele>
<speed>
8.424329530174953</speed>
<time>
2024-09-05T09:01:09Z</time>
</trkpt>
<trkpt lon = "118.2816189459515" lat = "24.633341156975263">
<ele>
26.355555954389274</ele>
<speed>
8.517238013782498</speed>
<time>
2024-09-05T09:01:10Z</time>
</trkpt>
<trkpt lat = "24.633277427319612" lon = "118.28167269709226">
<ele>
26.57501630857587</ele>
<speed>
8.482086881366472</speed>
<time>
2024-09-05T09:01:11Z</time>
</trkpt>
<trkpt lat = "24.633226007133462" lon = "118.28168991240244">
<ele>
26.460974995978177</ele>
<speed>
7.907193259307848</speed>
<time>
2024-09-05T09:01:12Z</time>
</trkpt>
<trkpt lat = "24.633180232875652" lon = "118.28171214390404">
<ele>
26.497070251964033</ele>
<speed>
7.340746498091246</speed>
<time>
2024-09-05T09:01:13Z</time>
</trkpt>
<trkpt lon = "118.28174840580917" lat = "24.63312680580486">
<ele>
26.537351588718593</ele>
<speed>
7.1975712685465885</speed>
<time>
2024-09-05T09:01:14Z</time>
</trkpt>
<trkpt lat = "24.63307538122278" lon = "118.28179106785579">
<ele>
26.120116245932877</ele>
<speed>
7.291926015671263</speed>
<time>
2024-09-05T09:01:15Z</time>
</trkpt>
<trkpt lat = "24.633017797808286" lon = "118.28181733853351">
<ele>
26.265166545286775</ele>
<speed>
7.338184399653796</speed>
<time>
2024-09-05T09:01:16Z</time>
</trkpt>
<trkpt lat = "24.632969820693415" lon = "118.2818511687182">
<ele>
25.920796256512403</ele>
<speed>
7.224596159000607</speed>
<time>
2024-09-05T09:01:17Z</time>
</trkpt>
<trkpt lon = "118.28187465902454" lat = "24.63289902706193">
<ele>
25.90667735040188</ele>
<speed>
7.526554432379947</speed>
<time>
2024-09-05T09:01:18Z</time>
</trkpt>
<trkpt lat = "24.63284224815371" lon = "118.28190574701978">
<ele>
26.363350867293775</ele>
<speed>
7.470004404632262</speed>
<time>
2024-09-05T09:01:19Z</time>
</trkpt>
<trkpt lon = "118.28190997975528" lat = "24.63279377529742">
<ele>
26.12646669242531</ele>
<speed>
6.9495946433852875</speed>
<time>
2024-09-05T09:01:20Z</time>
</trkpt>
<trkpt lat = "24.63273819745256" lon = "118.28193786594191">
<ele>
26.422742484137416</ele>
<speed>
6.943027804963326</speed>
<time>
2024-09-05T09:01:21Z</time>
</trkpt>
<trkpt lat = "24.6326836389087" lon = "118.28196658416297">
<ele>
26.414094733074307</ele>
<speed>
7.00557129846478</speed>
<time>
2024-09-05T09:01:22Z</time>
</trkpt>
<trkpt lon = "118.2819905663315" lat = "24.632616206606382">
<ele>
26.444887499324977</ele>
<speed>
7.131231883043389</speed>
<time>
2024-09-05T09:01:23Z</time>
</trkpt>
<trkpt lat = "24.63254622426135" lon = "118.28202699986974">
<ele>
26.742875263094902</ele>
<speed>
7.3106310717055045</speed>
<time>
2024-09-05T09:01:24Z</time>
</trkpt>
<trkpt lat = "24.63247165312121" lon = "118.28205816316176">
<ele>
26.84483484737575</ele>
<speed>
7.717531386291195</speed>
<time>
2024-09-05T09:01:25Z</time>
</trkpt>
<trkpt lat = "24.632400515279834" lon = "118.28209896680424">
<ele>
27.131905121728778</ele>
<speed>
7.965905873523009</speed>
<time>
2024-09-05T09:01:26Z</time>
</trkpt>
<trkpt lat = "24.632341056176074" lon = "118.28214504025934">
<ele>
27.326323461718857</ele>
<speed>
8.024393152927033</speed>
<time>
2024-09-05T09:01:27Z</time>
</trkpt>
<trkpt lat = "24.63228728852485" lon = "118.28218271521439">
<ele>
27.233340971171856</ele>
<speed>
7.859775172101234</speed>
<time>
2024-09-05T09:01:28Z</time>
</trkpt>
<trkpt lat = "24.6322172323295" lon = "118.28222001428428">
<ele>
27.236847454681993</ele>
<speed>
8.004281675126887</speed>
<time>
2024-09-05T09:01:29Z</time>
</trkpt>
<trkpt lat = "24.632143345328267" lon = "118.2822528846887">
<ele>
26.734459397383034</ele>
<speed>
8.322937566514229</speed>
<time>
2024-09-05T09:01:30Z</time>
</trkpt>
<trkpt lon = "118.28228810398606" lat = "24.632071277018593">
<ele>
27.218149531632662</ele>
<speed>
8.492976170336695</speed>
<time>
2024-09-05T09:01:31Z</time>
</trkpt>
<trkpt lat = "24.632003087249853" lon = "118.28229794265833">
<ele>
27.469398797489703</ele>
<speed>
8.16523450050732</speed>
<time>
2024-09-05T09:01:32Z</time>
</trkpt>
<trkpt lon = "118.28229722688721" lat = "24.631940136399372">
<ele>
27.88846893887967</ele>
<speed>
7.718820639516287</speed>
<time>
2024-09-05T09:01:33Z</time>
</trkpt>
<trkpt lat = "24.63190305344271" lon = "118.28229763757261">
<ele>
28.881021361798048</ele>
<speed>
6.478433916522428</speed>
<time>
2024-09-05T09:01:34Z</time>
</trkpt>
<trkpt lon = "118.28230507515785" lat = "24.631868743531445">
<ele>
29.017601122148335</ele>
<speed>
5.208218726661874</speed>
<time>
2024-09-05T09:01:35Z</time>
</trkpt>
<trkpt lat = "24.6318264473419" lon = "118.28231731248856">
<ele>
30.117736934684217</ele>
<speed>
4.849331047837691</speed>
<time>
2024-09-05T09:01:36Z</time>
</trkpt>
<trkpt lat = "24.631775855659694" lon = "118.28234958681473">
<ele>
30.626608884893358</ele>
<speed>
5.160082837367304</speed>
<time>
2024-09-05T09:01:37Z</time>
</trkpt>
<trkpt lat = "24.631722124726497" lon = "118.28237687998643">
<ele>
31.19351415988058</ele>
<speed>
5.625148688299104</speed>
<time>
2024-09-05T09:01:38Z</time>
</trkpt>
<trkpt lat = "24.631685382465673" lon = "118.28242218438287">
<ele>
31.534329411573708</ele>
<speed>
5.778444462709237</speed>
<time>
2024-09-05T09:01:39Z</time>
</trkpt>
<trkpt lon = "118.28244992420287" lat = "24.63163904417496">
<ele>
31.471564329229295</ele>
<speed>
5.833423093049835</speed>
<time>
2024-09-05T09:01:40Z</time>
</trkpt>
<trkpt lat = "24.631598564124907" lon = "118.28248435751384">
<ele>
31.641830556094646</ele>
<speed>
5.788144464374714</speed>
<time>
2024-09-05T09:01:41Z</time>
</trkpt>
<trkpt lat = "24.631533725643486" lon = "118.28245037619475">
<ele>
30.94405589159578</ele>
<speed>
5.689815521293497</speed>
<time>
2024-09-05T09:01:42Z</time>
</trkpt>
<trkpt lat = "24.631497518919108" lon = "118.28247939192734">
<ele>
31.26267030276358</ele>
<speed>
5.565996784938091</speed>
<time>
2024-09-05T09:01:43Z</time>
</trkpt>
<trkpt lon = "118.28252328189222" lat = "24.63145361180582">
<ele>
31.314030171371996</ele>
<speed>
5.875180723386034</speed>
<time>
2024-09-05T09:01:44Z</time>
</trkpt>
<trkpt lat = "24.631406752393318" lon = "118.28254636747285">
<ele>
31.164022747427225</ele>
<speed>
5.700194302415955</speed>
<time>
2024-09-05T09:01:45Z</time>
</trkpt>
<trkpt lon = "118.28257763638483" lat = "24.63136075626332">
<ele>
31.568651545792818</ele>
<speed>
5.686844818707038</speed>
<time>
2024-09-05T09:01:46Z</time>
</trkpt>
<trkpt lat = "24.631320637850425" lon = "118.28259940738877">
<ele>
30.795954345725477</ele>
<speed>
5.4175698738303115</speed>
<time>
2024-09-05T09:01:47Z</time>
</trkpt>
<trkpt lat = "24.63128870752908" lon = "118.28263052137015">
<ele>
30.807543599046767</ele>
<speed>
5.127828065873195</speed>
<time>
2024-09-05T09:01:48Z</time>
</trkpt>
<trkpt lat = "24.631260582018747" lon = "118.28264369266915">
<ele>
31.113862845115364</ele>
<speed>
4.769750750165703</speed>
<time>
2024-09-05T09:01:49Z</time>
</trkpt>
<trkpt lat = "24.63124631780213" lon = "118.28264991317057">
<ele>
31.49305787216872</ele>
<speed>
4.0736786561502205</speed>
<time>
2024-09-05T09:01:50Z</time>
</trkpt>
<trkpt lat = "24.6312470110777" lon = "118.28263469916715">
<ele>
31.34440252929926</ele>
<speed>
2.8431000826887303</speed>
<time>
2024-09-05T09:01:51Z</time>
</trkpt>
<trkpt lon = "118.28264310113578" lat = "24.631235548397807">
<ele>
31.051325513981283</ele>
<speed>
2.3725571779639605</speed>
<time>
2024-09-05T09:01:52Z</time>
</trkpt>
<trkpt lat = "24.631227745430152" lon = "118.2826719507484">
<ele>
31.30578078236431</ele>
<speed>
2.1855628072674604</speed>
<time>
2024-09-05T09:01:53Z</time>
</trkpt>
<trkpt lat = "24.631218037481347" lon = "118.28270312820786">
<ele>
30.96541809476912</ele>
<speed>
2.404546407178233</speed>
<time>
2024-09-05T09:01:54Z</time>
</trkpt>
<trkpt lat = "24.631204966081327" lon = "118.28272410407983">
<ele>
30.76517775002867</ele>
<speed>
2.3353476337323866</speed>
<time>
2024-09-05T09:01:55Z</time>
</trkpt>
<trkpt lat = "24.631177989317404" lon = "118.28275294084789">
<ele>
30.231153044849634</ele>
<speed>
2.703733596708539</speed>
<time>
2024-09-05T09:01:56Z</time>
</trkpt>
<trkpt lat = "24.63116040862025" lon = "118.28277607738181">
<ele>
29.885020232759416</ele>
<speed>
2.8490514821728548</speed>
<time>
2024-09-05T09:01:57Z</time>
</trkpt>
<trkpt lon = "118.2827987354585" lat = "24.631144425659667">
<ele>
28.955331506207585</ele>
<speed>
2.828843131603296</speed>
<time>
2024-09-05T09:01:58Z</time>
</trkpt>
<trkpt lat = "24.631119088964564" lon = "118.28282489455883">
<ele>
28.93764446862042</ele>
<speed>
3.0147963763753736</speed>
<time>
2024-09-05T09:01:59Z</time>
</trkpt>
<trkpt lat = "24.631100313987552" lon = "118.28284140305865">
<ele>
28.61471580527723</ele>
<speed>
2.9709692441029527</speed>
<time>
2024-09-05T09:02:00Z</time>
</trkpt>
<trkpt lon = "118.28287415057618" lat = "24.631084817973655">
<ele>
28.38920876942575</ele>
<speed>
3.142879667182151</speed>
<time>
2024-09-05T09:02:01Z</time>
</trkpt>
<trkpt lat = "24.631067054779617" lon = "118.28291929071011">
<ele>
28.61162956710905</ele>
<speed>
3.369541701424366</speed>
<time>
2024-09-05T09:02:02Z</time>
</trkpt>
<trkpt lon = "118.28295263313738" lat = "24.63104698089043">
<ele>
28.486409340053797</ele>
<speed>
3.4393743797241867</speed>
<time>
2024-09-05T09:02:03Z</time>
</trkpt>
<trkpt lon = "118.28297978757034" lat = "24.631022448161406">
<ele>
28.252152307890356</ele>
<speed>
3.5379837247147936</speed>
<time>
2024-09-05T09:02:04Z</time>
</trkpt>
<trkpt lat = "24.631003561530992" lon = "118.28301231382436">
<ele>
28.650500922463834</ele>
<speed>
3.53262803676249</speed>
<time>
2024-09-05T09:02:05Z</time>
</trkpt>
<trkpt lat = "24.630989928270058" lon = "118.28306704476607">
<ele>
28.972194767557085</ele>
<speed>
3.6988469951153196</speed>
<time>
2024-09-05T09:02:06Z</time>
</trkpt>
<trkpt lon = "118.28312490753609" lat = "24.630978572136915">
<ele>
28.294348364695907</ele>
<speed>
3.9977147211413544</speed>
<time>
2024-09-05T09:02:07Z</time>
</trkpt>
<trkpt lon = "118.2831699251555" lat = "24.63096008580195">
<ele>
28.462534851394594</ele>
<speed>
4.18766058140045</speed>
<time>
2024-09-05T09:02:08Z</time>
</trkpt>
<trkpt lat = "24.630922648117775" lon = "118.28321921619029">
<ele>
28.795480475760996</ele>
<speed>
4.539699855054698</speed>
<time>
2024-09-05T09:02:09Z</time>
</trkpt>
<trkpt lat = "24.630909666304415" lon = "118.28325324006313">
<ele>
28.765881698578596</ele>
<speed>
4.487159865935952</speed>
<time>
2024-09-05T09:02:10Z</time>
</trkpt>
<trkpt lat = "24.63091654379148" lon = "118.28330547848282">
<ele>
28.81782558839768</ele>
<speed>
4.548664018056791</speed>
<time>
2024-09-05T09:02:11Z</time>
</trkpt>
<trkpt lon = "118.283350467428" lat = "24.630910638402078">
<ele>
29.580772331915796</ele>
<speed>
4.640730835813474</speed>
<time>
2024-09-05T09:02:12Z</time>
</trkpt>
<trkpt lat = "24.63089364053696" lon = "118.28339963523943">
<ele>
29.435413123108447</ele>
<speed>
4.754076318500242</speed>
<time>
2024-09-05T09:02:13Z</time>
</trkpt>
<trkpt lat = "24.63086104514697" lon = "118.28344198261581">
<ele>
29.720443923957646</ele>
<speed>
4.710250505926373</speed>
<time>
2024-09-05T09:02:14Z</time>
</trkpt>
<trkpt lat = "24.630838378085308" lon = "118.28347847688177">
<ele>
29.689663413912058</ele>
<speed>
4.604315051183907</speed>
<time>
2024-09-05T09:02:15Z</time>
</trkpt>
<trkpt lat = "24.630806202704214" lon = "118.2835134434644">
<ele>
30.073682035319507</ele>
<speed>
4.549496195444615</speed>
<time>
2024-09-05T09:02:16Z</time>
</trkpt>
<trkpt lon = "118.2835426544456" lat = "24.63077749955898">
<ele>
29.84773945156485</ele>
<speed>
4.342693499100552</speed>
<time>
2024-09-05T09:02:17Z</time>
</trkpt>
<trkpt lat = "24.630740440012584" lon = "118.28355152521966">
<ele>
29.5915990723297</ele>
<speed>
4.016043597727372</speed>
<time>
2024-09-05T09:02:18Z</time>
</trkpt>
<trkpt lat = "24.630691675123437" lon = "118.28356583478828">
<ele>
30.230268598534167</ele>
<speed>
4.1932274001226775</speed>
<time>
2024-09-05T09:02:19Z</time>
</trkpt>
<trkpt lon = "118.28356653316104" lat = "24.630652865292472">
<ele>
30.45080081745982</ele>
<speed>
4.092564142339883</speed>
<time>
2024-09-05T09:02:20Z</time>
</trkpt>
<trkpt lon = "118.2835735457698" lat = "24.63062744666334">
<ele>
30.089220659807324</ele>
<speed>
3.9779813406463522</speed>
<time>
2024-09-05T09:02:21Z</time>
</trkpt>
<trkpt lat = "24.630596748041587" lon = "118.28359105941504">
<ele>
30.007817066274583</ele>
<speed>
4.012984509001933</speed>
<time>
2024-09-05T09:02:22Z</time>
</trkpt>
<trkpt lat = "24.630546875361134" lon = "118.28359878871028">
<ele>
29.99574246723205</ele>
<speed>
4.242404379435218</speed>
<time>
2024-09-05T09:02:23Z</time>
</trkpt>
<trkpt lat = "24.630509644928846" lon = "118.28360121404798">
<ele>
29.969266093336046</ele>
<speed>
4.1990160134833</speed>
<time>
2024-09-05T09:02:24Z</time>
</trkpt>
<trkpt lat = "24.63047662432457" lon = "118.28361737588057">
<ele>
30.190945805050433</ele>
<speed>
4.109499120734069</speed>
<time>
2024-09-05T09:02:25Z</time>
</trkpt>
<trkpt lat = "24.63042556678893" lon = "118.28362735754827">
<ele>
30.639062504284084</ele>
<speed>
4.405811395623423</speed>
<time>
2024-09-05T09:02:26Z</time>
</trkpt>
<trkpt lat = "24.630397262511583" lon = "118.28363577229702">
<ele>
30.854478476569057</ele>
<speed>
4.264576801114757</speed>
<time>
2024-09-05T09:02:27Z</time>
</trkpt>
<trkpt lon = "118.28362859546807" lat = "24.630372629915463">
<ele>
31.052965463139117</ele>
<speed>
3.937098872870575</speed>
<time>
2024-09-05T09:02:28Z</time>
</trkpt>
<trkpt lon = "118.28362539052743" lat = "24.630346252866495">
<ele>
31.17089037504047</ele>
<speed>
3.783560011340188</speed>
<time>
2024-09-05T09:02:29Z</time>
</trkpt>
<trkpt lon = "118.28362730523027" lat = "24.63032049397909">
<ele>
31.354518241249025</ele>
<speed>
3.6834452486029337</speed>
<time>
2024-09-05T09:02:30Z</time>
</trkpt>
<trkpt lat = "24.630296425946327" lon = "118.28363389461758">
<ele>
31.537983388639987</ele>
<speed>
3.5561953624178946</speed>
<time>
2024-09-05T09:02:31Z</time>
</trkpt>
<trkpt lat = "24.630281005663218" lon = "118.28363372363128">
<ele>
31.320826664566994</ele>
<speed>
3.3024582616623235</speed>
<time>
2024-09-05T09:02:32Z</time>
</trkpt>
<trkpt lat = "24.630269080186658" lon = "118.28362999242542">
<ele>
31.81137062050402</ele>
<speed>
3.004828246792964</speed>
<time>
2024-09-05T09:02:33Z</time>
</trkpt>
<trkpt lon = "118.2836269738352" lat = "24.630237523227347">
<ele>
31.930678351782262</ele>
<speed>
3.0390149977899066</speed>
<time>
2024-09-05T09:02:34Z</time>
</trkpt>
<trkpt lon = "118.28361427016239" lat = "24.63019846980349">
<ele>
32.11888300161809</ele>
<speed>
3.1451949568070487</speed>
<time>
2024-09-05T09:02:35Z</time>
</trkpt>
<trkpt lat = "24.630163364426185" lon = "118.28359533779667">
<ele>
32.66810788027942</ele>
<speed>
3.231514575904006</speed>
<time>
2024-09-05T09:02:36Z</time>
</trkpt>
<trkpt lon = "118.2835656185933" lat = "24.630126934757925">
<ele>
32.53655101265758</ele>
<speed>
3.3335905557571905</speed>
<time>
2024-09-05T09:02:37Z</time>
</trkpt>
<trkpt lat = "24.630112351518584" lon = "118.28356093185135">
<ele>
32.725367372855544</ele>
<speed>
3.2178438459491745</speed>
<time>
2024-09-05T09:02:38Z</time>
</trkpt>
<trkpt lon = "118.2835527522932" lat = "24.630120406733386">
<ele>
33.079640119336545</ele>
<speed>
2.9004468344403715</speed>
<time>
2024-09-05T09:02:39Z</time>
</trkpt>
<trkpt lat = "24.63009535743802" lon = "118.28354800027326">
<ele>
33.811769461259246</ele>
<speed>
2.95028246901923</speed>
<time>
2024-09-05T09:02:40Z</time>
</trkpt>
<trkpt lon = "118.28354924926893" lat = "24.63007113684878">
<ele>
34.06550418585539</ele>
<speed>
2.9634967333341278</speed>
<time>
2024-09-05T09:02:41Z</time>
</trkpt>
<trkpt lat = "24.630057552204097" lon = "118.28357200443888">
<ele>
34.20893982518464</ele>
<speed>
2.815215086188855</speed>
<time>
2024-09-05T09:02:42Z</time>
</trkpt>
<trkpt lon = "118.28355354172615" lat = "24.630004706441532">
<ele>
34.47928271908313</ele>
<speed>
2.977833299380067</speed>
<time>
2024-09-05T09:02:43Z</time>
</trkpt>
<trkpt lon = "118.28356629673883" lat = "24.62999324080382">
<ele>
34.99230837170035</ele>
<speed>
0.0</speed>
<time>
2024-09-05T09:02:44Z</time>
</trkpt>
<trkpt lat = "24.63010584704598" lon = "118.28359868428646">
<ele>
35.619502844288945</ele>
<speed>
0.576420794874775</speed>
<time>
2024-09-05T09:02:45Z</time>
</trkpt>
<trkpt lat = "24.630077286657887" lon = "118.28361383958797">
<ele>
36.019859777763486</ele>
<speed>
0.737355074080322</speed>
<time>
2024-09-05T09:02:46Z</time>
</trkpt>
<trkpt lon = "118.28359432077221" lat = "24.63006167093358">
<ele>
36.06328505463898</ele>
<speed>
0.6736107257206323</speed>
<time>
2024-09-05T09:02:47Z</time>
</trkpt>
<trkpt lat = "24.63003929132798" lon = "118.28359474970621">
<ele>
36.27204065024853</ele>
<speed>
0.8313175071721461</speed>
<time>
2024-09-05T09:02:48Z</time>
</trkpt>
<trkpt lat = "24.630013021549143" lon = "118.28360721099709">
<ele>
36.34252053871751</ele>
<speed>
0.9584273375577715</speed>
<time>
2024-09-05T09:02:49Z</time>
</trkpt>
<trkpt lon = "118.28362306490881" lat = "24.629998939462098">
<ele>
36.27473112475127</ele>
<speed>
1.0681270176576294</speed>
<time>
2024-09-05T09:02:50Z</time>
</trkpt>
<trkpt lat = "24.62999198444955" lon = "118.28362812696379">
<ele>
36.445319131948054</ele>
<speed>
1.115035497891635</speed>
<time>
2024-09-05T09:02:51Z</time>
</trkpt>
<trkpt lon = "118.28362930078863" lat = "24.629975671085433">
<ele>
36.34605500660837</ele>
<speed>
1.376961165976445</speed>
<time>
2024-09-05T09:02:52Z</time>
</trkpt>
<trkpt lon = "118.28364481639022" lat = "24.629950777064217">
<ele>
36.57615501433611</ele>
<speed>
1.72284016132107</speed>
<time>
2024-09-05T09:02:53Z</time>
</trkpt>
<trkpt lon = "118.28365264553027" lat = "24.629929657056167">
<ele>
36.595452445559204</ele>
<speed>
1.8444678760980875</speed>
<time>
2024-09-05T09:02:54Z</time>
</trkpt>
<trkpt lon = "118.28365575813116" lat = "24.62989511161474">
<ele>
36.66034895833582</ele>
<speed>
2.1401266336549325</speed>
<time>
2024-09-05T09:02:55Z</time>
</trkpt>
<trkpt lat = "24.6298466040105" lon = "118.28365670953407">
<ele>
36.969459171406925</ele>
<speed>
2.5222670460213594</speed>
<time>
2024-09-05T09:02:56Z</time>
</trkpt>
<trkpt lat = "24.629789735375663" lon = "118.28365923741885">
<ele>
37.145306582562625</ele>
<speed>
2.938736073060168</speed>
<time>
2024-09-05T09:02:57Z</time>
</trkpt>
<trkpt lon = "118.28366284956498" lat = "24.629725588844583">
<ele>
37.61486148647964</ele>
<speed>
3.419844084041937</speed>
<time>
2024-09-05T09:02:58Z</time>
</trkpt>
<trkpt lat = "24.62966811768577" lon = "118.28365893997979">
<ele>
37.8523214077577</ele>
<speed>
3.6682446503805446</speed>
<time>
2024-09-05T09:02:59Z</time>
</trkpt>
<trkpt lat = "24.629616195002725" lon = "118.28363322833799">
<ele>
36.85702728945762</ele>
<speed>
3.7244176178161594</speed>
<time>
2024-09-05T09:03:00Z</time>
</trkpt>
<trkpt lat = "24.62955940934546" lon = "118.28362671503582">
<ele>
36.87758100870997</ele>
<speed>
3.973553215414643</speed>
<time>
2024-09-05T09:03:01Z</time>
</trkpt>
<trkpt lon = "118.28362869135002" lat = "24.629507892776992">
<ele>
36.465762147679925</ele>
<speed>
4.113955826670343</speed>
<time>
2024-09-05T09:03:02Z</time>
</trkpt>
<trkpt lat = "24.629445236916172" lon = "118.2836349014229">
<ele>
37.0304112425074</ele>
<speed>
4.37983394299631</speed>
<time>
2024-09-05T09:03:03Z</time>
</trkpt>
<trkpt lat = "24.629385563611407" lon = "118.28361518850106">
<ele>
36.429203311912715</ele>
<speed>
4.507352573042262</speed>
<time>
2024-09-05T09:03:04Z</time>
</trkpt>
<trkpt lat = "24.629586110763142" lon = "118.28360649043064">
<ele>
36.58405969757587</ele>
<speed>
0.41690110772985134</speed>
<time>
2024-09-05T09:03:05Z</time>
</trkpt>
<trkpt lon = "118.28359220318119" lat = "24.62957703036157">
<ele>
36.8224607296288</ele>
<speed>
0.06845253883229188</speed>
<time>
2024-09-05T09:03:06Z</time>
</trkpt>
<trkpt lat = "24.629565550869607" lon = "118.28358446460471">
<ele>
37.031049044802785</ele>
<speed>
0.06889824430303843</speed>
<time>
2024-09-05T09:03:07Z</time>
</trkpt>
<trkpt lat = "24.629544428688163" lon = "118.28357559378321">
<ele>
37.00268249306828</ele>
<speed>
0.2522044798844021</speed>
<time>
2024-09-05T09:03:08Z</time>
</trkpt>
<trkpt lat = "24.629541745983524" lon = "118.28357973783349">
<ele>
36.95390844345093</ele>
<speed>
0.061967527971942986</speed>
<time>
2024-09-05T09:03:09Z</time>
</trkpt>
<trkpt lon = "118.2835841584755" lat = "24.629535539064907">
<ele>
37.08845988009125</ele>
<speed>
0.08521158003999292</speed>
<time>
2024-09-05T09:03:10Z</time>
</trkpt>
<trkpt lat = "24.62951753235841" lon = "118.28356413442125">
<ele>
37.25210721977055</ele>
<speed>
0.06616172696220166</speed>
<time>
2024-09-05T09:03:11Z</time>
</trkpt>
<trkpt lat = "24.629502618602196" lon = "118.2835432081462">
<ele>
37.32582489773631</ele>
<speed>
0.05531880177261084</speed>
<time>
2024-09-05T09:03:12Z</time>
</trkpt>
<trkpt lon = "118.28351351548481" lat = "24.629455814539625">
<ele>
37.61469077784568</ele>
<speed>
0.4053581119948362</speed>
<time>
2024-09-05T09:03:13Z</time>
</trkpt>
<trkpt lat = "24.62940851740027" lon = "118.28348446367717">
<ele>
37.427348928526044</ele>
<speed>
0.8714207774301608</speed>
<time>
2024-09-05T09:03:14Z</time>
</trkpt>
<trkpt lat = "24.62936676644014" lon = "118.28347625524191">
<ele>
37.3463714197278</ele>
<speed>
1.3087827316176546</speed>
<time>
2024-09-05T09:03:15Z</time>
</trkpt>
<trkpt lat = "24.629326675465325" lon = "118.28347904900443">
<ele>
37.4577863086015</ele>
<speed>
1.572300373828565</speed>
<time>
2024-09-05T09:03:16Z</time>
</trkpt>
<trkpt lat = "24.629252958915767" lon = "118.28349760478342">
<ele>
37.44735958985984</ele>
<speed>
2.227901691731355</speed>
<time>
2024-09-05T09:03:17Z</time>
</trkpt>
<trkpt lat = "24.629169238305455" lon = "118.2835020449446">
<ele>
37.87955966312438</ele>
<speed>
2.982990485234112</speed>
<time>
2024-09-05T09:03:18Z</time>
</trkpt>
<trkpt lon = "118.28349328964173" lat = "24.62905848853806">
<ele>
38.00528911035508</ele>
<speed>
3.899012672347683</speed>
<time>
2024-09-05T09:03:19Z</time>
</trkpt>
<trkpt lon = "118.28349896400262" lat = "24.628965066843154">
<ele>
37.84653300885111</ele>
<speed>
4.506801558109619</speed>
<time>
2024-09-05T09:03:20Z</time>
</trkpt>
<trkpt lon = "118.28349456322236" lat = "24.62891752598588">
<ele>
38.00791418552399</ele>
<speed>
4.623849367478584</speed>
<time>
2024-09-05T09:03:21Z</time>
</trkpt>
<trkpt lat = "24.628868125480796" lon = "118.28348726029233">
<ele>
38.23143835645169</ele>
<speed>
4.740678589290223</speed>
<time>
2024-09-05T09:03:22Z</time>
</trkpt>
<trkpt lon = "118.2834727366523" lat = "24.628783545934613">
<ele>
38.32306019589305</ele>
<speed>
5.109344942591722</speed>
<time>
2024-09-05T09:03:23Z</time>
</trkpt>
<trkpt lat = "24.62869579361315" lon = "118.28346201047079">
<ele>
38.195088538341224</ele>
<speed>
5.3134299997309835</speed>
<time>
2024-09-05T09:03:24Z</time>
</trkpt>
<trkpt lon = "118.28346545234989" lat = "24.628626398434776">
<ele>
38.26960773486644</ele>
<speed>
5.448412627323248</speed>
<time>
2024-09-05T09:03:25Z</time>
</trkpt>
<trkpt lon = "118.28345188532559" lat = "24.628581649244772">
<ele>
38.16148782800883</ele>
<speed>
5.448732493221165</speed>
<time>
2024-09-05T09:03:26Z</time>
</trkpt>
<trkpt lat = "24.628542156852433" lon = "118.28345581431466">
<ele>
37.87224499043077</ele>
<speed>
5.410379978885621</speed>
<time>
2024-09-05T09:03:27Z</time>
</trkpt>
<trkpt lat = "24.628839320660994" lon = "118.28346093265333">
<ele>
37.55291278474033</ele>
<speed>
0.0</speed>
<time>
2024-09-05T09:03:28Z</time>
</trkpt>
<trkpt lat = "24.628829212980545" lon = "118.28345854518166">
<ele>
37.3050356246531</ele>
<speed>
0.5273789879306475</speed>
<time>
2024-09-05T09:03:29Z</time>
</trkpt>
<trkpt lon = "118.28346019582213" lat = "24.6288291317383">
<ele>
37.387930375523865</ele>
<speed>
0.3866366556315304</speed>
<time>
2024-09-05T09:03:30Z</time>
</trkpt>
<trkpt lat = "24.628833410238304" lon = "118.28347015994198">
<ele>
37.255206765607</ele>
<speed>
0.18503390362719005</speed>
<time>
2024-09-05T09:03:31Z</time>
</trkpt>
<trkpt lon = "118.28345074604829" lat = "24.62879952428944">
<ele>
37.432433099485934</ele>
<speed>
0.23308753537817664</speed>
<time>
2024-09-05T09:03:32Z</time>
</trkpt>
<trkpt lon = "118.28339004908747" lat = "24.628710299485256">
<ele>
37.105656672269106</ele>
<speed>
0.5572998067717209</speed>
<time>
2024-09-05T09:03:33Z</time>
</trkpt>
<trkpt lat = "24.62861392984822" lon = "118.28332874176611">
<ele>
37.21138739120215</ele>
<speed>
1.3415379276129777</speed>
<time>
2024-09-05T09:03:34Z</time>
</trkpt>
<trkpt lat = "24.62850786941949" lon = "118.28327575064421">
<ele>
37.05879023578018</ele>
<speed>
2.2571322754983942</speed>
<time>
2024-09-05T09:03:35Z</time>
</trkpt>
<trkpt lat = "24.628452853844383" lon = "118.28331389744385">
<ele>
37.121958958916366</ele>
<speed>
3.1664435163102356</speed>
<time>
2024-09-05T09:03:36Z</time>
</trkpt>
<trkpt lat = "24.62845056527685" lon = "118.28333802531603">
<ele>
37.2709581553936</ele>
<speed>
2.9447669824930034</speed>
<time>
2024-09-05T09:03:37Z</time>
</trkpt>
<trkpt lat = "24.628454982090584" lon = "118.2833335964025">
<ele>
37.15714179817587</ele>
<speed>
0.0</speed>
<time>
2024-09-05T09:03:38Z</time>
</trkpt>
<trkpt lon = "118.28326522856459" lat = "24.628548357620478">
<ele>
37.12883303873241</ele>
<speed>
0.32520283403237404</speed>
<time>
2024-09-05T09:03:39Z</time>
</trkpt>
<trkpt lat = "24.62853942943407" lon = "118.28325202599315">
<ele>
37.259195665828884</ele>
<speed>
0.49732849125397155</speed>
<time>
2024-09-05T09:03:40Z</time>
</trkpt>
<trkpt lon = "118.28322231120801" lat = "24.628536329420285">
<ele>
37.37393718305975</ele>
<speed>
0.1706514373899514</speed>
<time>
2024-09-05T09:03:41Z</time>
</trkpt>
<trkpt lon = "118.2831770957774" lat = "24.628520974218045">
<ele>
37.376416492275894</ele>
<speed>
0.32849545013048964</speed>
<time>
2024-09-05T09:03:42Z</time>
</trkpt>
<trkpt lon = "118.28314847355495" lat = "24.62851386068268">
<ele>
37.478011548519135</ele>
<speed>
0.34554124584889623</speed>
<time>
2024-09-05T09:03:43Z</time>
</trkpt>
<trkpt lon = "118.28310967676072" lat = "24.628496063018">
<ele>
37.77087449003011</ele>
<speed>
0.507045985340945</speed>
<time>
2024-09-05T09:03:44Z</time>
</trkpt>
<trkpt lat = "24.62846666702937" lon = "118.2831039433042">
<ele>
37.78409472387284</ele>
<speed>
1.0382181081803405</speed>
<time>
2024-09-05T09:03:45Z</time>
</trkpt>
<trkpt lon = "118.28312000202331" lat = "24.628440808143093">
<ele>
37.91340651921928</ele>
<speed>
1.6442621094047218</speed>
<time>
2024-09-05T09:03:46Z</time>
</trkpt>
<trkpt lat = "24.628411589037448" lon = "118.28314429734726">
<ele>
37.97922934498638</ele>
<speed>
2.2544052855926546</speed>
<time>
2024-09-05T09:03:47Z</time>
</trkpt>
<trkpt lon = "118.28317728475574" lat = "24.62839032662069">
<ele>
38.166328898631036</ele>
<speed>
2.7175960722258528</speed>
<time>
2024-09-05T09:03:48Z</time>
</trkpt>
<trkpt lat = "24.628367627637967" lon = "118.28318695183603">
<ele>
37.01999831479043</ele>
<speed>
2.791650763340747</speed>
<time>
2024-09-05T09:03:49Z</time>
</trkpt>
<trkpt lat = "24.628336903870522" lon = "118.28317766015093">
<ele>
36.80259120743722</ele>
<speed>
2.6848797549075365</speed>
<time>
2024-09-05T09:03:50Z</time>
</trkpt>
<trkpt lat = "24.62830565557219" lon = "118.28317822760393">
<ele>
36.71275758277625</ele>
<speed>
2.715102806303082</speed>
<time>
2024-09-05T09:03:51Z</time>
</trkpt>
<trkpt lat = "24.62825656105965" lon = "118.28316777056153">
<ele>
36.87004851177335</ele>
<speed>
2.867497474247903</speed>
<time>
2024-09-05T09:03:52Z</time>
</trkpt>
<trkpt lat = "24.628193607025604" lon = "118.28314352632552">
<ele>
36.933175701648</ele>
<speed>
3.0058724521330147</speed>
<time>
2024-09-05T09:03:53Z</time>
</trkpt>
<trkpt lat = "24.628333634219373" lon = "118.28305642883191">
<ele>
36.90906990878284</ele>
<speed>
0.0</speed>
<time>
2024-09-05T09:03:54Z</time>
</trkpt>
<trkpt lat = "24.6283023730587" lon = "118.28303438908098">
<ele>
37.34477361943573</ele>
<speed>
0.0</speed>
<time>
2024-09-05T09:03:55Z</time>
</trkpt>
<trkpt lat = "24.6283023730587" lon = "118.28303438908098">
<ele>
37.34477361943573</ele>
<speed>
0.0</speed>
<time>
2024-09-05T09:03:56Z</time>
</trkpt>
<trkpt lat = "24.6283023730587" lon = "118.28303438908098">
<ele>
37.34477361943573</ele>
<speed>
0.0</speed>
<time>
2024-09-05T09:03:57Z</time>
</trkpt>
<trkpt lat = "24.6278027768563" lon = "118.28321373990501">
<ele>
38.21985221747309</ele>
<speed>
0.0</speed>
<time>
2024-09-05T09:03:58Z</time>
</trkpt>
<trkpt lon = "118.28326166943184" lat = "24.627587334127938">
<ele>
38.45003238786012</ele>
<speed>
0.4680122143500985</speed>
<time>
2024-09-05T09:03:59Z</time>
</trkpt>
<trkpt lat = "24.627463291260714" lon = "118.28327138618903">
<ele>
38.517167860642076</ele>
<speed>
0.15834842506256872</speed>
<time>
2024-09-05T09:04:00Z</time>
</trkpt>
<trkpt lon = "118.28327039224634" lat = "24.62737576812055">
<ele>
38.698004089295864</ele>
<speed>
0.08779998392802049</speed>
<time>
2024-09-05T09:04:01Z</time>
</trkpt>
<trkpt lon = "118.28325071873434" lat = "24.6273421450121">
<ele>
38.70962246786803</ele>
<speed>
0.08664235799692992</speed>
<time>
2024-09-05T09:04:02Z</time>
</trkpt>
<trkpt lat = "24.627220342481888" lon = "118.2832429134012">
<ele>
38.87587794288993</ele>
<speed>
0.0</speed>
<time>
2024-09-05T09:04:03Z</time>
</trkpt>
<trkpt lat = "24.62714115541302" lon = "118.28324725112422">
<ele>
39.300316357053816</ele>
<speed>
0.4014612227972132</speed>
<time>
2024-09-05T09:04:04Z</time>
</trkpt>
<trkpt lon = "118.28323353608545" lat = "24.627125101931952">
<ele>
39.502796372398734</ele>
<speed>
0.4822438034974909</speed>
<time>
2024-09-05T09:04:05Z</time>
</trkpt>
<trkpt lat = "24.62709903827837" lon = "118.2832205944389">
<ele>
39.93927741330117</ele>
<speed>
0.7269201448969568</speed>
<time>
2024-09-05T09:04:06Z</time>
</trkpt>
<trkpt lat = "24.62708601564601" lon = "118.28321175085364">
<ele>
40.07380377035588</ele>
<speed>
0.8227814885834428</speed>
<time>
2024-09-05T09:04:07Z</time>
</trkpt>
<trkpt lon = "118.28315206471079" lat = "24.6268847369088">
<ele>
40.39354632794857</ele>
<speed>
4.288609939077763</speed>
<time>
2024-09-05T09:04:08Z</time>
</trkpt>
<trkpt lat = "24.626411416055177" lon = "118.28306568384791">
<ele>
40.5098706940189</ele>
<speed>
7.667346832194666</speed>
<time>
2024-09-05T09:04:09Z</time>
</trkpt>
<trkpt lat = "24.626298821527932" lon = "118.28299808562564">
<ele>
40.73140558972955</ele>
<speed>
7.630371093537158</speed>
<time>
2024-09-05T09:04:10Z</time>
</trkpt>
<trkpt lon = "118.28292045196959" lat = "24.62619226014652">
<ele>
40.84467147383839</ele>
<speed>
7.183611090845701</speed>
<time>
2024-09-05T09:04:11Z</time>
</trkpt>
<trkpt lon = "118.28283991379672" lat = "24.626104565958105">
<ele>
40.83393784984946</ele>
<speed>
7.456068439977867</speed>
<time>
2024-09-05T09:04:12Z</time>
</trkpt>
<trkpt lon = "118.28277510393954" lat = "24.626031851168364">
<ele>
40.803136916831136</ele>
<speed>
7.337671790918218</speed>
<time>
2024-09-05T09:04:13Z</time>
</trkpt>
<trkpt lat = "24.625953015538403" lon = "118.28272187284404">
<ele>
40.66943440400064</ele>
<speed>
7.437316984895894</speed>
<time>
2024-09-05T09:04:14Z</time>
</trkpt>
<trkpt lat = "24.625896551419707" lon = "118.28265554465216">
<ele>
40.2802997417748</ele>
<speed>
7.745511476826417</speed>
<time>
2024-09-05T09:04:15Z</time>
</trkpt>
<trkpt lat = "24.62584697447496" lon = "118.28260373871866">
<ele>
40.210500043816864</ele>
<speed>
7.491625194923207</speed>
<time>
2024-09-05T09:04:16Z</time>
</trkpt>
<trkpt lat = "24.625804085412632" lon = "118.2825488225495">
<ele>
39.97980391513556</ele>
<speed>
7.3636368005061605</speed>
<time>
2024-09-05T09:04:17Z</time>
</trkpt>
<trkpt lat = "24.625746557112492" lon = "118.28250109668198">
<ele>
40.44017520546913</ele>
<speed>
7.308428871230237</speed>
<time>
2024-09-05T09:04:18Z</time>
</trkpt>
<trkpt lon = "118.28244768507781" lat = "24.6257022613272">
<ele>
39.838121675886214</ele>
<speed>
7.249986268589597</speed>
<time>
2024-09-05T09:04:19Z</time>
</trkpt>
<trkpt lon = "118.28239541272433" lat = "24.625656876007657">
<ele>
39.404412906616926</ele>
<speed>
7.216960789366902</speed>
<time>
2024-09-05T09:04:20Z</time>
</trkpt>
<trkpt lat = "24.625608673801757" lon = "118.28234119114329">
<ele>
39.32843885105103</ele>
<speed>
7.2832863210454395</speed>
<time>
2024-09-05T09:04:21Z</time>
</trkpt>
<trkpt lon = "118.2822811931453" lat = "24.62555972690305">
<ele>
39.305355289019644</ele>
<speed>
7.511306413356935</speed>
<time>
2024-09-05T09:04:22Z</time>
</trkpt>
<trkpt lon = "118.28222724957608" lat = "24.625514564401858">
<ele>
39.033345555886626</ele>
<speed>
7.540481001581408</speed>
<time>
2024-09-05T09:04:23Z</time>
</trkpt>
<trkpt lat = "24.625463375460804" lon = "118.28218474524776">
<ele>
39.07541459240019</ele>
<speed>
7.462393060202987</speed>
<time>
2024-09-05T09:04:24Z</time>
</trkpt>
<trkpt lat = "24.62541058608612" lon = "118.28215561973406">
<ele>
39.10283956024796</ele>
<speed>
7.216011821124775</speed>
<time>
2024-09-05T09:04:25Z</time>
</trkpt>
<trkpt lat = "24.62534857791978" lon = "118.28210369745202">
<ele>
38.8536065146327</ele>
<speed>
7.551855135112195</speed>
<time>
2024-09-05T09:04:26Z</time>
</trkpt>
<trkpt lon = "118.28205123590625" lat = "24.625286015829946">
<ele>
38.6444367589429</ele>
<speed>
7.8738482130851155</speed>
<time>
2024-09-05T09:04:27Z</time>
</trkpt>
<trkpt lat = "24.625227617285994" lon = "118.28200430757548">
<ele>
38.116855554282665</ele>
<speed>
7.7997883692720205</speed>
<time>
2024-09-05T09:04:28Z</time>
</trkpt>
<trkpt lat = "24.62517264806479" lon = "118.28195925771468">
<ele>
38.22437985148281</ele>
<speed>
7.660292845206287</speed>
<time>
2024-09-05T09:04:29Z</time>
</trkpt>
<trkpt lon = "118.28190964929763" lat = "24.625116979148043">
<ele>
38.00780517794192</ele>
<speed>
7.600311678322203</speed>
<time>
2024-09-05T09:04:30Z</time>
</trkpt>
<trkpt lat = "24.6250698974846" lon = "118.28186885226438">
<ele>
37.94982558954507</ele>
<speed>
7.2815581391936135</speed>
<time>
2024-09-05T09:04:31Z</time>
</trkpt>
<trkpt lat = "24.62502707775769" lon = "118.28182196839869">
<ele>
38.11300074402243</ele>
<speed>
7.0646123112871715</speed>
<time>
2024-09-05T09:04:32Z</time>
</trkpt>
<trkpt lon = "118.28177070453972" lat = "24.624969559407507">
<ele>
38.088359562680125</ele>
<speed>
7.36486455014088</speed>
<time>
2024-09-05T09:04:33Z</time>
</trkpt>
<trkpt lon = "118.28172018819882" lat = "24.62491454317894">
<ele>
38.17466816306114</ele>
<speed>
7.549826445604504</speed>
<time>
2024-09-05T09:04:34Z</time>
</trkpt>
<trkpt lon = "118.28166728560554" lat = "24.624865502006923">
<ele>
37.62765875086188</ele>
<speed>
7.572212182376167</speed>
<time>
2024-09-05T09:04:35Z</time>
</trkpt>
<trkpt lon = "118.28162025215344" lat = "24.624806763782676">
<ele>
37.422533955425024</ele>
<speed>
7.6393182688145265</speed>
<time>
2024-09-05T09:04:36Z</time>
</trkpt>
<trkpt lat = "24.62475283387031" lon = "118.28158160662622">
<ele>
37.40019814297557</ele>
<speed>
7.569772107933969</speed>
<time>
2024-09-05T09:04:37Z</time>
</trkpt>
<trkpt lat = "24.624694787086334" lon = "118.28153916148429">
<ele>
37.36923943646252</ele>
<speed>
7.613245264440355</speed>
<time>
2024-09-05T09:04:38Z</time>
</trkpt>
<trkpt lon = "118.28149218779" lat = "24.62464261882038">
<ele>
37.460196919739246</ele>
<speed>
7.551601440063657</speed>
<time>
2024-09-05T09:04:39Z</time>
</trkpt>
<trkpt lat = "24.624599852278635" lon = "118.28144638958035">
<ele>
37.450499419122934</ele>
<speed>
7.334048323733098</speed>
<time>
2024-09-05T09:04:40Z</time>
</trkpt>
<trkpt lon = "118.28138723451676" lat = "24.62455839971096">
<ele>
37.26552834175527</ele>
<speed>
7.417430045903931</speed>
<time>
2024-09-05T09:04:41Z</time>
</trkpt>
<trkpt lat = "24.624515822424662" lon = "118.28133147670995">
<ele>
37.32991885393858</ele>
<speed>
7.366631404727013</speed>
<time>
2024-09-05T09:04:42Z</time>
</trkpt>
<trkpt lat = "24.624473216285505" lon = "118.28128135587717">
<ele>
36.880329261533916</ele>
<speed>
7.281109747598166</speed>
<time>
2024-09-05T09:04:43Z</time>
</trkpt>
<trkpt lat = "24.624429835015746" lon = "118.28122698407968">
<ele>
36.685596192255616</ele>
<speed>
7.232586468292873</speed>
<time>
2024-09-05T09:04:44Z</time>
</trkpt>
<trkpt lat = "24.624382649255946" lon = "118.28117348205701">
<ele>
36.482307432219386</ele>
<speed>
7.269303131550647</speed>
<time>
2024-09-05T09:04:45Z</time>
</trkpt>
<trkpt lat = "24.62433804986644" lon = "118.28111876770241">
<ele>
36.50538260024041</ele>
<speed>
7.19866575605773</speed>
<time>
2024-09-05T09:04:46Z</time>
</trkpt>
<trkpt lat = "24.624299968539113" lon = "118.28106343995236">
<ele>
36.27495126798749</ele>
<speed>
7.10060692960425</speed>
<time>
2024-09-05T09:04:47Z</time>
</trkpt>
<trkpt lon = "118.28100887854876" lat = "24.62426555528841">
<ele>
36.417739381082356</ele>
<speed>
6.973304579935375</speed>
<time>
2024-09-05T09:04:48Z</time>
</trkpt>
<trkpt lat = "24.62422964458935" lon = "118.28095945711435">
<ele>
36.45817971602082</ele>
<speed>
6.771954737254597</speed>
<time>
2024-09-05T09:04:49Z</time>
</trkpt>
<trkpt lon = "118.28094189037857" lat = "24.624181444625595">
<ele>
35.93457184266299</ele>
<speed>
6.443427544908881</speed>
<time>
2024-09-05T09:04:50Z</time>
</trkpt>
<trkpt lat = "24.624140814541278" lon = "118.28090105204967">
<ele>
35.54533162340522</ele>
<speed>
6.4261296197067335</speed>
<time>
2024-09-05T09:04:51Z</time>
</trkpt>
<trkpt lon = "118.28087016632011" lat = "24.624093828828457">
<ele>
34.54313144274056</ele>
<speed>
6.476185628811412</speed>
<time>
2024-09-05T09:04:52Z</time>
</trkpt>
<trkpt lat = "24.624035502897765" lon = "118.28084801001594">
<ele>
34.4662698879838</ele>
<speed>
6.554314308748039</speed>
<time>
2024-09-05T09:04:53Z</time>
</trkpt>
<trkpt lat = "24.623980391032763" lon = "118.28082518301761">
<ele>
33.98409714642912</ele>
<speed>
6.301916750994053</speed>
<time>
2024-09-05T09:04:54Z</time>
</trkpt>
<trkpt lat = "24.623940977359926" lon = "118.28079965741703">
<ele>
33.737489831633866</ele>
<speed>
5.378681711938841</speed>
<time>
2024-09-05T09:04:55Z</time>
</trkpt>
<trkpt lat = "24.623924914288203" lon = "118.28078669981002">
<ele>
33.5278659472242</ele>
<speed>
3.669504189188375</speed>
<time>
2024-09-05T09:04:56Z</time>
</trkpt>
<trkpt lon = "118.28077298307699" lat = "24.623918187096137">
<ele>
33.557411631569266</ele>
<speed>
2.53422629925848</speed>
<time>
2024-09-05T09:04:57Z</time>
</trkpt>
<trkpt lat = "24.623912582747533" lon = "118.28076687995689">
<ele>
33.59789859224111</ele>
<speed>
1.9882045180347787</speed>
<time>
2024-09-05T09:04:58Z</time>
</trkpt>
<trkpt lon = "118.28074925970118" lat = "24.623898190719874">
<ele>
33.651068861596286</ele>
<speed>
2.3401635987248874</speed>
<time>
2024-09-05T09:04:59Z</time>
</trkpt>
<trkpt lat = "24.623872471958204" lon = "118.28072064003574">
<ele>
33.502076542936265</ele>
<speed>
3.3234757532903134</speed>
<time>
2024-09-05T09:05:00Z</time>
</trkpt>
<trkpt lat = "24.623844860412284" lon = "118.2806721085601">
<ele>
33.482991500757635</ele>
<speed>
4.615308226070553</speed>
<time>
2024-09-05T09:05:01Z</time>
</trkpt>
<trkpt lat = "24.6238164931426" lon = "118.28060943644651">
<ele>
33.181307832710445</ele>
<speed>
5.803826961136295</speed>
<time>
2024-09-05T09:05:02Z</time>
</trkpt>
<trkpt lon = "118.28054708678171" lat = "24.62379380579921">
<ele>
33.24800434708595</ele>
<speed>
6.246806177901348</speed>
<time>
2024-09-05T09:05:03Z</time>
</trkpt>
<trkpt lon = "118.28048447967205" lat = "24.623776396972733">
<ele>
33.213346681557596</ele>
<speed>
6.404202775773594</speed>
<time>
2024-09-05T09:05:04Z</time>
</trkpt>
<trkpt lat = "24.623753029919364" lon = "118.28042495840262">
<ele>
33.10382968746126</ele>
<speed>
6.467224297271335</speed>
<time>
2024-09-05T09:05:05Z</time>
</trkpt>
<trkpt lat = "24.623725792367832" lon = "118.28037106436047">
<ele>
33.0344065092504</ele>
<speed>
6.428246526698789</speed>
<time>
2024-09-05T09:05:06Z</time>
</trkpt>
<trkpt lat = "24.62369563731862" lon = "118.28032176725878">
<ele>
32.62430460192263</ele>
<speed>
6.237035291813108</speed>
<time>
2024-09-05T09:05:07Z</time>
</trkpt>
<trkpt lat = "24.623661207744373" lon = "118.28027350240681">
<ele>
32.26662313938141</ele>
<speed>
6.176862576402883</speed>
<time>
2024-09-05T09:05:08Z</time>
</trkpt>
<trkpt lon = "118.28022858040846" lat = "24.62363409553685">
<ele>
32.13855605572462</ele>
<speed>
5.832632719510593</speed>
<time>
2024-09-05T09:05:09Z</time>
</trkpt>
<trkpt lat = "24.623617299521936" lon = "118.2801817825901">
<ele>
31.824308020994067</ele>
<speed>
5.230673071031633</speed>
<time>
2024-09-05T09:05:10Z</time>
</trkpt>
<trkpt lat = "24.62359628580634" lon = "118.28015483225963">
<ele>
31.311778113245964</ele>
<speed>
4.4214905122462325</speed>
<time>
2024-09-05T09:05:11Z</time>
</trkpt>
<trkpt lat = "24.623585855755717" lon = "118.28012106594328">
<ele>
31.231998511590064</ele>
<speed>
4.057761426033844</speed>
<time>
2024-09-05T09:05:12Z</time>
</trkpt>
<trkpt lon = "118.28008413361232" lat = "24.62357410040809">
<ele>
30.880944224074483</ele>
<speed>
3.8215589463331647</speed>
<time>
2024-09-05T09:05:13Z</time>
</trkpt>
<trkpt lon = "118.28004559192225" lat = "24.623558997606963">
<ele>
30.93623056728393</ele>
<speed>
3.8366961546931813</speed>
<time>
2024-09-05T09:05:14Z</time>
</trkpt>
<trkpt lat = "24.623549916583016" lon = "118.28001455097818">
<ele>
30.486182905733585</ele>
<speed>
3.3217993055508828</speed>
<time>
2024-09-05T09:05:15Z</time>
</trkpt>
<trkpt lon = "118.27998627216705" lat = "24.623537445868457">
<ele>
30.33641322143376</ele>
<speed>
3.269666270322787</speed>
<time>
2024-09-05T09:05:16Z</time>
</trkpt>
<trkpt lat = "24.623522563314793" lon = "118.27995839823011">
<ele>
30.48009729385376</ele>
<speed>
3.2273388811709416</speed>
<time>
2024-09-05T09:05:17Z</time>
</trkpt>
<trkpt lat = "24.623498418689408" lon = "118.27993927046207">
<ele>
30.398681355640292</ele>
<speed>
3.44520739242875</speed>
<time>
2024-09-05T09:05:18Z</time>
</trkpt>
<trkpt lat = "24.62346186711788" lon = "118.2799290349222">
<ele>
30.767853831872344</ele>
<speed>
3.9501507046181223</speed>
<time>
2024-09-05T09:05:19Z</time>
</trkpt>
<trkpt lon = "118.27992323260365" lat = "24.623422590147488">
<ele>
30.613087881356478</ele>
<speed>
4.266925631319681</speed>
<time>
2024-09-05T09:05:20Z</time>
</trkpt>
<trkpt lon = "118.27991843236912" lat = "24.623377974101253">
<ele>
30.1353200674057</ele>
<speed>
4.6741312794286465</speed>
<time>
2024-09-05T09:05:21Z</time>
</trkpt>
<trkpt lon = "118.27990531844395" lat = "24.623336829332576">
<ele>
29.62795244436711</ele>
<speed>
4.732311535884449</speed>
<time>
2024-09-05T09:05:22Z</time>
</trkpt>
<trkpt lon = "118.27988103612877" lat = "24.623304245076593">
<ele>
29.279850620776415</ele>
<speed>
4.5473066556542046</speed>
<time>
2024-09-05T09:05:23Z</time>
</trkpt>
<trkpt lat = "24.623272100622597" lon = "118.27985583563307">
<ele>
29.133352720178664</ele>
<speed>
4.4133996307444106</speed>
<time>
2024-09-05T09:05:24Z</time>
</trkpt>
<trkpt lon = "118.27983001303863" lat = "24.623244410731587">
<ele>
28.643658467568457</ele>
<speed>
4.258956399760315</speed>
<time>
2024-09-05T09:05:25Z</time>
</trkpt>
<trkpt lat = "24.62321801315806" lon = "118.27980368908047">
<ele>
28.194896056316793</ele>
<speed>
4.11973306001584</speed>
<time>
2024-09-05T09:05:26Z</time>
</trkpt>
<trkpt lat = "24.623192173651567" lon = "118.27978169189753">
<ele>
27.647180060856044</ele>
<speed>
3.7295308048895746</speed>
<time>
2024-09-05T09:05:27Z</time>
</trkpt>
<trkpt lat = "24.623172831982263" lon = "118.2797681065541">
<ele>
27.603882832452655</ele>
<speed>
2.9370226360116627</speed>
<time>
2024-09-05T09:05:28Z</time>
</trkpt>
<trkpt lon = "118.279760484182" lat = "24.623157806053783">
<ele>
27.35847187973559</ele>
<speed>
2.254115405237503</speed>
<time>
2024-09-05T09:05:29Z</time>
</trkpt>
<trkpt lon = "118.27974873358686" lat = "24.62314911789263">
<ele>
26.805206357501447</ele>
<speed>
1.7186163077467598</speed>
<time>
2024-09-05T09:05:30Z</time>
</trkpt>
<trkpt lat = "24.623115185263874" lon = "118.27975147364151">
<ele>
27.249248903244734</ele>
<speed>
2.512615490613515</speed>
<time>
2024-09-05T09:05:31Z</time>
</trkpt>
<trkpt lat = "24.623079337410854" lon = "118.27974339757282">
<ele>
26.747267202474177</ele>
<speed>
3.4088478344434976</speed>
<time>
2024-09-05T09:05:32Z</time>
</trkpt>
<trkpt lat = "24.623042951767896" lon = "118.279745071923">
<ele>
26.683999644592404</ele>
<speed>
3.8626327935941442</speed>
<time>
2024-09-05T09:05:33Z</time>
</trkpt>
<trkpt lon = "118.27973897301239" lat = "24.6229964901613">
<ele>
26.913024875335395</ele>
<speed>
4.608757878076349</speed>
<time>
2024-09-05T09:05:34Z</time>
</trkpt>
<trkpt lat = "24.622957827102358" lon = "118.27973005251366">
<ele>
26.55980942863971</ele>
<speed>
4.640152606801164</speed>
<time>
2024-09-05T09:05:35Z</time>
</trkpt>
<trkpt lon = "118.27971827447996" lat = "24.622913291038138">
<ele>
26.441005060449243</ele>
<speed>
4.878580193811219</speed>
<time>
2024-09-05T09:05:36Z</time>
</trkpt>
<trkpt lat = "24.62287426064772" lon = "118.27970943101644">
<ele>
26.248159195296466</ele>
<speed>
4.639934666645898</speed>
<time>
2024-09-05T09:05:37Z</time>
</trkpt>
<trkpt lat = "24.622829645018232" lon = "118.27970144689641">
<ele>
26.055139913223684</ele>
<speed>
4.742169205941928</speed>
<time>
2024-09-05T09:05:38Z</time>
</trkpt>
<trkpt lat = "24.62278651190684" lon = "118.27968733351727">
<ele>
26.28709775581956</ele>
<speed>
4.768949951086267</speed>
<time>
2024-09-05T09:05:39Z</time>
</trkpt>
<trkpt lat = "24.62274345542443" lon = "118.27967195028897">
<ele>
26.115791983902454</ele>
<speed>
4.7274379595450835</speed>
<time>
2024-09-05T09:05:40Z</time>
</trkpt>
<trkpt lon = "118.27964424244823" lat = "24.622710743502054">
<ele>
25.829849898815155</ele>
<speed>
4.507470051883787</speed>
<time>
2024-09-05T09:05:41Z</time>
</trkpt>
<trkpt lon = "118.27961619281986" lat = "24.622679544651273">
<ele>
25.316519969142973</ele>
<speed>
4.460772925121085</speed>
<time>
2024-09-05T09:05:42Z</time>
</trkpt>
<trkpt lat = "24.62264702158177" lon = "118.27957966943715">
<ele>
24.86660415865481</ele>
<speed>
4.948824974793604</speed>
<time>
2024-09-05T09:05:43Z</time>
</trkpt>
<trkpt lat = "24.622624153451305" lon = "118.27953810552852">
<ele>
24.751236983574927</ele>
<speed>
5.272006465610598</speed>
<time>
2024-09-05T09:05:44Z</time>
</trkpt>
<trkpt lat = "24.622604690384634" lon = "118.27949517508605">
<ele>
24.9697908712551</ele>
<speed>
5.178921396332195</speed>
<time>
2024-09-05T09:05:45Z</time>
</trkpt>
<trkpt lat = "24.62260665738353" lon = "118.27944553437027">
<ele>
25.025329183787107</ele>
<speed>
4.714439777960663</speed>
<time>
2024-09-05T09:05:46Z</time>
</trkpt>
<trkpt lat = "24.62261984229538" lon = "118.27938917634133">
<ele>
24.753196843899786</ele>
<speed>
5.260134411085724</speed>
<time>
2024-09-05T09:05:47Z</time>
</trkpt>
<trkpt lat = "24.622626002269662" lon = "118.2793415468726">
<ele>
24.77738786302507</ele>
<speed>
5.234349191043398</speed>
<time>
2024-09-05T09:05:48Z</time>
</trkpt>
<trkpt lon = "118.27929728695261" lat = "24.622632332152442">
<ele>
24.790218770503998</ele>
<speed>
4.975800106998987</speed>
<time>
2024-09-05T09:05:49Z</time>
</trkpt>
<trkpt lon = "118.27925252681737" lat = "24.62263263469916">
<ele>
24.623856339603662</ele>
<speed>
4.716298264995366</speed>
<time>
2024-09-05T09:05:50Z</time>
</trkpt>
<trkpt lon = "118.27920893597843" lat = "24.622628211621063">
<ele>
24.57760937511921</ele>
<speed>
4.659488912011</speed>
<time>
2024-09-05T09:05:51Z</time>
</trkpt>
<trkpt lat = "24.622617383347162" lon = "118.27916323570088">
<ele>
24.72668059077114</ele>
<speed>
4.729112989964205</speed>
<time>
2024-09-05T09:05:52Z</time>
</trkpt>
<trkpt lat = "24.622596041631187" lon = "118.27912119231569">
<ele>
24.6147277392447</ele>
<speed>
4.771717058417031</speed>
<time>
2024-09-05T09:05:53Z</time>
</trkpt>
<trkpt lat = "24.62256899085187" lon = "118.2790878335648">
<ele>
24.738679972477257</ele>
<speed>
4.623514731446447</speed>
<time>
2024-09-05T09:05:54Z</time>
</trkpt>
<trkpt lat = "24.62256899085187" lon = "118.2790878335648">
<ele>
24.738679972477257</ele>
<speed>
4.623514731446447</speed>
<time>
2024-09-05T09:05:54Z</time>
</trkpt>
<trkpt lat = "24.622538918370818" lon = "118.2790617262657">
<ele>
24.737267766147852</ele>
<speed>
4.460607489444923</speed>
<time>
2024-09-05T09:05:55Z</time>
</trkpt>
<trkpt lat = "24.622499622711416" lon = "118.27904308732144">
<ele>
24.80293028242886</ele>
<speed>
4.515716726766608</speed>
<time>
2024-09-05T09:05:56Z</time>
</trkpt>
<trkpt lon = "118.27904454115577" lat = "24.622448493629353">
<ele>
24.685293548740447</ele>
<speed>
4.948362048369013</speed>
<time>
2024-09-05T09:05:57Z</time>
</trkpt>
<trkpt lat = "24.62239734036879" lon = "118.27903946879337">
<ele>
24.200320969335735</ele>
<speed>
5.492166080075557</speed>
<time>
2024-09-05T09:05:58Z</time>
</trkpt>
<trkpt lat = "24.622349558444967" lon = "118.2790274350366">
<ele>
24.133270194754004</ele>
<speed>
5.763724400954817</speed>
<time>
2024-09-05T09:05:59Z</time>
</trkpt>
<trkpt lon = "118.27900931061804" lat = "24.622299353930888">
<ele>
23.94948011636734</ele>
<speed>
5.891665654854841</speed>
<time>
2024-09-05T09:06:00Z</time>
</trkpt>
<trkpt lat = "24.622246759878117" lon = "118.27901074869573">
<ele>
23.59331113565713</ele>
<speed>
5.587765816920734</speed>
<time>
2024-09-05T09:06:01Z</time>
</trkpt>
<trkpt lon = "118.27901668472299" lat = "24.622205070661387">
<ele>
23.21756454836577</ele>
<speed>
4.8331760045614685</speed>
<time>
2024-09-05T09:06:02Z</time>
</trkpt>
<trkpt lon = "118.27900033783189" lat = "24.622160980644374">
<ele>
23.026636939495802</ele>
<speed>
4.730766210715271</speed>
<time>
2024-09-05T09:06:03Z</time>
</trkpt>
<trkpt lon = "118.27898931182241" lat = "24.62211690576651">
<ele>
23.170266723260283</ele>
<speed>
4.768148925329571</speed>
<time>
2024-09-05T09:06:04Z</time>
</trkpt>
<trkpt lon = "118.27898415507079" lat = "24.622071616305885">
<ele>
22.79837872646749</ele>
<speed>
4.859392376268184</speed>
<time>
2024-09-05T09:06:05Z</time>
</trkpt>
<trkpt lat = "24.622023492979345" lon = "118.27897430770908">
<ele>
22.911098076030612</ele>
<speed>
5.081086085109515</speed>
<time>
2024-09-05T09:06:06Z</time>
</trkpt>
<trkpt lon = "118.2789646833844" lat = "24.621975124707962">
<ele>
22.778249920345843</ele>
<speed>
5.193326503925394</speed>
<time>
2024-09-05T09:06:07Z</time>
</trkpt>
<trkpt lat = "24.621925769098162" lon = "118.27894851619739">
<ele>
22.912105597555637</ele>
<speed>
5.2048051051032145</speed>
<time>
2024-09-05T09:06:08Z</time>
</trkpt>
<trkpt lat = "24.621877622496097" lon = "118.27893964603882">
<ele>
22.782758154906332</ele>
<speed>
5.216090890016436</speed>
<time>
2024-09-05T09:06:09Z</time>
</trkpt>
<trkpt lon = "118.27892305690477" lat = "24.621830465849747">
<ele>
22.909478184767067</ele>
<speed>
5.262740879537406</speed>
<time>
2024-09-05T09:06:10Z</time>
</trkpt>
<trkpt lat = "24.621782161591806" lon = "118.27890122152189">
<ele>
22.5889494381845</ele>
<speed>
5.374706175248612</speed>
<time>
2024-09-05T09:06:11Z</time>
</trkpt>
<trkpt lon = "118.27888268126202" lat = "24.621731742047537">
<ele>
22.326174004934728</ele>
<speed>
5.425342513360509</speed>
<time>
2024-09-05T09:06:12Z</time>
</trkpt>
<trkpt lon = "118.27886974671694" lat = "24.621679344875275">
<ele>
22.332873691804707</ele>
<speed>
5.602260892264285</speed>
<time>
2024-09-05T09:06:13Z</time>
</trkpt>
<trkpt lat = "24.621621475094656" lon = "118.2788629205693">
<ele>
22.250444089993834</ele>
<speed>
6.1174308517649445</speed>
<time>
2024-09-05T09:06:14Z</time>
</trkpt>
<trkpt lon = "118.27885130846825" lat = "24.621555522410247">
<ele>
21.945449370890856</ele>
<speed>
6.768229860452229</speed>
<time>
2024-09-05T09:06:15Z</time>
</trkpt>
<trkpt lat = "24.621486170024696" lon = "118.27884251250407">
<ele>
21.745037296786904</ele>
<speed>
7.140077909014502</speed>
<time>
2024-09-05T09:06:16Z</time>
</trkpt>
<trkpt lat = "24.62142200490861" lon = "118.27883010943869">
<ele>
21.206122122704983</ele>
<speed>
7.170240596307255</speed>
<time>
2024-09-05T09:06:17Z</time>
</trkpt>
<trkpt lon = "118.27881831826745" lat = "24.621356443005507">
<ele>
21.32060049753636</ele>
<speed>
7.228451339038991</speed>
<time>
2024-09-05T09:06:18Z</time>
</trkpt>
<trkpt lon = "118.2788045708817" lat = "24.621296375990614">
<ele>
21.035018273629248</ele>
<speed>
6.965337411220831</speed>
<time>
2024-09-05T09:06:19Z</time>
</trkpt>
<trkpt lat = "24.621238992321263" lon = "118.27878468366941">
<ele>
20.863039860501885</ele>
<speed>
6.6760479390361525</speed>
<time>
2024-09-05T09:06:20Z</time>
</trkpt>
<trkpt lat = "24.621181218074167" lon = "118.27876367053153">
<ele>
20.696530458517373</ele>
<speed>
6.670133796583146</speed>
<time>
2024-09-05T09:06:21Z</time>
</trkpt>
<trkpt lon = "118.27874515483991" lat = "24.62112163878825">
<ele>
20.41558823734522</ele>
<speed>
6.788578329277628</speed>
<time>
2024-09-05T09:06:22Z</time>
</trkpt>
<trkpt lat = "24.621062852944355" lon = "118.27873184256279">
<ele>
20.178329778835177</ele>
<speed>
6.757957999371448</speed>
<time>
2024-09-05T09:06:23Z</time>
</trkpt>
<trkpt lon = "118.27872063414601" lat = "24.620999176553745">
<ele>
20.12528918776661</ele>
<speed>
6.865812626177314</speed>
<time>
2024-09-05T09:06:24Z</time>
</trkpt>
<trkpt lat = "24.62093446967893" lon = "118.27870612287316">
<ele>
20.1138813206926</ele>
<speed>
7.011007572338835</speed>
<time>
2024-09-05T09:06:25Z</time>
</trkpt>
<trkpt lat = "24.62086964332865" lon = "118.27868846787392">
<ele>
20.329589932225645</ele>
<speed>
7.1703921525661025</speed>
<time>
2024-09-05T09:06:26Z</time>
</trkpt>
<trkpt lat = "24.620806170078463" lon = "118.27867190726491">
<ele>
20.002412851899862</ele>
<speed>
7.076065276006684</speed>
<time>
2024-09-05T09:06:27Z</time>
</trkpt>
<trkpt lat = "24.620740962788535" lon = "118.27866090292552">
<ele>
19.749619321897626</ele>
<speed>
7.004993257632175</speed>
<time>
2024-09-05T09:06:28Z</time>
</trkpt>
<trkpt lat = "24.620676412943254" lon = "118.27864311025212">
<ele>
19.45248133316636</ele>
<speed>
7.119974422841929</speed>
<time>
2024-09-05T09:06:29Z</time>
</trkpt>
<trkpt lon = "118.2786255049267" lat = "24.62061257893079">
<ele>
19.192978373728693</ele>
<speed>
7.161001329781699</speed>
<time>
2024-09-05T09:06:30Z</time>
</trkpt>
<trkpt lon = "118.27860725453665" lat = "24.62055274294738">
<ele>
18.91706885304302</ele>
<speed>
7.00051059021989</speed>
<time>
2024-09-05T09:06:31Z</time>
</trkpt>
<trkpt lon = "118.2785943790779" lat = "24.62049446613468">
<ele>
18.774301988072693</ele>
<speed>
6.75757880084937</speed>
<time>
2024-09-05T09:06:32Z</time>
</trkpt>
<trkpt lat = "24.620435510878142" lon = "118.27858351682929">
<ele>
18.81657949090004</ele>
<speed>
6.654063761137015</speed>
<time>
2024-09-05T09:06:33Z</time>
</trkpt>
<trkpt lon = "118.27857365284068" lat = "24.62037967362393">
<ele>
18.522892894223332</ele>
<speed>
6.37151575011923</speed>
<time>
2024-09-05T09:06:34Z</time>
</trkpt>
<trkpt lat = "24.620335335008225" lon = "118.2785732650968">
<ele>
18.512467863038182</ele>
<speed>
5.529089342151873</speed>
<time>
2024-09-05T09:06:35Z</time>
</trkpt>
<trkpt lon = "118.2785725654198" lat = "24.620296222429992">
<ele>
18.588495898991823</ele>
<speed>
4.832526265923985</speed>
<time>
2024-09-05T09:06:36Z</time>
</trkpt>
<trkpt lat = "24.62025793717666" lon = "118.27857135594469">
<ele>
18.5403988994658</ele>
<speed>
4.4870690475395865</speed>
<time>
2024-09-05T09:06:37Z</time>
</trkpt>
<trkpt lat = "24.620216093684547" lon = "118.27856547616982">
<ele>
18.82937884889543</ele>
<speed>
4.61392833474267</speed>
<time>
2024-09-05T09:06:38Z</time>
</trkpt>
<trkpt lon = "118.27855455464355" lat = "24.62016130011168">
<ele>
18.76213440205902</ele>
<speed>
5.558421076011255</speed>
<time>
2024-09-05T09:06:39Z</time>
</trkpt>
<trkpt lon = "118.27853746608298" lat = "24.62009676564589">
<ele>
18.311337020248175</ele>
<speed>
6.6711295948760085</speed>
<time>
2024-09-05T09:06:40Z</time>
</trkpt>
<trkpt lon = "118.2785184126237" lat = "24.620020742701016">
<ele>
18.164241968654096</ele>
<speed>
7.8055902405435695</speed>
<time>
2024-09-05T09:06:41Z</time>
</trkpt>
<trkpt lat = "24.619935303454522" lon = "118.27849735603931">
<ele>
17.933750064112246</ele>
<speed>
8.890354340578607</speed>
<time>
2024-09-05T09:06:42Z</time>
</trkpt>
<trkpt lon = "118.27847607756335" lat = "24.619842770512378">
<ele>
17.58501616306603</ele>
<speed>
9.832432006820023</speed>
<time>
2024-09-05T09:06:43Z</time>
</trkpt>
<trkpt lat = "24.619747432725916" lon = "118.27845545353615">
<ele>
17.495081619359553</ele>
<speed>
10.377783308182101</speed>
<time>
2024-09-05T09:06:44Z</time>
</trkpt>
<trkpt lat = "24.61965173064574" lon = "118.2784343055009">
<ele>
17.329725596122444</ele>
<speed>
10.7385077019794</speed>
<time>
2024-09-05T09:06:45Z</time>
</trkpt>
<trkpt lat = "24.619553864657988" lon = "118.27841386740225">
<ele>
17.123494951985776</ele>
<speed>
10.988746022421216</speed>
<time>
2024-09-05T09:06:46Z</time>
</trkpt>
<trkpt lon = "118.27839281154596" lat = "24.619454017500694">
<ele>
16.85621181409806</ele>
<speed>
11.126577927104872</speed>
<time>
2024-09-05T09:06:47Z</time>
</trkpt>
<trkpt lon = "118.27837021898775" lat = "24.619356830550917">
<ele>
16.660994125530124</ele>
<speed>
11.086554998330975</speed>
<time>
2024-09-05T09:06:48Z</time>
</trkpt>
<trkpt lon = "118.27834880861127" lat = "24.6192594448699">
<ele>
16.66361402720213</ele>
<speed>
10.960068531559646</speed>
<time>
2024-09-05T09:06:49Z</time>
</trkpt>
<trkpt lon = "118.27832724961502" lat = "24.619165500170524">
<ele>
16.344496180303395</ele>
<speed>
10.75242743126737</speed>
<time>
2024-09-05T09:06:50Z</time>
</trkpt>
<trkpt lat = "24.619069835976244" lon = "118.2783087507807">
<ele>
16.597746922634542</ele>
<speed>
10.763057779404987</speed>
<time>
2024-09-05T09:06:51Z</time>
</trkpt>
<trkpt lon = "118.27829207082792" lat = "24.6189748749636">
<ele>
16.322833782993257</ele>
<speed>
10.747490423779958</speed>
<time>
2024-09-05T09:06:52Z</time>
</trkpt>
<trkpt lat = "24.618879746800875" lon = "118.27827670812755">
<ele>
16.216946142725646</ele>
<speed>
10.638889586828194</speed>
<time>
2024-09-05T09:06:53Z</time>
</trkpt>
<trkpt lat = "24.618789348388372" lon = "118.27826056547228">
<ele>
15.962670361623168</ele>
<speed>
10.39694116431181</speed>
<time>
2024-09-05T09:06:54Z</time>
</trkpt>
<trkpt lon = "118.27824360321367" lat = "24.618701177318993">
<ele>
15.97705065459013</ele>
<speed>
10.005928846004856</speed>
<time>
2024-09-05T09:06:55Z</time>
</trkpt>
<trkpt lon = "118.27822809004724" lat = "24.61861399477556">
<ele>
15.853819275274873</ele>
<speed>
9.793994998729488</speed>
<time>
2024-09-05T09:06:56Z</time>
</trkpt>
<trkpt lat = "24.618528403942047" lon = "118.27821385394331">
<ele>
16.207961891777813</ele>
<speed>
9.553998046970724</speed>
<time>
2024-09-05T09:06:57Z</time>
</trkpt>
<trkpt lat = "24.618446718713688" lon = "118.2781967351046">
<ele>
15.437536935321987</ele>
<speed>
9.379489122571146</speed>
<time>
2024-09-05T09:06:58Z</time>
</trkpt>
<trkpt lat = "24.618363502567647" lon = "118.27817986766816">
<ele>
15.149877091869712</ele>
<speed>
9.370179171202778</speed>
<time>
2024-09-05T09:06:59Z</time>
</trkpt>
<trkpt lon = "118.27816694198285" lat = "24.618284607536424">
<ele>
14.747739371843636</ele>
<speed>
8.97554766802635</speed>
<time>
2024-09-05T09:07:00Z</time>
</trkpt>
<trkpt lon = "118.27815002780106" lat = "24.618204678121955">
<ele>
14.766290438361466</ele>
<speed>
8.803826544179595</speed>
<time>
2024-09-05T09:07:01Z</time>
</trkpt>
<trkpt lon = "118.27813544405277" lat = "24.618127637745342">
<ele>
14.355452574789524</ele>
<speed>
8.705228840997915</speed>
<time>
2024-09-05T09:07:02Z</time>
</trkpt>
<trkpt lat = "24.618051272487133" lon = "118.27812021465812">
<ele>
14.199005834758282</ele>
<speed>
8.652204136634246</speed>
<time>
2024-09-05T09:07:03Z</time>
</trkpt>
<trkpt lon = "118.27809757228863" lat = "24.61797349896857">
<ele>
13.85325279738754</ele>
<speed>
8.768489258729327</speed>
<time>
2024-09-05T09:07:04Z</time>
</trkpt>
<trkpt lat = "24.61789492087302" lon = "118.27807546871823">
<ele>
14.045462644658983</ele>
<speed>
8.952338497353752</speed>
<time>
2024-09-05T09:07:05Z</time>
</trkpt>
<trkpt lat = "24.617815202039303" lon = "118.27803136145988">
<ele>
13.83947448991239</ele>
<speed>
9.377978202285496</speed>
<time>
2024-09-05T09:07:06Z</time>
</trkpt>
<trkpt lat = "24.617730318510848" lon = "118.27800547925689">
<ele>
13.732053820043802</ele>
<speed>
9.784016829365719</speed>
<time>
2024-09-05T09:07:07Z</time>
</trkpt>
<trkpt lat = "24.617643298806986" lon = "118.2779764245635">
<ele>
13.737365119159222</ele>
<speed>
10.035958398103794</speed>
<time>
2024-09-05T09:07:08Z</time>
</trkpt>
<trkpt lon = "118.2779472216281" lat = "24.617556031680316">
<ele>
13.558173891156912</ele>
<speed>
10.15477518360008</speed>
<time>
2024-09-05T09:07:09Z</time>
</trkpt>
<trkpt lon = "118.27791623866193" lat = "24.617467396627216">
<ele>
13.631266072392464</ele>
<speed>
10.248219062280443</speed>
<time>
2024-09-05T09:07:10Z</time>
</trkpt>
<trkpt lon = "118.27788328165597" lat = "24.617377810858066">
<ele>
13.550141752697527</ele>
<speed>
10.383481160112902</speed>
<time>
2024-09-05T09:07:11Z</time>
</trkpt>
<trkpt lat = "24.6172872392704" lon = "118.27785124584202">
<ele>
13.582488475367427</ele>
<speed>
10.471423394349596</speed>
<time>
2024-09-05T09:07:12Z</time>
</trkpt>
<trkpt lat = "24.617197254658624" lon = "118.27782084445462">
<ele>
13.585083328187466</ele>
<speed>
10.378971037879221</speed>
<time>
2024-09-05T09:07:13Z</time>
</trkpt>
<trkpt lon = "118.27778672510802" lat = "24.617109026557213">
<ele>
13.330812632106245</ele>
<speed>
10.291107872867068</speed>
<time>
2024-09-05T09:07:14Z</time>
</trkpt>
<trkpt lat = "24.61702139562742" lon = "118.27775643732777">
<ele>
13.371278623118997</ele>
<speed>
10.252567143034645</speed>
<time>
2024-09-05T09:07:15Z</time>
</trkpt>
<trkpt lon = "118.27771930654289" lat = "24.616937450941194">
<ele>
13.105442000553012</ele>
<speed>
10.159968659602784</speed>
<time>
2024-09-05T09:07:16Z</time>
</trkpt>
<trkpt lat = "24.61685292157965" lon = "118.27768445851548">
<ele>
13.411558161489666</ele>
<speed>
10.088943380156122</speed>
<time>
2024-09-05T09:07:17Z</time>
</trkpt>
<trkpt lat = "24.616774007215284" lon = "118.27765419000023">
<ele>
13.109645986929536</ele>
<speed>
9.663367014067195</speed>
<time>
2024-09-05T09:07:18Z</time>
</trkpt>
<trkpt lon = "118.27762096076039" lat = "24.6166911984726">
<ele>
13.16116333566606</ele>
<speed>
9.584464165932888</speed>
<time>
2024-09-05T09:07:19Z</time>
</trkpt>
<trkpt lat = "24.61660533511042" lon = "118.27758465860505">
<ele>
12.815678871236742</ele>
<speed>
9.71619749312797</speed>
<time>
2024-09-05T09:07:20Z</time>
</trkpt>
<trkpt lon = "118.27755467592036" lat = "24.61652652093061">
<ele>
12.859752476215363</ele>
<speed>
9.558163362644054</speed>
<time>
2024-09-05T09:07:21Z</time>
</trkpt>
<trkpt lon = "118.27749165303042" lat = "24.616452993237978">
<ele>
12.644445752725005</ele>
<speed>
9.691131524798058</speed>
<time>
2024-09-05T09:07:22Z</time>
</trkpt>
<trkpt lon = "118.2774573457053" lat = "24.616371978434408">
<ele>
12.57098450511694</ele>
<speed>
9.995915755452558</speed>
<time>
2024-09-05T09:07:23Z</time>
</trkpt>
<trkpt lon = "118.27742170844932" lat = "24.61628679452478">
<ele>
12.29820211045444</ele>
<speed>
10.42092315107702</speed>
<time>
2024-09-05T09:07:24Z</time>
</trkpt>
<trkpt lat = "24.61619913817328" lon = "118.27738914832003">
<ele>
12.446023969911039</ele>
<speed>
10.827951035393992</speed>
<time>
2024-09-05T09:07:25Z</time>
</trkpt>
<trkpt lat = "24.61610689910935" lon = "118.27735749111291">
<ele>
12.27916086371988</ele>
<speed>
11.203361977030262</speed>
<time>
2024-09-05T09:07:26Z</time>
</trkpt>
<trkpt lat = "24.61601098903186" lon = "118.27732307309364">
<ele>
12.137675747275352</ele>
<speed>
11.619933118614728</speed>
<time>
2024-09-05T09:07:27Z</time>
</trkpt>
<trkpt lat = "24.615910132648374" lon = "118.27728797058744">
<ele>
12.03907707426697</ele>
<speed>
11.877856114210857</speed>
<time>
2024-09-05T09:07:28Z</time>
</trkpt>
<trkpt lon = "118.27725115208509" lat = "24.61581247942047">
<ele>
11.647038519382477</ele>
<speed>
11.798291401152575</speed>
<time>
2024-09-05T09:07:29Z</time>
</trkpt>
<trkpt lat = "24.615718559615967" lon = "118.2772128019595">
<ele>
11.610662003979087</ele>
<speed>
11.531994235590053</speed>
<time>
2024-09-05T09:07:30Z</time>
</trkpt>
<trkpt lat = "24.615623776355903" lon = "118.27717730814479">
<ele>
11.513779422268271</ele>
<speed>
11.400249497174515</speed>
<time>
2024-09-05T09:07:31Z</time>
</trkpt>
<trkpt lon = "118.2771383377089" lat = "24.61553029481143">
<ele>
11.602037265896797</ele>
<speed>
11.644108864057591</speed>
<time>
2024-09-05T09:07:32Z</time>
</trkpt>
<trkpt lon = "118.27710215869367" lat = "24.61543469482606">
<ele>
11.612527532503009</ele>
<speed>
11.923930773827383</speed>
<time>
2024-09-05T09:07:33Z</time>
</trkpt>
<trkpt lat = "24.615331300117965" lon = "118.2770631513464">
<ele>
11.702591839246452</ele>
<speed>
12.186645420040037</speed>
<time>
2024-09-05T09:07:34Z</time>
</trkpt>
<trkpt lat = "24.61523058855605" lon = "118.27702545656207">
<ele>
11.967475708574057</ele>
<speed>
12.092579606919163</speed>
<time>
2024-09-05T09:07:35Z</time>
</trkpt>
<trkpt lat = "24.615134403491194" lon = "118.27699290911315">
<ele>
12.426519685424864</ele>
<speed>
11.798192489439032</speed>
<time>
2024-09-05T09:07:36Z</time>
</trkpt>
<trkpt lon = "118.27695798099957" lat = "24.61503420241805">
<ele>
12.677846408449113</ele>
<speed>
11.757087977501156</speed>
<time>
2024-09-05T09:07:37Z</time>
</trkpt>
<trkpt lat = "24.614931006553093" lon = "118.27688138846553">
<ele>
12.992084288969636</ele>
<speed>
12.6199552215394</speed>
<time>
2024-09-05T09:07:38Z</time>
</trkpt>
<trkpt lat = "24.61481743002003" lon = "118.276834551556">
<ele>
13.634053497575223</ele>
<speed>
13.762834459963353</speed>
<time>
2024-09-05T09:07:39Z</time>
</trkpt>
<trkpt lat = "24.614698247526505" lon = "118.27678096212195">
<ele>
14.428297318518162</ele>
<speed>
14.637419878222488</speed>
<time>
2024-09-05T09:07:40Z</time>
</trkpt>
<trkpt lat = "24.61458150189282" lon = "118.27672386761874">
<ele>
15.09078721422702</ele>
<speed>
14.309822124769367</speed>
<time>
2024-09-05T09:07:41Z</time>
</trkpt>
<trkpt lon = "118.27666671746746" lat = "24.614469545138316">
<ele>
15.69291495718062</ele>
<speed>
13.653812181255159</speed>
<time>
2024-09-05T09:07:42Z</time>
</trkpt>
<trkpt lat = "24.61436604362301" lon = "118.27661457676918">
<ele>
16.401986773125827</ele>
<speed>
12.639207652146814</speed>
<time>
2024-09-05T09:07:43Z</time>
</trkpt>
<trkpt lon = "118.2765630132882" lat = "24.61427394456025">
<ele>
17.006460634060204</ele>
<speed>
11.899358167589664</speed>
<time>
2024-09-05T09:07:44Z</time>
</trkpt>
<trkpt lat = "24.614185373480954" lon = "118.27652456776009">
<ele>
17.514870933257043</ele>
<speed>
11.10353257143638</speed>
<time>
2024-09-05T09:07:45Z</time>
</trkpt>
<trkpt lat = "24.61410529570451" lon = "118.27649118928377">
<ele>
18.049975535832345</ele>
<speed>
10.38961839089715</speed>
<time>
2024-09-05T09:07:46Z</time>
</trkpt>
<trkpt lat = "24.614023572279116" lon = "118.27645784133493">
<ele>
18.652504378929734</ele>
<speed>
10.10222161749577</speed>
<time>
2024-09-05T09:07:47Z</time>
</trkpt>
<trkpt lon = "118.27642402719367" lat = "24.613942083552892">
<ele>
19.486879899166524</ele>
<speed>
10.069418572129537</speed>
<time>
2024-09-05T09:07:48Z</time>
</trkpt>
<trkpt lat = "24.613861694032025" lon = "118.27639248531743">
<ele>
20.243200866505504</ele>
<speed>
9.941629545473008</speed>
<time>
2024-09-05T09:07:49Z</time>
</trkpt>
<trkpt lat = "24.6137845516971" lon = "118.27635562257275">
<ele>
20.955109395086765</ele>
<speed>
9.600923549572823</speed>
<time>
2024-09-05T09:07:50Z</time>
</trkpt>
<trkpt lat = "24.61370167329053" lon = "118.27632305507424">
<ele>
21.60917212255299</ele>
<speed>
9.45008186412514</speed>
<time>
2024-09-05T09:07:51Z</time>
</trkpt>
<trkpt lon = "118.27628781645609" lat = "24.613620837127474">
<ele>
22.277770980261266</ele>
<speed>
9.438304251128761</speed>
<time>
2024-09-05T09:07:52Z</time>
</trkpt>
<trkpt lat = "24.61354398320069" lon = "118.27624687667807">
<ele>
22.850482647307217</ele>
<speed>
9.43829092377941</speed>
<time>
2024-09-05T09:07:53Z</time>
</trkpt>
<trkpt lat = "24.613473132396003" lon = "118.27620720651328">
<ele>
23.54143979679793</ele>
<speed>
9.382846624936086</speed>
<time>
2024-09-05T09:07:54Z</time>
</trkpt>
<trkpt lon = "118.27617014909444" lat = "24.613398080405386">
<ele>
24.142434673383832</ele>
<speed>
9.351354560979738</speed>
<time>
2024-09-05T09:07:55Z</time>
</trkpt>
<trkpt lat = "24.613321992168547" lon = "118.27612819927143">
<ele>
24.665317335166037</ele>
<speed>
9.346239905269204</speed>
<time>
2024-09-05T09:07:56Z</time>
</trkpt>
<trkpt lon = "118.27609057787606" lat = "24.613250502281012">
<ele>
25.130119184963405</ele>
<speed>
9.265640217099929</speed>
<time>
2024-09-05T09:07:57Z</time>
</trkpt>
<trkpt lon = "118.27605740573873" lat = "24.613176099505196">
<ele>
25.36193942371756</ele>
<speed>
9.040434561085082</speed>
<time>
2024-09-05T09:07:58Z</time>
</trkpt>
<trkpt lat = "24.61310168201189" lon = "118.27602234236448">
<ele>
25.367713681422174</ele>
<speed>
8.712953720913795</speed>
<time>
2024-09-05T09:07:59Z</time>
</trkpt>
<trkpt lon = "118.27598578025813" lat = "24.61303683788017">
<ele>
25.222703520208597</ele>
<speed>
8.24356939173404</speed>
<time>
2024-09-05T09:08:00Z</time>
</trkpt>
<trkpt lat = "24.612973314750263" lon = "118.27596100172445">
<ele>
25.1132731474936</ele>
<speed>
7.700895758184896</speed>
<time>
2024-09-05T09:08:01Z</time>
</trkpt>
<trkpt lat = "24.61291468773889" lon = "118.27593121982548">
<ele>
24.77052843105048</ele>
<speed>
7.225347060779711</speed>
<time>
2024-09-05T09:08:02Z</time>
</trkpt>
<trkpt lat = "24.612868140746137" lon = "118.27590411848949">
<ele>
24.424196923151612</ele>
<speed>
6.277664836281624</speed>
<time>
2024-09-05T09:08:03Z</time>
</trkpt>
<trkpt lat = "24.612822027509587" lon = "118.27588016783247">
<ele>
24.062882082536817</ele>
<speed>
5.394924182275672</speed>
<time>
2024-09-05T09:08:04Z</time>
</trkpt>
<trkpt lon = "118.2758659799231" lat = "24.612785842344152">
<ele>
23.70659905485809</ele>
<speed>
4.06156845055927</speed>
<time>
2024-09-05T09:08:05Z</time>
</trkpt>
<trkpt lon = "118.27585321929966" lat = "24.612765153758698">
<ele>
23.17305821646005</ele>
<speed>
2.896407047415647</speed>
<time>
2024-09-05T09:08:06Z</time>
</trkpt>
<trkpt lat = "24.612758629964166" lon = "118.27584183551387">
<ele>
22.77376047708094</ele>
<speed>
1.8318583596542881</speed>
<time>
2024-09-05T09:08:07Z</time>
</trkpt>
<trkpt lon = "118.27583376965943" lat = "24.61274434329505">
<ele>
22.4217612426728</ele>
<speed>
1.7738793704324782</speed>
<time>
2024-09-05T09:08:08Z</time>
</trkpt>
<trkpt lat = "24.61272914761101" lon = "118.27582972613139">
<ele>
21.985317239537835</ele>
<speed>
1.7516195216753454</speed>
<time>
2024-09-05T09:08:09Z</time>
</trkpt>
<trkpt lat = "24.6127152099159" lon = "118.27583516942089">
<ele>
21.59990753699094</ele>
<speed>
1.5787324645471799</speed>
<time>
2024-09-05T09:08:10Z</time>
</trkpt>
<trkpt lat = "24.61270334447267" lon = "118.2758395613564">
<ele>
21.266920155845582</ele>
<speed>
0.9588062027171405</speed>
<time>
2024-09-05T09:08:11Z</time>
</trkpt>
<trkpt lon = "118.27584190706678" lat = "24.612694076995">
<ele>
21.031697916798294</ele>
<speed>
0.6317957586769546</speed>
<time>
2024-09-05T09:08:12Z</time>
</trkpt>
<trkpt lon = "118.27584352861322" lat = "24.612681452898915">
<ele>
20.75803823210299</ele>
<speed>
0.8491656680708723</speed>
<time>
2024-09-05T09:08:13Z</time>
</trkpt>
<trkpt lat = "24.612669414810554" lon = "118.27584298325199">
<ele>
20.50065736938268</ele>
<speed>
0.8762492999598033</speed>
<time>
2024-09-05T09:08:14Z</time>
</trkpt>
<trkpt lat = "24.61265832087713" lon = "118.27584129988556">
<ele>
20.247568065300584</ele>
<speed>
0.7774341224072344</speed>
<time>
2024-09-05T09:08:15Z</time>
</trkpt>
<trkpt lat = "24.61264892585135" lon = "118.27584089235057">
<ele>
20.05204664543271</ele>
<speed>
1.0015701896842306</speed>
<time>
2024-09-05T09:08:16Z</time>
</trkpt>
<trkpt lon = "118.27584078713483" lat = "24.612637319424607">
<ele>
19.75099599175155</ele>
<speed>
1.3219997509669532</speed>
<time>
2024-09-05T09:08:17Z</time>
</trkpt>
<trkpt lat = "24.612622513347738" lon = "118.27584443774244">
<ele>
19.580276556313038</ele>
<speed>
1.7350766966105011</speed>
<time>
2024-09-05T09:08:18Z</time>
</trkpt>
<trkpt lon = "118.2758675947655" lat = "24.612595343233163">
<ele>
19.47897075675428</ele>
<speed>
3.53954408088682</speed>
<time>
2024-09-05T09:08:19Z</time>
</trkpt>
<trkpt lat = "24.612567908016366" lon = "118.27589698935184">
<ele>
19.20390999596566</ele>
<speed>
5.126132219052533</speed>
<time>
2024-09-05T09:08:20Z</time>
</trkpt>
<trkpt lon = "118.27594161600574" lat = "24.612536501645348">
<ele>
18.934265132062137</ele>
<speed>
6.3994991153627945</speed>
<time>
2024-09-05T09:08:21Z</time>
</trkpt>
<trkpt lat = "24.61250604597091" lon = "118.27600494414438">
<ele>
18.78831319604069</ele>
<speed>
7.7394949386687975</speed>
<time>
2024-09-05T09:08:22Z</time>
</trkpt>
<trkpt lat = "24.61246679431955" lon = "118.2760736375122">
<ele>
18.709797038696706</ele>
<speed>
8.122025227091639</speed>
<time>
2024-09-05T09:08:23Z</time>
</trkpt>
<trkpt lon = "118.27615713728507" lat = "24.612425927834128">
<ele>
18.458565211854875</ele>
<speed>
8.565768179169238</speed>
<time>
2024-09-05T09:08:24Z</time>
</trkpt>
<trkpt lat = "24.612380468527352" lon = "118.27624463811111">
<ele>
18.36471554171294</ele>
<speed>
9.17652961490608</speed>
<time>
2024-09-05T09:08:25Z</time>
</trkpt>
<trkpt lat = "24.612246359245987" lon = "118.2762936897948">
<ele>
18.212258830666542</ele>
<speed>
9.805205374315758</speed>
<time>
2024-09-05T09:08:26Z</time>
</trkpt>
<trkpt lat = "24.61218864036216" lon = "118.27638749106434">
<ele>
18.069319209083915</ele>
<speed>
10.037200311644536</speed>
<time>
2024-09-05T09:08:27Z</time>
</trkpt>
<trkpt lon = "118.27647524748983" lat = "24.612140206104236">
<ele>
17.745710850693285</ele>
<speed>
9.600283126487088</speed>
<time>
2024-09-05T09:08:28Z</time>
</trkpt>
<trkpt lon = "118.27655382908405" lat = "24.612098909939444">
<ele>
17.630388661287725</ele>
<speed>
8.72894728815054</speed>
<time>
2024-09-05T09:08:29Z</time>
</trkpt>
<trkpt lat = "24.612061690819814" lon = "118.27662925132026">
<ele>
17.558075740002096</ele>
<speed>
8.741015574293629</speed>
<time>
2024-09-05T09:08:30Z</time>
</trkpt>
<trkpt lon = "118.27671645270836" lat = "24.612025816129325">
<ele>
17.630187401548028</ele>
<speed>
9.619017589351218</speed>
<time>
2024-09-05T09:08:31Z</time>
</trkpt>
<trkpt lat = "24.611951801580485" lon = "118.27680475874499">
<ele>
17.711774298921227</ele>
<speed>
11.3665146519306</speed>
<time>
2024-09-05T09:08:32Z</time>
</trkpt>
<trkpt lat = "24.611891297760543" lon = "118.2769114435027">
<ele>
17.80131545383483</ele>
<speed>
12.472420356947683</speed>
<time>
2024-09-05T09:08:33Z</time>
</trkpt>
<trkpt lat = "24.611822226177832" lon = "118.277026211199">
<ele>
17.71983763296157</ele>
<speed>
13.278414532182664</speed>
<time>
2024-09-05T09:08:34Z</time>
</trkpt>
<trkpt lon = "118.2771457481465" lat = "24.61176171753567">
<ele>
17.666989885270596</ele>
<speed>
13.432653652793988</speed>
<time>
2024-09-05T09:08:35Z</time>
</trkpt>
<trkpt lon = "118.27726476634528" lat = "24.611703124150527">
<ele>
17.51007056608796</ele>
<speed>
13.447552203566861</speed>
<time>
2024-09-05T09:08:36Z</time>
</trkpt>
<trkpt lat = "24.611643001559752" lon = "118.27738781718787">
<ele>
17.338528835214674</ele>
<speed>
13.338445523655638</speed>
<time>
2024-09-05T09:08:37Z</time>
</trkpt>
<trkpt lon = "118.27751078596832" lat = "24.611584015621137">
<ele>
17.177302015013993</ele>
<speed>
13.163091839026741</speed>
<time>
2024-09-05T09:08:38Z</time>
</trkpt>
<trkpt lon = "118.27762569715442" lat = "24.611534840184447">
<ele>
16.96921339724213</ele>
<speed>
12.843669373283173</speed>
<time>
2024-09-05T09:08:39Z</time>
</trkpt>
<trkpt lon = "118.2777394372784" lat = "24.611484413576118">
<ele>
16.828901533968747</ele>
<speed>
12.558352499040023</speed>
<time>
2024-09-05T09:08:40Z</time>
</trkpt>
<trkpt lat = "24.61143665413934" lon = "118.27784788840674">
<ele>
16.686381599865854</ele>
<speed>
12.261787418278288</speed>
<time>
2024-09-05T09:08:41Z</time>
</trkpt>
<trkpt lon = "118.27795934454075" lat = "24.61139628778742">
<ele>
16.608234794810414</ele>
<speed>
12.01901024396945</speed>
<time>
2024-09-05T09:08:42Z</time>
</trkpt>
<trkpt lat = "24.61134887378368" lon = "118.27806311440457">
<ele>
16.75604538526386</ele>
<speed>
11.764537482928404</speed>
<time>
2024-09-05T09:08:43Z</time>
</trkpt>
<trkpt lat = "24.611305214589766" lon = "118.27816846505236">
<ele>
17.106923525221646</ele>
<speed>
11.637564775514546</speed>
<time>
2024-09-05T09:08:44Z</time>
</trkpt>
<trkpt lon = "118.27827799869183" lat = "24.61126186987627">
<ele>
17.09899918641895</ele>
<speed>
11.692389724214575</speed>
<time>
2024-09-05T09:08:45Z</time>
</trkpt>
<trkpt lon = "118.27837717618004" lat = "24.611210321976056">
<ele>
17.060802719555795</ele>
<speed>
11.7531536382845</speed>
<time>
2024-09-05T09:08:46Z</time>
</trkpt>
<trkpt lat = "24.61115350724586" lon = "118.27848261712411">
<ele>
16.990659818053246</ele>
<speed>
12.17695169595567</speed>
<time>
2024-09-05T09:08:47Z</time>
</trkpt>
<trkpt lat = "24.61109672032448" lon = "118.27858735792971">
<ele>
16.929794951342046</ele>
<speed>
12.598255004137672</speed>
<time>
2024-09-05T09:08:48Z</time>
</trkpt>
<trkpt lat = "24.611035670486" lon = "118.27869281094523">
<ele>
16.74832243937999</ele>
<speed>
12.987228975394034</speed>
<time>
2024-09-05T09:08:49Z</time>
</trkpt>
<trkpt lat = "24.61096694381444" lon = "118.27880122872426">
<ele>
16.67231099586934</ele>
<speed>
13.529305679306905</speed>
<time>
2024-09-05T09:08:50Z</time>
</trkpt>
<trkpt lon = "118.2789063287764" lat = "24.610895218562014">
<ele>
16.45236417185515</ele>
<speed>
13.669447256367866</speed>
<time>
2024-09-05T09:08:51Z</time>
</trkpt>
<trkpt lon = "118.27900737456238" lat = "24.610821138980572">
<ele>
16.165466997772455</ele>
<speed>
13.636597686792973</speed>
<time>
2024-09-05T09:08:52Z</time>
</trkpt>
<trkpt lat = "24.610746936661734" lon = "118.27910725678491">
<ele>
15.804947016760707</ele>
<speed>
13.59058355461909</speed>
<time>
2024-09-05T09:08:53Z</time>
</trkpt>
<trkpt lat = "24.610661355500074" lon = "118.27919872646682">
<ele>
15.511371943168342</ele>
<speed>
13.548540283399513</speed>
<time>
2024-09-05T09:08:54Z</time>
</trkpt>
<trkpt lon = "118.27929826240178" lat = "24.610588936856306">
<ele>
15.317806020379066</ele>
<speed>
13.464397406555008</speed>
<time>
2024-09-05T09:08:55Z</time>
</trkpt>
<trkpt lat = "24.610512981213123" lon = "118.27940420639686">
<ele>
14.920331664383411</ele>
<speed>
13.440993400031601</speed>
<time>
2024-09-05T09:08:56Z</time>
</trkpt>
<trkpt lat = "24.610434065516333" lon = "118.2795140322958">
<ele>
14.406984624452889</ele>
<speed>
13.530848017488463</speed>
<time>
2024-09-05T09:08:57Z</time>
</trkpt>
<trkpt lon = "118.27961955717012" lat = "24.610356578228988">
<ele>
14.016907777637243</ele>
<speed>
13.582252201149798</speed>
<time>
2024-09-05T09:08:58Z</time>
</trkpt>
<trkpt lat = "24.610280131478596" lon = "118.27971980418226">
<ele>
13.337367258965969</ele>
<speed>
13.537027218166248</speed>
<time>
2024-09-05T09:08:59Z</time>
</trkpt>
<trkpt lat = "24.61020562938084" lon = "118.2798263529377">
<ele>
12.841405072249472</ele>
<speed>
13.516632968826606</speed>
<time>
2024-09-05T09:09:00Z</time>
</trkpt>
<trkpt lat = "24.610133032169124" lon = "118.27993006713726">
<ele>
12.368646113201976</ele>
<speed>
13.486226564934036</speed>
<time>
2024-09-05T09:09:01Z</time>
</trkpt>
<trkpt lat = "24.61005927941703" lon = "118.28003614786702">
<ele>
11.877965435385704</ele>
<speed>
13.46346842343034</speed>
<time>
2024-09-05T09:09:02Z</time>
</trkpt>
<trkpt lon = "118.28013817982026" lat = "24.60998873829648">
<ele>
11.40917609538883</ele>
<speed>
13.315990853013373</speed>
<time>
2024-09-05T09:09:03Z</time>
</trkpt>
<trkpt lat = "24.60991706194638" lon = "118.28024216719515">
<ele>
11.04103341139853</ele>
<speed>
13.214692735072596</speed>
<time>
2024-09-05T09:09:04Z</time>
</trkpt>
<trkpt lat = "24.609844688043665" lon = "118.28034585992295">
<ele>
10.758463964797556</ele>
<speed>
13.105510127147754</speed>
<time>
2024-09-05T09:09:05Z</time>
</trkpt>
<trkpt lat = "24.609772055762377" lon = "118.280445029115">
<ele>
10.511454488150775</ele>
<speed>
12.960547646165235</speed>
<time>
2024-09-05T09:09:06Z</time>
</trkpt>
<trkpt lat = "24.60970420006889" lon = "118.28054238157905">
<ele>
10.483425464481115</ele>
<speed>
12.706269389696265</speed>
<time>
2024-09-05T09:09:07Z</time>
</trkpt>
<trkpt lat = "24.609629816642187" lon = "118.28064462128644">
<ele>
10.30157922860235</ele>
<speed>
12.424917796368646</speed>
<time>
2024-09-05T09:09:08Z</time>
</trkpt>
<trkpt lat = "24.60954815748667" lon = "118.28070464607703">
<ele>
10.199364461936057</ele>
<speed>
11.780733046157907</speed>
<time>
2024-09-05T09:09:09Z</time>
</trkpt>
<trkpt lat = "24.609482173546407" lon = "118.28079044465491">
<ele>
9.963588798418641</ele>
<speed>
11.120159699866278</speed>
<time>
2024-09-05T09:09:10Z</time>
</trkpt>
<trkpt lon = "118.28087636130816" lat = "24.609418282147008">
<ele>
9.82102033868432</ele>
<speed>
10.90981666381507</speed>
<time>
2024-09-05T09:09:11Z</time>
</trkpt>
<trkpt lon = "118.28095959552121" lat = "24.609356548897008">
<ele>
9.881585362367332</ele>
<speed>
11.00029809484291</speed>
<time>
2024-09-05T09:09:12Z</time>
</trkpt>
<trkpt lon = "118.2810491580336" lat = "24.609294657374527">
<ele>
9.933723605237901</ele>
<speed>
11.340075148490827</speed>
<time>
2024-09-05T09:09:13Z</time>
</trkpt>
<trkpt lon = "118.2811448100272" lat = "24.60922839059427">
<ele>
10.023925087414682</ele>
<speed>
11.677001395848984</speed>
<time>
2024-09-05T09:09:14Z</time>
</trkpt>
<trkpt lon = "118.2812407082246" lat = "24.609160743807628">
<ele>
10.076617852784693</ele>
<speed>
11.976400488104288</speed>
<time>
2024-09-05T09:09:15Z</time>
</trkpt>
<trkpt lon = "118.2813427430568" lat = "24.60909249327774">
<ele>
10.064019156619906</ele>
<speed>
12.26603616075011</speed>
<time>
2024-09-05T09:09:16Z</time>
</trkpt>
<trkpt lon = "118.2814444197933" lat = "24.60901792851577">
<ele>
10.048302065581083</ele>
<speed>
12.664462044736862</speed>
<time>
2024-09-05T09:09:17Z</time>
</trkpt>
<trkpt lat = "24.60894541792098" lon = "118.28154615570533">
<ele>
9.998056801036</ele>
<speed>
12.940205957112282</speed>
<time>
2024-09-05T09:09:18Z</time>
</trkpt>
<trkpt lat = "24.608872273595868" lon = "118.28164500558341">
<ele>
9.764078812673688</ele>
<speed>
13.02906047118272</speed>
<time>
2024-09-05T09:09:19Z</time>
</trkpt>
<trkpt lat = "24.60879987947818" lon = "118.2817471746933">
<ele>
9.600733986124396</ele>
<speed>
13.058091386419985</speed>
<time>
2024-09-05T09:09:20Z</time>
</trkpt>
<trkpt lat = "24.608726160829384" lon = "118.28184592298558">
<ele>
9.583603894338012</ele>
<speed>
13.023463115183715</speed>
<time>
2024-09-05T09:09:21Z</time>
</trkpt>
<trkpt lat = "24.608639190819527" lon = "118.28190534684379">
<ele>
9.432625024579465</ele>
<speed>
12.739120576670699</speed>
<time>
2024-09-05T09:09:22Z</time>
</trkpt>
<trkpt lat = "24.60856631514665" lon = "118.28200277331725">
<ele>
9.321568583138287</ele>
<speed>
12.552792089632472</speed>
<time>
2024-09-05T09:09:23Z</time>
</trkpt>
<trkpt lon = "118.2821030566805" lat = "24.608494064903784">
<ele>
9.20265709143132</ele>
<speed>
12.44155570089307</speed>
<time>
2024-09-05T09:09:24Z</time>
</trkpt>
<trkpt lat = "24.608424316008232" lon = "118.28220241998507">
<ele>
8.989957054145634</ele>
<speed>
12.33371053667192</speed>
<time>
2024-09-05T09:09:25Z</time>
</trkpt>
<trkpt lat = "24.608354584484957" lon = "118.28229905636923">
<ele>
8.743737494572997</ele>
<speed>
12.245591436005547</speed>
<time>
2024-09-05T09:09:26Z</time>
</trkpt>
<trkpt lat = "24.608284264809555" lon = "118.28239422033435">
<ele>
8.5816690903157</ele>
<speed>
12.181983864128062</speed>
<time>
2024-09-05T09:09:27Z</time>
</trkpt>
<trkpt lat = "24.60821672667927" lon = "118.28249013287947">
<ele>
8.460156037472188</ele>
<speed>
12.109572175214343</speed>
<time>
2024-09-05T09:09:28Z</time>
</trkpt>
<trkpt lon = "118.28258696161038" lat = "24.608148678668478">
<ele>
8.136780459433794</ele>
<speed>
12.05215689873191</speed>
<time>
2024-09-05T09:09:29Z</time>
</trkpt>
<trkpt lon = "118.2826833116193" lat = "24.60808118398634">
<ele>
7.732730470597744</ele>
<speed>
11.995248904971996</speed>
<time>
2024-09-05T09:09:30Z</time>
</trkpt>
<trkpt lon = "118.28277672239703" lat = "24.608013286783176">
<ele>
7.472780748270452</ele>
<speed>
11.948753065486168</speed>
<time>
2024-09-05T09:09:31Z</time>
</trkpt>
<trkpt lat = "24.607944340527247" lon = "118.28287013543087">
<ele>
7.358707811683416</ele>
<speed>
11.864801084396904</speed>
<time>
2024-09-05T09:09:32Z</time>
</trkpt>
<trkpt lon = "118.28295983583673" lat = "24.60788045887367">
<ele>
7.078959146514535</ele>
<speed>
11.814081401407012</speed>
<time>
2024-09-05T09:09:33Z</time>
</trkpt>
<trkpt lon = "118.28305091403925" lat = "24.607811771141442">
<ele>
7.038406454958022</ele>
<speed>
11.87701697263575</speed>
<time>
2024-09-05T09:09:34Z</time>
</trkpt>
<trkpt lon = "118.28313995202394" lat = "24.60774434154204">
<ele>
6.943697106093168</ele>
<speed>
11.851879514501992</speed>
<time>
2024-09-05T09:09:35Z</time>
</trkpt>
<trkpt lat = "24.607672305374784" lon = "118.28323197000422">
<ele>
6.835327527485788</ele>
<speed>
11.942140321534444</speed>
<time>
2024-09-05T09:09:36Z</time>
</trkpt>
<trkpt lon = "118.28332100251383" lat = "24.607602013607217">
<ele>
6.628786414861679</ele>
<speed>
11.957826231248832</speed>
<time>
2024-09-05T09:09:37Z</time>
</trkpt>
<trkpt lat = "24.60753367014119" lon = "118.28341210940002">
<ele>
6.530892387032509</ele>
<speed>
11.954246722215313</speed>
<time>
2024-09-05T09:09:38Z</time>
</trkpt>
<trkpt lon = "118.2835008453982" lat = "24.607467333089296">
<ele>
6.428583851084113</ele>
<speed>
11.864481583095845</speed>
<time>
2024-09-05T09:09:39Z</time>
</trkpt>
<trkpt lat = "24.607401273037592" lon = "118.28358521514444">
<ele>
6.220052273012698</ele>
<speed>
11.718113628053693</speed>
<time>
2024-09-05T09:09:40Z</time>
</trkpt>
<trkpt lat = "24.607336471757623" lon = "118.28366783530016">
<ele>
6.307833940722048</ele>
<speed>
11.43666772528975</speed>
<time>
2024-09-05T09:09:41Z</time>
</trkpt>
<trkpt lat = "24.607271757725545" lon = "118.28374917043003">
<ele>
6.109847315587103</ele>
<speed>
11.012843152580137</speed>
<time>
2024-09-05T09:09:42Z</time>
</trkpt>
<trkpt lat = "24.60720098045016" lon = "118.28381861162258">
<ele>
6.032613321207464</ele>
<speed>
10.671988111419386</speed>
<time>
2024-09-05T09:09:43Z</time>
</trkpt>
<trkpt lon = "118.28389500408393" lat = "24.60714124072615">
<ele>
6.012156292796135</ele>
<speed>
10.316378182757651</speed>
<time>
2024-09-05T09:09:44Z</time>
</trkpt>
<trkpt lat = "24.60708178414087" lon = "118.28397429710783">
<ele>
5.9671748680993915</ele>
<speed>
10.185941533378138</speed>
<time>
2024-09-05T09:09:45Z</time>
</trkpt>
<trkpt lat = "24.60702106006481" lon = "118.28405675156247">
<ele>
5.933621966280043</ele>
<speed>
10.273550661095769</speed>
<time>
2024-09-05T09:09:46Z</time>
</trkpt>
<trkpt lon = "118.28413142811688" lat = "24.606966207709924">
<ele>
5.841213376261294</ele>
<speed>
10.241378938511499</speed>
<time>
2024-09-05T09:09:47Z</time>
</trkpt>
<trkpt lat = "24.606908249804466" lon = "118.28421488931329">
<ele>
5.80776618141681</ele>
<speed>
10.348266391650245</speed>
<time>
2024-09-05T09:09:48Z</time>
</trkpt>
<trkpt lat = "24.60685054416164" lon = "118.28429569538595">
<ele>
5.867964746430516</ele>
<speed>
10.429604028386697</speed>
<time>
2024-09-05T09:09:49Z</time>
</trkpt>
<trkpt lat = "24.60679083809465" lon = "118.28438061549457">
<ele>
5.793379787355661</ele>
<speed>
10.56075719371381</speed>
<time>
2024-09-05T09:09:50Z</time>
</trkpt>
<trkpt lon = "118.28446237079515" lat = "24.606731094808143">
<ele>
5.879189686849713</ele>
<speed>
10.496912526510808</speed>
<time>
2024-09-05T09:09:51Z</time>
</trkpt>
<trkpt lat = "24.606672419848408" lon = "118.28454272159614">
<ele>
5.30765032954514</ele>
<speed>
10.348214435775578</speed>
<time>
2024-09-05T09:09:52Z</time>
</trkpt>
<trkpt lat = "24.606612527190407" lon = "118.28462807973342">
<ele>
5.563434519805014</ele>
<speed>
10.289736019554399</speed>
<time>
2024-09-05T09:09:53Z</time>
</trkpt>
<trkpt lon = "118.28470356869344" lat = "24.606559597082626">
<ele>
5.722979336977005</ele>
<speed>
10.07116390095189</speed>
<time>
2024-09-05T09:09:54Z</time>
</trkpt>
<trkpt lat = "24.606502436357886" lon = "118.28478019523999">
<ele>
5.541182624176145</ele>
<speed>
10.007992999503537</speed>
<time>
2024-09-05T09:09:55Z</time>
</trkpt>
<trkpt lon = "118.28485595965218" lat = "24.60644241454925">
<ele>
5.70180984120816</ele>
<speed>
10.063417242042632</speed>
<time>
2024-09-05T09:09:56Z</time>
</trkpt>
<trkpt lon = "118.28493612955378" lat = "24.606385294967122">
<ele>
6.134658235125244</ele>
<speed>
10.228195307000188</speed>
<time>
2024-09-05T09:09:57Z</time>
</trkpt>
<trkpt lon = "118.28502025352006" lat = "24.60632353755328">
<ele>
5.959208662621677</ele>
<speed>
10.480344927198972</speed>
<time>
2024-09-05T09:09:58Z</time>
</trkpt>
<trkpt lat = "24.60626194189216" lon = "118.28510420823224">
<ele>
6.050856386311352</ele>
<speed>
10.528018998018986</speed>
<time>
2024-09-05T09:09:59Z</time>
</trkpt>
<trkpt lat = "24.606177357361357" lon = "118.28515126893593">
<ele>
6.032282861880958</ele>
<speed>
10.4942770530303</speed>
<time>
2024-09-05T09:10:00Z</time>
</trkpt>
<trkpt lon = "118.28523972945042" lat = "24.606114081835354">
<ele>
6.170796814374626</ele>
<speed>
10.802986403158268</speed>
<time>
2024-09-05T09:10:01Z</time>
</trkpt>
<trkpt lon = "118.28530515121554" lat = "24.606043111642677">
<ele>
6.460568609647453</ele>
<speed>
10.721141080973906</speed>
<time>
2024-09-05T09:10:02Z</time>
</trkpt>
<trkpt lon = "118.28539125076762" lat = "24.6059833528622">
<ele>
6.822988620959222</ele>
<speed>
10.85003007584337</speed>
<time>
2024-09-05T09:10:03Z</time>
</trkpt>
<trkpt lat = "24.60592088076061" lon = "118.28548262258731">
<ele>
6.902131432667375</ele>
<speed>
11.084722003306892</speed>
<time>
2024-09-05T09:10:04Z</time>
</trkpt>
<trkpt lat = "24.60585693300853" lon = "118.28556686035874">
<ele>
6.881167388521135</ele>
<speed>
11.096075517234457</speed>
<time>
2024-09-05T09:10:05Z</time>
</trkpt>
<trkpt lon = "118.28565430195034" lat = "24.605792642446186">
<ele>
6.788644127547741</ele>
<speed>
11.217899631082</speed>
<time>
2024-09-05T09:10:06Z</time>
</trkpt>
<trkpt lat = "24.605729712570653" lon = "118.28574490632067">
<ele>
6.68918021954596</ele>
<speed>
11.309689578150833</speed>
<time>
2024-09-05T09:10:07Z</time>
</trkpt>
<trkpt lat = "24.605657100153465" lon = "118.28581041084618">
<ele>
6.5909306621178985</ele>
<speed>
10.965557347223182</speed>
<time>
2024-09-05T09:10:08Z</time>
</trkpt>
<trkpt lon = "118.28588905994896" lat = "24.60558911991365">
<ele>
7.2993093356490135</ele>
<speed>
10.91422197337791</speed>
<time>
2024-09-05T09:10:09Z</time>
</trkpt>
<trkpt lat = "24.605527406063718" lon = "118.28596739896157">
<ele>
6.643820224329829</ele>
<speed>
10.440672601231855</speed>
<time>
2024-09-05T09:10:10Z</time>
</trkpt>
<trkpt lat = "24.60546931200603" lon = "118.28604736849056">
<ele>
6.675164862535894</ele>
<speed>
10.066932081413537</speed>
<time>
2024-09-05T09:10:11Z</time>
</trkpt>
<trkpt lat = "24.6054054932134" lon = "118.28613207210806">
<ele>
6.287531957030296</ele>
<speed>
10.078282598044783</speed>
<time>
2024-09-05T09:10:12Z</time>
</trkpt>
<trkpt lon = "118.28620897254534" lat = "24.605345361398633">
<ele>
6.10223573166877</ele>
<speed>
9.975992224758663</speed>
<time>
2024-09-05T09:10:13Z</time>
</trkpt>
<trkpt lat = "24.605291625572512" lon = "118.28628217188817">
<ele>
6.387580040842295</ele>
<speed>
9.789580984256094</speed>
<time>
2024-09-05T09:10:14Z</time>
</trkpt>
<trkpt lat = "24.605236836624847" lon = "118.2863633301233">
<ele>
5.914520567283034</ele>
<speed>
9.8996522998886</speed>
<time>
2024-09-05T09:10:15Z</time>
</trkpt>
<trkpt lat = "24.60518543069136" lon = "118.28643883570615">
<ele>
6.462641879916191</ele>
<speed>
9.710766113588457</speed>
<time>
2024-09-05T09:10:16Z</time>
</trkpt>
<trkpt lon = "118.28651156859301" lat = "24.605134975121015">
<ele>
6.199966862797737</ele>
<speed>
9.51464264412671</speed>
<time>
2024-09-05T09:10:17Z</time>
</trkpt>
<trkpt lat = "24.60509006186329" lon = "118.28658184260883">
<ele>
6.390631704591215</ele>
<speed>
9.217389327702104</speed>
<time>
2024-09-05T09:10:18Z</time>
</trkpt>
<trkpt lon = "118.2866404676417" lat = "24.605033264529073">
<ele>
5.8179353484883904</ele>
<speed>
9.02245167730442</speed>
<time>
2024-09-05T09:10:19Z</time>
</trkpt>
<trkpt lat = "24.604988434830734" lon = "118.28671873683487">
<ele>
6.3664070423692465</ele>
<speed>
9.102403211166262</speed>
<time>
2024-09-05T09:10:20Z</time>
</trkpt>
<trkpt lon = "118.28679916490312" lat = "24.604938879427202">
<ele>
6.047779229469597</ele>
<speed>
9.263167384807408</speed>
<time>
2024-09-05T09:10:21Z</time>
</trkpt>
<trkpt lon = "118.28687868110063" lat = "24.60489727850944">
<ele>
5.840973076410592</ele>
<speed>
9.173464611799258</speed>
<time>
2024-09-05T09:10:22Z</time>
</trkpt>
<trkpt lon = "118.28695494267787" lat = "24.60486547755327">
<ele>
5.85092603135854</ele>
<speed>
8.921903510103867</speed>
<time>
2024-09-05T09:10:23Z</time>
</trkpt>
<trkpt lon = "118.28703512756655" lat = "24.60483530272088">
<ele>
6.36327594704926</ele>
<speed>
8.726109139334115</speed>
<time>
2024-09-05T09:10:24Z</time>
</trkpt>
<trkpt lon = "118.287111838079" lat = "24.604810543172203">
<ele>
6.611408995464444</ele>
<speed>
8.357861333660908</speed>
<time>
2024-09-05T09:10:25Z</time>
</trkpt>
<trkpt lat = "24.604790175839103" lon = "118.28717728326227">
<ele>
6.614900599233806</ele>
<speed>
7.77213277372334</speed>
<time>
2024-09-05T09:10:26Z</time>
</trkpt>
<trkpt lon = "118.28722888244897" lat = "24.604767187648342">
<ele>
6.48771794885397</ele>
<speed>
7.035656939969209</speed>
<time>
2024-09-05T09:10:27Z</time>
</trkpt>
<trkpt lat = "24.604752064348222" lon = "118.28727915066746">
<ele>
6.859150596894324</ele>
<speed>
6.423470938518082</speed>
<time>
2024-09-05T09:10:28Z</time>
</trkpt>
<trkpt lon = "118.2873207279653" lat = "24.60470960160816">
<ele>
6.446583195589483</ele>
<speed>
5.8861040511104035</speed>
<time>
2024-09-05T09:10:29Z</time>
</trkpt>
<trkpt lat = "24.604692476335952" lon = "118.2873615012447">
<ele>
6.454210880212486</ele>
<speed>
5.292585294820508</speed>
<time>
2024-09-05T09:10:30Z</time>
</trkpt>
<trkpt lat = "24.604677962979167" lon = "118.28740383700284">
<ele>
6.503490790724754</ele>
<speed>
4.716650187122222</speed>
<time>
2024-09-05T09:10:31Z</time>
</trkpt>
<trkpt lon = "118.28743727062827" lat = "24.604652446248206">
<ele>
6.4751328425481915</ele>
<speed>
4.403738284019513</speed>
<time>
2024-09-05T09:10:32Z</time>
</trkpt>
<trkpt lon = "118.28745507106139" lat = "24.604620076603368">
<ele>
6.623639936558902</ele>
<speed>
4.174040027064426</speed>
<time>
2024-09-05T09:10:33Z</time>
</trkpt>
<trkpt lat = "24.604581157445047" lon = "118.28745378868581">
<ele>
6.581399010494351</ele>
<speed>
4.070986914185084</speed>
<time>
2024-09-05T09:10:34Z</time>
</trkpt>
<trkpt lon = "118.2874501360303" lat = "24.604534514119365">
<ele>
6.591819517314434</ele>
<speed>
4.40497351418983</speed>
<time>
2024-09-05T09:10:35Z</time>
</trkpt>
<trkpt lon = "118.28744043915506" lat = "24.604474271972947">
<ele>
6.4078068770468235</ele>
<speed>
5.345276308031462</speed>
<time>
2024-09-05T09:10:36Z</time>
</trkpt>
<trkpt lon = "118.28742057234244" lat = "24.60442775302346">
<ele>
6.342272707261145</ele>
<speed>
5.545984306209328</speed>
<time>
2024-09-05T09:10:37Z</time>
</trkpt>
<trkpt lat = "24.60438040169309" lon = "118.28739894210631">
<ele>
6.589317220263183</ele>
<speed>
5.603130459703406</speed>
<time>
2024-09-05T09:10:38Z</time>
</trkpt>
<trkpt lat = "24.604338667735117" lon = "118.28737507147287">
<ele>
6.764255796559155</ele>
<speed>
5.504232122763654</speed>
<time>
2024-09-05T09:10:39Z</time>
</trkpt>
<trkpt lat = "24.604295854375508" lon = "118.28736079027261">
<ele>
6.562240755185485</ele>
<speed>
5.246807822879831</speed>
<time>
2024-09-05T09:10:40Z</time>
</trkpt>
<trkpt lon = "118.28735381558815" lat = "24.60426452619384">
<ele>
6.392658297903836</ele>
<speed>
4.463543868445085</speed>
<time>
2024-09-05T09:10:41Z</time>
</trkpt>
<trkpt lat = "24.604248438965655" lon = "118.28734474917304">
<ele>
6.405596413649619</ele>
<speed>
3.732115529512685</speed>
<time>
2024-09-05T09:10:42Z</time>
</trkpt>
<trkpt lon = "118.28734244625932" lat = "24.60424029630461">
<ele>
6.306639530695975</ele>
<speed>
3.0573646109045614</speed>
<time>
2024-09-05T09:10:43Z</time>
</trkpt>
<trkpt lon = "118.28734418278623" lat = "24.604244636222077">
<ele>
6.3391644256189466</ele>
<speed>
0.0</speed>
<time>
2024-09-05T09:10:44Z</time>
</trkpt>
<trkpt lat = "24.604244636222077" lon = "118.28734418278623">
<ele>
6.3391644256189466</ele>
<speed>
0.0</speed>
<time>
2024-09-05T09:10:45Z</time>
</trkpt>
<trkpt lat = "24.604244636222077" lon = "118.28734418278623">
<ele>
6.3391644256189466</ele>
<speed>
0.0</speed>
<time>
2024-09-05T09:10:46Z</time>
</trkpt>
<trkpt lat = "24.604254012563377" lon = "118.28737090977218">
<ele>
6.103128372691572</ele>
<speed>
0.5263418928522121</speed>
<time>
2024-09-05T09:10:47Z</time>
</trkpt>
<trkpt lon = "118.28738297015721" lat = "24.604245798421243">
<ele>
5.799022275023162</ele>
<speed>
0.4279169108287524</speed>
<time>
2024-09-05T09:10:48Z</time>
</trkpt>
<trkpt lat = "24.60422411192172" lon = "118.28740923501152">
<ele>
5.505520233884454</ele>
<speed>
1.1900975381327332</speed>
<time>
2024-09-05T09:10:49Z</time>
</trkpt>
<trkpt lon = "118.28746697499575" lat = "24.604183271725937">
<ele>
5.902077896520495</ele>
<speed>
3.0322092548334747</speed>
<time>
2024-09-05T09:10:50Z</time>
</trkpt>
<trkpt lat = "24.604127728942384" lon = "118.28752855915639">
<ele>
5.988762033171952</ele>
<speed>
4.8201848895304895</speed>
<time>
2024-09-05T09:10:51Z</time>
</trkpt>
<trkpt lon = "118.28758833621778" lat = "24.604071459342336">
<ele>
6.183197275735438</ele>
<speed>
5.939128132571423</speed>
<time>
2024-09-05T09:10:52Z</time>
</trkpt>
<trkpt lon = "118.28765123940119" lat = "24.604011709406294">
<ele>
5.875671535730362</ele>
<speed>
6.700736360488894</speed>
<time>
2024-09-05T09:10:53Z</time>
</trkpt>
<trkpt lat = "24.60396388869054" lon = "118.2876984578889">
<ele>
5.901268753223121</ele>
<speed>
6.7745449188135884</speed>
<time>
2024-09-05T09:10:54Z</time>
</trkpt>
<trkpt lat = "24.60396388869054" lon = "118.2876984578889">
<ele>
5.901268753223121</ele>
<speed>
6.7745449188135884</speed>
<time>
2024-09-05T09:10:54Z</time>
</trkpt>
<trkpt lat = "24.60391973174793" lon = "118.28773482615495">
<ele>
5.841145522892475</ele>
<speed>
6.357278311340363</speed>
<time>
2024-09-05T09:10:55Z</time>
</trkpt>
<trkpt lon = "118.28776181309613" lat = "24.60390016894304">
<ele>
5.6913692113012075</ele>
<speed>
5.345763073847986</speed>
<time>
2024-09-05T09:10:56Z</time>
</trkpt>
<trkpt lat = "24.603879692483577" lon = "118.2877840669646">
<ele>
6.112386591732502</ele>
<speed>
4.517468484744541</speed>
<time>
2024-09-05T09:10:57Z</time>
</trkpt>
<trkpt lon = "118.28779897369884" lat = "24.603868070390185">
<ele>
5.8975498443469405</ele>
<speed>
3.518559002765997</speed>
<time>
2024-09-05T09:10:58Z</time>
</trkpt>
<trkpt lat = "24.603868161464693" lon = "118.28779156480077">
<ele>
5.88570492528379</ele>
<speed>
2.224987023751178</speed>
<time>
2024-09-05T09:10:59Z</time>
</trkpt>
<trkpt lon = "118.28778894531276" lat = "24.6038706596798">
<ele>
5.877372527495027</ele>
<speed>
0.0</speed>
<time>
2024-09-05T09:11:00Z</time>
</trkpt>
<trkpt lat = "24.6038706596798" lon = "118.28778894531276">
<ele>
5.877372527495027</ele>
<speed>
0.0</speed>
<time>
2024-09-05T09:11:01Z</time>
</trkpt>
<trkpt lat = "24.6038706596798" lon = "118.28778894531276">
<ele>
5.877372527495027</ele>
<speed>
0.0</speed>
<time>
2024-09-05T09:11:02Z</time>
</trkpt>
<trkpt lat = "24.6038706596798" lon = "118.28778894531276">
<ele>
5.877372527495027</ele>
<speed>
0.0</speed>
<time>
2024-09-05T09:11:03Z</time>
</trkpt>
<trkpt lat = "24.6038706596798" lon = "118.28778894531276">
<ele>
5.877372527495027</ele>
<speed>
0.0</speed>
<time>
2024-09-05T09:11:04Z</time>
</trkpt>
<trkpt lat = "24.6038706596798" lon = "118.28778894531276">
<ele>
5.877372527495027</ele>
<speed>
0.0</speed>
<time>
2024-09-05T09:11:05Z</time>
</trkpt>
<trkpt lon = "118.28778894531276" lat = "24.6038706596798">
<ele>
5.877372527495027</ele>
<speed>
0.0</speed>
<time>
2024-09-05T09:11:06Z</time>
</trkpt>
<trkpt lat = "24.6038706596798" lon = "118.28778894531276">
<ele>
5.877372527495027</ele>
<speed>
0.0</speed>
<time>
2024-09-05T09:11:07Z</time>
</trkpt>
<trkpt lat = "24.6038706596798" lon = "118.28778894531276">
<ele>
5.877372527495027</ele>
<speed>
0.0</speed>
<time>
2024-09-05T09:11:08Z</time>
</trkpt>
<trkpt lon = "118.28778894531276" lat = "24.6038706596798">
<ele>
5.877372527495027</ele>
<speed>
0.0</speed>
<time>
2024-09-05T09:11:09Z</time>
</trkpt>
<trkpt lat = "24.6038706596798" lon = "118.28778894531276">
<ele>
5.877372527495027</ele>
<speed>
0.0</speed>
<time>
2024-09-05T09:11:10Z</time>
</trkpt>
<trkpt lat = "24.603864462898414" lon = "118.28776239299815">
<ele>
6.1035216534510255</ele>
<speed>
0.10276836745218171</speed>
<time>
2024-09-05T09:11:11Z</time>
</trkpt>
<trkpt lon = "118.28775688585328" lat = "24.603862641269735">
<ele>
5.973453129641712</ele>
<speed>
0.05177464692028469</speed>
<time>
2024-09-05T09:11:12Z</time>
</trkpt>
<trkpt lon = "118.28776842705702" lat = "24.603854629689046">
<ele>
6.227030992507935</ele>
<speed>
0.0</speed>
<time>
2024-09-05T09:11:13Z</time>
</trkpt>
<trkpt lat = "24.60385144963643" lon = "118.28777701742871">
<ele>
6.202735952101648</ele>
<speed>
0.29498167704074746</speed>
<time>
2024-09-05T09:11:14Z</time>
</trkpt>
<trkpt lat = "24.603851567770857" lon = "118.28777702037758">
<ele>
6.212130862288177</ele>
<speed>
0.0</speed>
<time>
2024-09-05T09:11:15Z</time>
</trkpt>
<trkpt lat = "24.603847378373562" lon = "118.28778610722715">
<ele>
6.009169310331345</ele>
<speed>
0.06673553918771284</speed>
<time>
2024-09-05T09:11:16Z</time>
</trkpt>
<trkpt lat = "24.603839831117728" lon = "118.28778986298138">
<ele>
5.958687677048147</ele>
<speed>
0.14748172579992577</speed>
<time>
2024-09-05T09:11:17Z</time>
</trkpt>
<trkpt lon = "118.28778952840271" lat = "24.603840229256228">
<ele>
5.958416466601193</ele>
<speed>
0.0</speed>
<time>
2024-09-05T09:11:18Z</time>
</trkpt>
<trkpt lat = "24.603840229256228" lon = "118.28778952840271">
<ele>
5.958416466601193</ele>
<speed>
0.0</speed>
<time>
2024-09-05T09:11:19Z</time>
</trkpt>
<trkpt lat = "24.603840229256228" lon = "118.28778952840271">
<ele>
5.958416466601193</ele>
<speed>
0.0</speed>
<time>
2024-09-05T09:11:20Z</time>
</trkpt>
<trkpt lat = "24.603840229256228" lon = "118.28778952840271">
<ele>
5.958416466601193</ele>
<speed>
0.0</speed>
<time>
2024-09-05T09:11:21Z</time>
</trkpt>
<trkpt lon = "118.28778952840271" lat = "24.603840229256228">
<ele>
5.958416466601193</ele>
<speed>
0.0</speed>
<time>
2024-09-05T09:11:22Z</time>
</trkpt>
<trkpt lat = "24.603831147376145" lon = "118.287803288389">
<ele>
5.864806590601802</ele>
<speed>
0.052300059964060786</speed>
<time>
2024-09-05T09:11:23Z</time>
</trkpt>
<trkpt lon = "118.28780313827687" lat = "24.60383132600509">
<ele>
5.86468490306288</ele>
<speed>
0.0</speed>
<time>
2024-09-05T09:11:24Z</time>
</trkpt>
<trkpt lon = "118.28780313827687" lat = "24.60383132600509">
<ele>
5.86468490306288</ele>
<speed>
0.0</speed>
<time>
2024-09-05T09:11:25Z</time>
</trkpt>
<trkpt lon = "118.28780579278309" lat = "24.60382916793646">
<ele>
6.019268931820989</ele>
<speed>
0.05981469599786642</speed>
<time>
2024-09-05T09:11:26Z</time>
</trkpt>
<trkpt lat = "24.603832914629542" lon = "118.28780591738509">
<ele>
5.85378853790462</ele>
<speed>
0.05558930597886061</speed>
<time>
2024-09-05T09:11:27Z</time>
</trkpt>
<trkpt lat = "24.603833042678477" lon = "118.28780656277607">
<ele>
5.760782559402287</ele>
<speed>
0.03087453764545215</speed>
<time>
2024-09-05T09:11:28Z</time>
</trkpt>
<trkpt lon = "118.28780665358042" lat = "24.603833704497998">
<ele>
5.794725708663464</ele>
<speed>
0.0</speed>
<time>
2024-09-05T09:11:29Z</time>
</trkpt>
<trkpt lat = "24.603833704497998" lon = "118.28780665358042">
<ele>
5.794725708663464</ele>
<speed>
0.0</speed>
<time>
2024-09-05T09:11:30Z</time>
</trkpt>
<trkpt lat = "24.603833704497998" lon = "118.28780665358042">
<ele>
5.794725708663464</ele>
<speed>
0.0</speed>
<time>
2024-09-05T09:11:31Z</time>
</trkpt>
<trkpt lat = "24.603833704497998" lon = "118.28780665358042">
<ele>
5.794725708663464</ele>
<speed>
0.0</speed>
<time>
2024-09-05T09:11:32Z</time>
</trkpt>
<trkpt lat = "24.603833704497998" lon = "118.28780665358042">
<ele>
5.794725708663464</ele>
<speed>
0.0</speed>
<time>
2024-09-05T09:11:33Z</time>
</trkpt>
<trkpt lon = "118.28780665358042" lat = "24.603833704497998">
<ele>
5.794725708663464</ele>
<speed>
0.0</speed>
<time>
2024-09-05T09:11:34Z</time>
</trkpt>
<trkpt lon = "118.28780665358042" lat = "24.603833704497998">
<ele>
5.794725708663464</ele>
<speed>
0.0</speed>
<time>
2024-09-05T09:11:35Z</time>
</trkpt>
<trkpt lon = "118.28780665358042" lat = "24.603833704497998">
<ele>
5.794725708663464</ele>
<speed>
0.0</speed>
<time>
2024-09-05T09:11:36Z</time>
</trkpt>
<trkpt lon = "118.28780665358042" lat = "24.603833704497998">
<ele>
5.794725708663464</ele>
<speed>
0.0</speed>
<time>
2024-09-05T09:11:37Z</time>
</trkpt>
<trkpt lon = "118.28780665358042" lat = "24.603833704497998">
<ele>
5.794725708663464</ele>
<speed>
0.0</speed>
<time>
2024-09-05T09:11:38Z</time>
</trkpt>
<trkpt lat = "24.603833704497998" lon = "118.28780665358042">
<ele>
5.794725708663464</ele>
<speed>
0.0</speed>
<time>
2024-09-05T09:11:39Z</time>
</trkpt>
<trkpt lat = "24.603833704497998" lon = "118.28780665358042">
<ele>
5.794725708663464</ele>
<speed>
0.0</speed>
<time>
2024-09-05T09:11:40Z</time>
</trkpt>
<trkpt lat = "24.603833704497998" lon = "118.28780665358042">
<ele>
5.794725708663464</ele>
<speed>
0.0</speed>
<time>
2024-09-05T09:11:41Z</time>
</trkpt>
<trkpt lat = "24.603833704497998" lon = "118.28780665358042">
<ele>
5.794725708663464</ele>
<speed>
0.0</speed>
<time>
2024-09-05T09:11:42Z</time>
</trkpt>
<trkpt lon = "118.28780665358042" lat = "24.603833704497998">
<ele>
5.794725708663464</ele>
<speed>
0.0</speed>
<time>
2024-09-05T09:11:43Z</time>
</trkpt>
<trkpt lat = "24.603833704497998" lon = "118.28780665358042">
<ele>
5.794725708663464</ele>
<speed>
0.0</speed>
<time>
2024-09-05T09:11:44Z</time>
</trkpt>
<trkpt lat = "24.603833704497998" lon = "118.28780665358042">
<ele>
5.794725708663464</ele>
<speed>
0.0</speed>
<time>
2024-09-05T09:11:45Z</time>
</trkpt>
<trkpt lat = "24.603833704497998" lon = "118.28780665358042">
<ele>
5.794725708663464</ele>
<speed>
0.0</speed>
<time>
2024-09-05T09:11:46Z</time>
</trkpt>
<trkpt lat = "24.603833704497998" lon = "118.28780665358042">
<ele>
5.794725708663464</ele>
<speed>
0.0</speed>
<time>
2024-09-05T09:11:47Z</time>
</trkpt>
<trkpt lon = "118.28780665358042" lat = "24.603833704497998">
<ele>
5.794725708663464</ele>
<speed>
0.0</speed>
<time>
2024-09-05T09:11:48Z</time>
</trkpt>
<trkpt lon = "118.28780665358042" lat = "24.603833704497998">
<ele>
5.794725708663464</ele>
<speed>
0.0</speed>
<time>
2024-09-05T09:11:49Z</time>
</trkpt>
<trkpt lat = "24.603833704497998" lon = "118.28780665358042">
<ele>
5.794725708663464</ele>
<speed>
0.0</speed>
<time>
2024-09-05T09:11:50Z</time>
</trkpt>
<trkpt lat = "24.603833704497998" lon = "118.28780665358042">
<ele>
5.794725708663464</ele>
<speed>
0.0</speed>
<time>
2024-09-05T09:11:51Z</time>
</trkpt>
<trkpt lon = "118.28780665358042" lat = "24.603833704497998">
<ele>
5.794725708663464</ele>
<speed>
0.0</speed>
<time>
2024-09-05T09:11:52Z</time>
</trkpt>
<trkpt lat = "24.603833704497998" lon = "118.28780665358042">
<ele>
5.794725708663464</ele>
<speed>
0.0</speed>
<time>
2024-09-05T09:11:53Z</time>
</trkpt>
<trkpt lat = "24.603833704497998" lon = "118.28780665358042">
<ele>
5.794725708663464</ele>
<speed>
0.0</speed>
<time>
2024-09-05T09:11:54Z</time>
</trkpt>
<trkpt lat = "24.603833704497998" lon = "118.28780665358042">
<ele>
5.794725708663464</ele>
<speed>
0.0</speed>
<time>
2024-09-05T09:11:55Z</time>
</trkpt>
<trkpt lon = "118.28780665358042" lat = "24.603833704497998">
<ele>
5.794725708663464</ele>
<speed>
0.0</speed>
<time>
2024-09-05T09:11:56Z</time>
</trkpt>
<trkpt lat = "24.603809722641717" lon = "118.28780858548328">
<ele>
5.806122870184481</ele>
<speed>
0.802410556783107</speed>
<time>
2024-09-05T09:11:57Z</time>
</trkpt>
<trkpt lat = "24.60378946398535" lon = "118.2878271762985">
<ele>
6.2683735797181726</ele>
<speed>
1.4380261663985807</speed>
<time>
2024-09-05T09:11:58Z</time>
</trkpt>
<trkpt lat = "24.603751757128485" lon = "118.28786147486026">
<ele>
6.235435491427779</ele>
<speed>
2.7248427077477473</speed>
<time>
2024-09-05T09:11:59Z</time>
</trkpt>
<trkpt lon = "118.28787563234279" lat = "24.603720248054618">
<ele>
6.28037962410599</ele>
<speed>
3.0536993019422556</speed>
<time>
2024-09-05T09:12:00Z</time>
</trkpt>
<trkpt lon = "118.28788759133772" lat = "24.603680778337765">
<ele>
6.186598987318575</ele>
<speed>
3.444450214991399</speed>
<time>
2024-09-05T09:12:01Z</time>
</trkpt>
<trkpt lon = "118.28789611326044" lat = "24.60364261233629">
<ele>
6.202982805669308</ele>
<speed>
3.6950207392842223</speed>
<time>
2024-09-05T09:12:02Z</time>
</trkpt>
<trkpt lon = "118.2878819321086" lat = "24.603610161331456">
<ele>
6.43864927161485</ele>
<speed>
3.683841884786519</speed>
<time>
2024-09-05T09:12:03Z</time>
</trkpt>
<trkpt lat = "24.60355818575492" lon = "118.28785324952918">
<ele>
6.540703288279474</ele>
<speed>
4.493011803467177</speed>
<time>
2024-09-05T09:12:04Z</time>
</trkpt>
<trkpt lat = "24.6035050196217" lon = "118.28782630471375">
<ele>
6.343865294009447</ele>
<speed>
4.927862019380833</speed>
<time>
2024-09-05T09:12:05Z</time>
</trkpt>
<trkpt lat = "24.603462793103812" lon = "118.28779843114893">
<ele>
6.339088403619826</ele>
<speed>
4.978844687099853</speed>
<time>
2024-09-05T09:12:06Z</time>
</trkpt>
<trkpt lon = "118.28777891968659" lat = "24.603419529733614">
<ele>
6.846862222999334</ele>
<speed>
5.025611569141999</speed>
<time>
2024-09-05T09:12:07Z</time>
</trkpt>
<trkpt lat = "24.603374815359327" lon = "118.28774818109936">
<ele>
6.717137434519827</ele>
<speed>
5.134431868527393</speed>
<time>
2024-09-05T09:12:08Z</time>
</trkpt>
<trkpt lon = "118.28773072327014" lat = "24.60331805325245">
<ele>
6.962250160053372</ele>
<speed>
5.249483706583106</speed>
<time>
2024-09-05T09:12:09Z</time>
</trkpt>
<trkpt lon = "118.28763012069481" lat = "24.603250073487647">
<ele>
7.132924134843051</ele>
<speed>
6.404322463071247</speed>
<time>
2024-09-05T09:12:10Z</time>
</trkpt>
<trkpt lat = "24.603223272702394" lon = "118.28752575610325">
<ele>
7.438254435546696</ele>
<speed>
7.021106495478367</speed>
<time>
2024-09-05T09:12:11Z</time>
</trkpt>
<trkpt lon = "118.28732199317824" lat = "24.60325373092446">
<ele>
7.4118137480691075</ele>
<speed>
9.14078034160332</speed>
<time>
2024-09-05T09:12:12Z</time>
</trkpt>
<trkpt lon = "118.28717469338524" lat = "24.6032583199767">
<ele>
6.9559141946956515</ele>
<speed>
10.718954939236648</speed>
<time>
2024-09-05T09:12:13Z</time>
</trkpt>
<trkpt lat = "24.60323189990411" lon = "118.28706853774895">
<ele>
7.050806689076126</ele>
<speed>
11.358985793861393</speed>
<time>
2024-09-05T09:12:14Z</time>
</trkpt>
<trkpt lon = "118.28695202950718" lat = "24.603205933864633">
<ele>
6.852959332987666</ele>
<speed>
11.765433854199337</speed>
<time>
2024-09-05T09:12:15Z</time>
</trkpt>
<trkpt lon = "118.28682479147966" lat = "24.603174043511363">
<ele>
6.924116411246359</ele>
<speed>
12.434270839024956</speed>
<time>
2024-09-05T09:12:16Z</time>
</trkpt>
<trkpt lat = "24.60315179511969" lon = "118.28670046701082">
<ele>
6.794890716671944</ele>
<speed>
12.776402741282972</speed>
<time>
2024-09-05T09:12:17Z</time>
</trkpt>
<trkpt lon = "118.28658041941428" lat = "24.60312667986493">
<ele>
6.6722621489316225</ele>
<speed>
12.76738777994466</speed>
<time>
2024-09-05T09:12:18Z</time>
</trkpt>
<trkpt lat = "24.603097825839463" lon = "118.28645646048422">
<ele>
6.654268315993249</ele>
<speed>
12.818643137286752</speed>
<time>
2024-09-05T09:12:19Z</time>
</trkpt>
<trkpt lat = "24.603073820823717" lon = "118.286336610228">
<ele>
6.791785352863371</ele>
<speed>
12.64617348578663</speed>
<time>
2024-09-05T09:12:20Z</time>
</trkpt>
<trkpt lat = "24.603035451691312" lon = "118.28622406142055">
<ele>
7.039278171025217</ele>
<speed>
12.5474186976975</speed>
<time>
2024-09-05T09:12:21Z</time>
</trkpt>
<trkpt lat = "24.603001006863956" lon = "118.28611736122413">
<ele>
7.067648916505277</ele>
<speed>
12.323464322154605</speed>
<time>
2024-09-05T09:12:22Z</time>
</trkpt>
<trkpt lat = "24.602961109418246" lon = "118.28600996016604">
<ele>
7.037249722518027</ele>
<speed>
12.285206520894317</speed>
<time>
2024-09-05T09:12:23Z</time>
</trkpt>
<trkpt lat = "24.602913874756567" lon = "118.28590033077298">
<ele>
7.466011644341052</ele>
<speed>
12.498227067553445</speed>
<time>
2024-09-05T09:12:24Z</time>
</trkpt>
<trkpt lat = "24.602869133924717" lon = "118.28578662385564">
<ele>
8.208724646829069</ele>
<speed>
12.669304543315572</speed>
<time>
2024-09-05T09:12:25Z</time>
</trkpt>
<trkpt lon = "118.28566303782235" lat = "24.60281951690068">
<ele>
7.371390352025628</ele>
<speed>
13.150428191518234</speed>
<time>
2024-09-05T09:12:26Z</time>
</trkpt>
<trkpt lat = "24.602768768727802" lon = "118.28554622616389">
<ele>
7.824695146642625</ele>
<speed>
12.962449132980623</speed>
<time>
2024-09-05T09:12:27Z</time>
</trkpt>
<trkpt lon = "118.28543446011896" lat = "24.60271788414578">
<ele>
7.509947756305337</ele>
<speed>
12.766222032860313</speed>
<time>
2024-09-05T09:12:28Z</time>
</trkpt>
<trkpt lat = "24.602661154131606" lon = "118.2853241795492">
<ele>
6.983679815195501</ele>
<speed>
12.768196932888149</speed>
<time>
2024-09-05T09:12:29Z</time>
</trkpt>
<trkpt lat = "24.602606432939606" lon = "118.28521332275862">
<ele>
6.7791562005877495</ele>
<speed>
12.777264871292841</speed>
<time>
2024-09-05T09:12:30Z</time>
</trkpt>
<trkpt lat = "24.602552534724907" lon = "118.28510242028449">
<ele>
6.257692405954003</ele>
<speed>
12.779669924787486</speed>
<time>
2024-09-05T09:12:31Z</time>
</trkpt>
<trkpt lon = "118.28499198185274" lat = "24.60249914867843">
<ele>
6.1471431367099285</ele>
<speed>
12.56281825707633</speed>
<time>
2024-09-05T09:12:32Z</time>
</trkpt>
<trkpt lat = "24.602444796446886" lon = "118.28488691995193">
<ele>
5.912499936297536</ele>
<speed>
12.18050764968482</speed>
<time>
2024-09-05T09:12:33Z</time>
</trkpt>
<trkpt lat = "24.60238833866213" lon = "118.28477873158369">
<ele>
6.447280902415514</ele>
<speed>
12.33271689137612</speed>
<time>
2024-09-05T09:12:34Z</time>
</trkpt>
<trkpt lat = "24.602327917243848" lon = "118.2846756705467">
<ele>
6.856604139320552</ele>
<speed>
12.428280552488294</speed>
<time>
2024-09-05T09:12:35Z</time>
</trkpt>
<trkpt lat = "24.60226451289017" lon = "118.28456762633772">
<ele>
7.428971213288605</ele>
<speed>
12.587470437310289</speed>
<time>
2024-09-05T09:12:36Z</time>
</trkpt>
<trkpt lat = "24.602198964218314" lon = "118.28445680621418">
<ele>
8.285085872747004</ele>
<speed>
12.836860123067588</speed>
<time>
2024-09-05T09:12:37Z</time>
</trkpt>
<trkpt lat = "24.602136521377645" lon = "118.28434567023814">
<ele>
9.167584005743265</ele>
<speed>
12.90889594540616</speed>
<time>
2024-09-05T09:12:38Z</time>
</trkpt>
<trkpt lon = "118.28423466711384" lat = "24.602076158047744">
<ele>
9.821165051311255</ele>
<speed>
12.942395774084233</speed>
<time>
2024-09-05T09:12:39Z</time>
</trkpt>
<trkpt lat = "24.602019400458243" lon = "118.2841276405431">
<ele>
10.3274071412161</ele>
<speed>
12.587169098521866</speed>
<time>
2024-09-05T09:12:40Z</time>
</trkpt>
<trkpt lon = "118.28401990881056" lat = "24.601968021557767">
<ele>
10.53858040086925</ele>
<speed>
12.27184679017288</speed>
<time>
2024-09-05T09:12:41Z</time>
</trkpt>
<trkpt lon = "118.2839155165716" lat = "24.601916848947187">
<ele>
10.978140396997333</ele>
<speed>
11.919867099078171</speed>
<time>
2024-09-05T09:12:42Z</time>
</trkpt>
<trkpt lon = "118.28381634002814" lat = "24.60186511280223">
<ele>
11.595157803036273</ele>
<speed>
11.476466196058182</speed>
<time>
2024-09-05T09:12:43Z</time>
</trkpt>
<trkpt lon = "118.28372230847407" lat = "24.601821066757953">
<ele>
11.861916141584516</ele>
<speed>
10.848011638244671</speed>
<time>
2024-09-05T09:12:44Z</time>
</trkpt>
<trkpt lon = "118.28362846508624" lat = "24.601775867395048">
<ele>
12.516240935772657</ele>
<speed>
10.265633944155473</speed>
<time>
2024-09-05T09:12:45Z</time>
</trkpt>
<trkpt lat = "24.601729628901065" lon = "118.28353950899681">
<ele>
12.807288471609354</ele>
<speed>
9.86761541410824</speed>
<time>
2024-09-05T09:12:46Z</time>
</trkpt>
<trkpt lat = "24.60168975678585" lon = "118.28345299851823">
<ele>
13.120830791071057</ele>
<speed>
9.594538063523888</speed>
<time>
2024-09-05T09:12:47Z</time>
</trkpt>
<trkpt lon = "118.28336848478321" lat = "24.601648026356628">
<ele>
13.3891606554389</ele>
<speed>
9.413900294037626</speed>
<time>
2024-09-05T09:12:48Z</time>
</trkpt>
<trkpt lon = "118.28328504932766" lat = "24.601606730752493">
<ele>
13.535912254825234</ele>
<speed>
9.225912963399853</speed>
<time>
2024-09-05T09:12:49Z</time>
</trkpt>
<trkpt lat = "24.60156619181102" lon = "118.28320155581935">
<ele>
13.597827323712409</ele>
<speed>
9.274055737602417</speed>
<time>
2024-09-05T09:12:50Z</time>
</trkpt>
<trkpt lon = "118.28311595932061" lat = "24.601525046569243">
<ele>
13.669034296646714</ele>
<speed>
9.658049312489947</speed>
<time>
2024-09-05T09:12:51Z</time>
</trkpt>
<trkpt lat = "24.601483814719494" lon = "118.28302366065844">
<ele>
13.85739165917039</ele>
<speed>
10.398043111382423</speed>
<time>
2024-09-05T09:12:52Z</time>
</trkpt>
<trkpt lat = "24.601437652714303" lon = "118.28291951864465">
<ele>
13.845294347964227</ele>
<speed>
11.437216995692701</speed>
<time>
2024-09-05T09:12:53Z</time>
</trkpt>
<trkpt lon = "118.28280849247292" lat = "24.601385660127416">
<ele>
13.71140941977501</ele>
<speed>
12.621221875751099</speed>
<time>
2024-09-05T09:12:54Z</time>
</trkpt>
<trkpt lon = "118.28268646812639" lat = "24.601327682269943">
<ele>
13.792655073106289</ele>
<speed>
13.500661400242592</speed>
<time>
2024-09-05T09:12:55Z</time>
</trkpt>
<trkpt lon = "118.28255923408041" lat = "24.601270814557573">
<ele>
13.774474785663188</ele>
<speed>
13.99367930268579</speed>
<time>
2024-09-05T09:12:56Z</time>
</trkpt>
<trkpt lat = "24.60121335244366" lon = "118.28243414599113">
<ele>
13.68910900503397</ele>
<speed>
14.204427152332707</speed>
<time>
2024-09-05T09:12:57Z</time>
</trkpt>
<trkpt lon = "118.2823108338221" lat = "24.601156919679145">
<ele>
13.514657326042652</ele>
<speed>
14.164091711383023</speed>
<time>
2024-09-05T09:12:58Z</time>
</trkpt>
<trkpt lat = "24.601098749426527" lon = "118.28219333075529">
<ele>
13.248194913379848</ele>
<speed>
13.99961101208697</speed>
<time>
2024-09-05T09:12:59Z</time>
</trkpt>
<trkpt lat = "24.601036842225948" lon = "118.2820730245764">
<ele>
13.010804181918502</ele>
<speed>
13.958100327303269</speed>
<time>
2024-09-05T09:13:00Z</time>
</trkpt>
<trkpt lon = "118.28195287706903" lat = "24.600975593324904">
<ele>
12.884330708533525</ele>
<speed>
14.01997888044018</speed>
<time>
2024-09-05T09:13:01Z</time>
</trkpt>
<trkpt lat = "24.60092030462036" lon = "118.28183280148185">
<ele>
12.5892732180655</ele>
<speed>
14.117149779548168</speed>
<time>
2024-09-05T09:13:02Z</time>
</trkpt>
<trkpt lat = "24.600862172775088" lon = "118.28171327643865">
<ele>
12.400969711132348</ele>
<speed>
14.236543202233383</speed>
<time>
2024-09-05T09:13:03Z</time>
</trkpt>
<trkpt lat = "24.60080516573082" lon = "118.28159159342789">
<ele>
12.29981535859406</ele>
<speed>
14.243276790661545</speed>
<time>
2024-09-05T09:13:04Z</time>
</trkpt>
<trkpt lon = "118.28146686664354" lat = "24.600749050356654">
<ele>
12.201507253572345</ele>
<speed>
14.256076346718544</speed>
<time>
2024-09-05T09:13:05Z</time>
</trkpt>
<trkpt lon = "118.28134432119367" lat = "24.60068992335983">
<ele>
12.178924093022943</ele>
<speed>
14.320925555425525</speed>
<time>
2024-09-05T09:13:06Z</time>
</trkpt>
<trkpt lon = "118.2812163111746" lat = "24.60063419144469">
<ele>
12.237726213410497</ele>
<speed>
14.349132486241281</speed>
<time>
2024-09-05T09:13:07Z</time>
</trkpt>
<trkpt lat = "24.600577155344137" lon = "118.28108675590204">
<ele>
12.245127590373158</ele>
<speed>
14.384076891076111</speed>
<time>
2024-09-05T09:13:08Z</time>
</trkpt>
<trkpt lat = "24.600520942129773" lon = "118.28096001239595">
<ele>
12.340384510345757</ele>
<speed>
14.34841743964674</speed>
<time>
2024-09-05T09:13:09Z</time>
</trkpt>
<trkpt lon = "118.28083738857373" lat = "24.6004674229251">
<ele>
12.421949595212936</ele>
<speed>
14.262086459162527</speed>
<time>
2024-09-05T09:13:10Z</time>
</trkpt>
<trkpt lon = "118.28071186496142" lat = "24.600411914858082">
<ele>
12.711038131266832</ele>
<speed>
14.256532878200527</speed>
<time>
2024-09-05T09:13:11Z</time>
</trkpt>
<trkpt lat = "24.60035792787221" lon = "118.28058627896492">
<ele>
12.833250314928591</ele>
<speed>
14.199977500989396</speed>
<time>
2024-09-05T09:13:12Z</time>
</trkpt>
<trkpt lat = "24.600303986212815" lon = "118.28046325651728">
<ele>
12.833764746785164</ele>
<speed>
14.040696925041427</speed>
<time>
2024-09-05T09:13:13Z</time>
</trkpt>
<trkpt lat = "24.600244979624115" lon = "118.28034193287446">
<ele>
12.877484186552465</ele>
<speed>
13.811065363340989</speed>
<time>
2024-09-05T09:13:14Z</time>
</trkpt>
<trkpt lon = "118.28022218874891" lat = "24.600193582025593">
<ele>
12.841210615821183</ele>
<speed>
13.591655773090794</speed>
<time>
2024-09-05T09:13:15Z</time>
</trkpt>
<trkpt lon = "118.28010356059212" lat = "24.600141380188994">
<ele>
12.859445368871093</ele>
<speed>
13.507462739180655</speed>
<time>
2024-09-05T09:13:16Z</time>
</trkpt>
<trkpt lon = "118.27998715318466" lat = "24.600092500360727">
<ele>
13.075703144073486</ele>
<speed>
13.38360777997576</speed>
<time>
2024-09-05T09:13:17Z</time>
</trkpt>
<trkpt lat = "24.60004256085493" lon = "118.27987158786759">
<ele>
13.344709530472755</ele>
<speed>
13.266568598858079</speed>
<time>
2024-09-05T09:13:18Z</time>
</trkpt>
<trkpt lat = "24.599989056586494" lon = "118.27975177527789">
<ele>
13.656955356709659</ele>
<speed>
13.253329621953919</speed>
<time>
2024-09-05T09:13:19Z</time>
</trkpt>
<trkpt lon = "118.27963622376221" lat = "24.59993369143716">
<ele>
13.748775337822735</ele>
<speed>
13.244308258915645</speed>
<time>
2024-09-05T09:13:20Z</time>
</trkpt>
<trkpt lat = "24.599873029245927" lon = "118.279520139646">
<ele>
13.895177687518299</ele>
<speed>
13.280820173301265</speed>
<time>
2024-09-05T09:13:21Z</time>
</trkpt>
<trkpt lat = "24.599811685532394" lon = "118.27940758686701">
<ele>
14.119924080558121</ele>
<speed>
13.28647655011206</speed>
<time>
2024-09-05T09:13:22Z</time>
</trkpt>
<trkpt lat = "24.59974830562642" lon = "118.27929585782202">
<ele>
14.314887738786638</ele>
<speed>
13.042230706411068</speed>
<time>
2024-09-05T09:13:23Z</time>
</trkpt>
<trkpt lat = "24.59968711218272" lon = "118.27917572023817">
<ele>
13.976273227483034</ele>
<speed>
13.397764994498758</speed>
<time>
2024-09-05T09:13:24Z</time>
</trkpt>
<trkpt lon = "118.27906022052245" lat = "24.599618638226783">
<ele>
13.531372645869851</ele>
<speed>
13.507545539476475</speed>
<time>
2024-09-05T09:13:25Z</time>
</trkpt>
<trkpt lat = "24.599552928559042" lon = "118.27894069855732">
<ele>
13.130313955247402</ele>
<speed>
13.612846321230954</speed>
<time>
2024-09-05T09:13:26Z</time>
</trkpt>
<trkpt lon = "118.27881483534266" lat = "24.599493566021913">
<ele>
13.073416313156486</ele>
<speed>
14.060804533596684</speed>
<time>
2024-09-05T09:13:27Z</time>
</trkpt>
<trkpt lon = "118.27868828832649" lat = "24.599431256647534">
<ele>
12.863884584978223</ele>
<speed>
14.772395388916602</speed>
<time>
2024-09-05T09:13:28Z</time>
</trkpt>
<trkpt lon = "118.27855346853278" lat = "24.59936701760282">
<ele>
12.594908876344562</ele>
<speed>
15.63448755115295</speed>
<time>
2024-09-05T09:13:29Z</time>
</trkpt>
<trkpt lon = "118.27841632625052" lat = "24.599297803509">
<ele>
12.03365595638752</ele>
<speed>
16.53931783003277</speed>
<time>
2024-09-05T09:13:30Z</time>
</trkpt>
<trkpt lon = "118.27826566586447" lat = "24.599222716395555">
<ele>
11.652762892656028</ele>
<speed>
17.424811765297957</speed>
<time>
2024-09-05T09:13:31Z</time>
</trkpt>
<trkpt lat = "24.599143490266076" lon = "118.27811688785121">
<ele>
11.402353816665709</ele>
<speed>
17.590972764420417</speed>
<time>
2024-09-05T09:13:32Z</time>
</trkpt>
<trkpt lat = "24.599067211097395" lon = "118.27796487301299">
<ele>
10.855399769730866</ele>
<speed>
17.621117045767793</speed>
<time>
2024-09-05T09:13:33Z</time>
</trkpt>
<trkpt lat = "24.598993993252833" lon = "118.27781274969696">
<ele>
11.163847034797072</ele>
<speed>
17.662714647814187</speed>
<time>
2024-09-05T09:13:34Z</time>
</trkpt>
<trkpt lon = "118.27765728104093" lat = "24.598921849450615">
<ele>
11.075530347414315</ele>
<speed>
17.70936174662714</speed>
<time>
2024-09-05T09:13:35Z</time>
</trkpt>
<trkpt lon = "118.27749993564822" lat = "24.59885140196931">
<ele>
10.361874775961041</ele>
<speed>
17.86996670571248</speed>
<time>
2024-09-05T09:13:36Z</time>
</trkpt>
<trkpt lon = "118.27734435075631" lat = "24.59877691346543">
<ele>
9.758300445973873</ele>
<speed>
17.982649580551666</speed>
<time>
2024-09-05T09:13:37Z</time>
</trkpt>
<trkpt lat = "24.598701728014714" lon = "118.27718588202558">
<ele>
9.150397788733244</ele>
<speed>
18.129363765003234</speed>
<time>
2024-09-05T09:13:38Z</time>
</trkpt>
<trkpt lat = "24.598628322487297" lon = "118.2770216645943">
<ele>
9.023060428909957</ele>
<speed>
18.317860761848642</speed>
<time>
2024-09-05T09:13:39Z</time>
</trkpt>
<trkpt lat = "24.598554398411835" lon = "118.27686085513298">
<ele>
8.04212280549109</ele>
<speed>
18.38305477986418</speed>
<time>
2024-09-05T09:13:40Z</time>
</trkpt>
<trkpt lon = "118.27670193086146" lat = "24.598484199957724">
<ele>
7.035466179251671</ele>
<speed>
18.328945223906636</speed>
<time>
2024-09-05T09:13:41Z</time>
</trkpt>
<trkpt lat = "24.59841173190627" lon = "118.27653754755065">
<ele>
6.347744105383754</ele>
<speed>
18.37421014083559</speed>
<time>
2024-09-05T09:13:42Z</time>
</trkpt>
<trkpt lat = "24.598338749339636" lon = "118.27637533858321">
<ele>
5.739810158498585</ele>
<speed>
18.43019401328391</speed>
<time>
2024-09-05T09:13:43Z</time>
</trkpt>
<trkpt lon = "118.27621045110112" lat = "24.598264852051784">
<ele>
5.102988546714187</ele>
<speed>
18.52805062855145</speed>
<time>
2024-09-05T09:13:44Z</time>
</trkpt>
<trkpt lat = "24.59819069840177" lon = "118.27604502431903">
<ele>
4.889994567260146</ele>
<speed>
18.606340259974026</speed>
<time>
2024-09-05T09:13:45Z</time>
</trkpt>
<trkpt lon = "118.27587904626543" lat = "24.59811600231085">
<ele>
4.4714587815105915</ele>
<speed>
18.662953067761105</speed>
<time>
2024-09-05T09:13:46Z</time>
</trkpt>
<trkpt lon = "118.2757115634933" lat = "24.598040782758073">
<ele>
4.11634155549109</ele>
<speed>
18.845164039939867</speed>
<time>
2024-09-05T09:13:47Z</time>
</trkpt>
<trkpt lat = "24.59796478027147" lon = "118.27554468031491">
<ele>
4.168022085912526</ele>
<speed>
18.767403350311376</speed>
<time>
2024-09-05T09:13:48Z</time>
</trkpt>
<trkpt lat = "24.597885664998486" lon = "118.27537872411479">
<ele>
3.887643367983401</ele>
<speed>
18.831002042427816</speed>
<time>
2024-09-05T09:13:49Z</time>
</trkpt>
<trkpt lat = "24.597807557097656" lon = "118.27520893563144">
<ele>
3.610704615712166</ele>
<speed>
18.98581169457975</speed>
<time>
2024-09-05T09:13:50Z</time>
</trkpt>
<trkpt lon = "118.27503490386525" lat = "24.59773068152881">
<ele>
3.4894853867590427</ele>
<speed>
19.09010086424093</speed>
<time>
2024-09-05T09:13:51Z</time>
</trkpt>
<trkpt lon = "118.27485955808412" lat = "24.5976544235004">
<ele>
3.5299083096906543</ele>
<speed>
19.086493640909044</speed>
<time>
2024-09-05T09:13:52Z</time>
</trkpt>
<trkpt lat = "24.597577482572618" lon = "118.27468356460115">
<ele>
4.0737661719322205</ele>
<speed>
19.109543121172614</speed>
<time>
2024-09-05T09:13:53Z</time>
</trkpt>
<trkpt lon = "118.27451531128723" lat = "24.59749678318661">
<ele>
4.688825039193034</ele>
<speed>
19.01968730887466</speed>
<time>
2024-09-05T09:13:54Z</time>
</trkpt>
<trkpt lon = "118.27434576941855" lat = "24.597420314424348">
<ele>
5.2500355103984475</ele>
<speed>
18.951558990094643</speed>
<time>
2024-09-05T09:13:55Z</time>
</trkpt>
<trkpt lat = "24.59734528934097" lon = "118.27418054199151">
<ele>
5.646219693124294</ele>
<speed>
18.64067973345277</speed>
<time>
2024-09-05T09:13:56Z</time>
</trkpt>
<trkpt lat = "24.597271426159324" lon = "118.27401453902519">
<ele>
5.805112450383604</ele>
<speed>
18.39938426228654</speed>
<time>
2024-09-05T09:13:57Z</time>
</trkpt>
<trkpt lon = "118.2738502209854" lat = "24.597199086668287">
<ele>
5.623051647096872</ele>
<speed>
18.258257899017362</speed>
<time>
2024-09-05T09:13:58Z</time>
</trkpt>
<trkpt lat = "24.597128801807056" lon = "118.2736882598628">
<ele>
5.2214498575776815</ele>
<speed>
18.08201525158161</speed>
<time>
2024-09-05T09:13:59Z</time>
</trkpt>
<trkpt lon = "118.27352577769184" lat = "24.59705785376228">
<ele>
4.925992673262954</ele>
<speed>
18.00046881315643</speed>
<time>
2024-09-05T09:14:00Z</time>
</trkpt>
<trkpt lat = "24.596986632579682" lon = "118.27336537411287">
<ele>
4.960182216949761</ele>
<speed>
17.879258378593445</speed>
<time>
2024-09-05T09:14:01Z</time>
</trkpt>
<trkpt lat = "24.596913456137457" lon = "118.27320322745703">
<ele>
5.144525527954102</ele>
<speed>
17.966882385814475</speed>
<time>
2024-09-05T09:14:02Z</time>
</trkpt>
<trkpt lon = "118.27304408241812" lat = "24.596840025758308">
<ele>
5.056785679422319</ele>
<speed>
18.020526562736077</speed>
<time>
2024-09-05T09:14:03Z</time>
</trkpt>
<trkpt lon = "118.27288552307922" lat = "24.596764746770692">
<ele>
5.094704601913691</ele>
<speed>
18.122465797320185</speed>
<time>
2024-09-05T09:14:04Z</time>
</trkpt>
<trkpt lat = "24.596687302912684" lon = "118.27272654056044">
<ele>
5.272247319109738</ele>
<speed>
18.205155735471738</speed>
<time>
2024-09-05T09:14:05Z</time>
</trkpt>
<trkpt lat = "24.596610637166616" lon = "118.27256689973642">
<ele>
5.615874158218503</ele>
<speed>
18.30043567931175</speed>
<time>
2024-09-05T09:14:06Z</time>
</trkpt>
<trkpt lon = "118.27240759354875" lat = "24.596533036547612">
<ele>
6.047065427526832</ele>
<speed>
18.261068546772126</speed>
<time>
2024-09-05T09:14:07Z</time>
</trkpt>
<trkpt lat = "24.596456029248575" lon = "118.27224764817407">
<ele>
6.537528236396611</ele>
<speed>
18.35538483492092</speed>
<time>
2024-09-05T09:14:08Z</time>
</trkpt>
<trkpt lon = "118.27208439233154" lat = "24.5963863822914">
<ele>
6.80049220751971</ele>
<speed>
18.222482395865637</speed>
<time>
2024-09-05T09:14:09Z</time>
</trkpt>
<trkpt lon = "118.27192565217145" lat = "24.596311262089895">
<ele>
6.957316891290247</ele>
<speed>
18.0855939630731</speed>
<time>
2024-09-05T09:14:10Z</time>
</trkpt>
<trkpt lat = "24.5962384660975" lon = "118.27176267099813">
<ele>
7.33222147449851</ele>
<speed>
18.08896561665701</speed>
<time>
2024-09-05T09:14:11Z</time>
</trkpt>
<trkpt lon = "118.27159623605489" lat = "24.596172951078774">
<ele>
7.836377928964794</ele>
<speed>
18.05214091560013</speed>
<time>
2024-09-05T09:14:12Z</time>
</trkpt>
<trkpt lat = "24.59611265173317" lon = "118.27143075796597">
<ele>
8.133583527989686</ele>
<speed>
17.998828942011897</speed>
<time>
2024-09-05T09:14:13Z</time>
</trkpt>
<trkpt lat = "24.59604237998043" lon = "118.27126970462233">
<ele>
8.80780758522451</ele>
<speed>
17.77603235571351</speed>
<time>
2024-09-05T09:14:14Z</time>
</trkpt>
<trkpt lon = "118.27110893535774" lat = "24.595978595526798">
<ele>
9.188216862268746</ele>
<speed>
17.556765908733215</speed>
<time>
2024-09-05T09:14:15Z</time>
</trkpt>
<trkpt lon = "118.27095694320347" lat = "24.595919053376495">
<ele>
9.652074243873358</ele>
<speed>
17.13017699877722</speed>
<time>
2024-09-05T09:14:16Z</time>
</trkpt>
<trkpt lat = "24.59585361518045" lon = "118.27080771592694">
<ele>
10.071573169901967</ele>
<speed>
16.759334828976208</speed>
<time>
2024-09-05T09:14:17Z</time>
</trkpt>
<trkpt lat = "24.595787674153435" lon = "118.27066001291497">
<ele>
10.424812579527497</ele>
<speed>
16.462063368738846</speed>
<time>
2024-09-05T09:14:18Z</time>
</trkpt>
<trkpt lat = "24.595727246805815" lon = "118.27051469732857">
<ele>
10.54651973862201</ele>
<speed>
16.078062745933885</speed>
<time>
2024-09-05T09:14:19Z</time>
</trkpt>
<trkpt lon = "118.27037645602455" lat = "24.59566416388241">
<ele>
10.760796269401908</ele>
<speed>
15.73191618056583</speed>
<time>
2024-09-05T09:14:20Z</time>
</trkpt>
<trkpt lon = "118.27024188173027" lat = "24.59560669565364">
<ele>
10.836449458263814</ele>
<speed>
15.40846735189051</speed>
<time>
2024-09-05T09:14:21Z</time>
</trkpt>
<trkpt lon = "118.27010796436515" lat = "24.595550265953406">
<ele>
10.921864769421518</ele>
<speed>
15.247439208540976</speed>
<time>
2024-09-05T09:14:22Z</time>
</trkpt>
<trkpt lat = "24.59549428094174" lon = "118.26997280004565">
<ele>
11.207472589798272</ele>
<speed>
15.178183300099542</speed>
<time>
2024-09-05T09:14:23Z</time>
</trkpt>
<trkpt lat = "24.595436155689725" lon = "118.26983945217575">
<ele>
11.609684322029352</ele>
<speed>
15.02708488910259</speed>
<time>
2024-09-05T09:14:24Z</time>
</trkpt>
<trkpt lon = "118.26970745467969" lat = "24.595383605751305">
<ele>
11.746658706106246</ele>
<speed>
14.82234123051385</speed>
<time>
2024-09-05T09:14:25Z</time>
</trkpt>
<trkpt lon = "118.26958170082698" lat = "24.595330079015906">
<ele>
12.014589603058994</ele>
<speed>
14.549227229159026</speed>
<time>
2024-09-05T09:14:26Z</time>
</trkpt>
<trkpt lat = "24.595274099652812" lon = "118.2694557505773">
<ele>
12.28356466628611</ele>
<speed>
14.384882075098767</speed>
<time>
2024-09-05T09:14:27Z</time>
</trkpt>
<trkpt lon = "118.26932280232356" lat = "24.59521259147896">
<ele>
12.717177047394216</ele>
<speed>
14.420775542489475</speed>
<time>
2024-09-05T09:14:28Z</time>
</trkpt>
<trkpt lat = "24.595152967204154" lon = "118.26919779085523">
<ele>
13.140289135277271</ele>
<speed>
14.275144757416813</speed>
<time>
2024-09-05T09:14:29Z</time>
</trkpt>
<trkpt lon = "118.26907487480398" lat = "24.595093896130443">
<ele>
13.361176104284823</ele>
<speed>
14.10138584684557</speed>
<time>
2024-09-05T09:14:30Z</time>
</trkpt>
<trkpt lon = "118.2689579580179" lat = "24.595024366254368">
<ele>
13.948409999720752</ele>
<speed>
14.21643384375924</speed>
<time>
2024-09-05T09:14:31Z</time>
</trkpt>
<trkpt lon = "118.26881633462959" lat = "24.594977064518837">
<ele>
14.287886089645326</ele>
<speed>
14.516576445336598</speed>
<time>
2024-09-05T09:14:32Z</time>
</trkpt>
<trkpt lat = "24.594918657901694" lon = "118.26868137817408">
<ele>
14.86221113987267</ele>
<speed>
14.776424864938495</speed>
<time>
2024-09-05T09:14:33Z</time>
</trkpt>
<trkpt lon = "118.2685467018746" lat = "24.594862526578122">
<ele>
15.346151162870228</ele>
<speed>
14.983304490289862</speed>
<time>
2024-09-05T09:14:34Z</time>
</trkpt>
<trkpt lat = "24.59480047106733" lon = "118.26841285521958">
<ele>
15.65115440171212</ele>
<speed>
15.183595579862143</speed>
<time>
2024-09-05T09:14:35Z</time>
</trkpt>
<trkpt lat = "24.594743003310526" lon = "118.26828491168456">
<ele>
16.112882213667035</ele>
<speed>
15.211707557794266</speed>
<time>
2024-09-05T09:14:36Z</time>
</trkpt>
<trkpt lon = "118.26815916723064" lat = "24.594683139482616">
<ele>
16.713111063465476</ele>
<speed>
15.192424954213688</speed>
<time>
2024-09-05T09:14:37Z</time>
</trkpt>
<trkpt lon = "118.26802725525818" lat = "24.594618083807962">
<ele>
17.046542744152248</ele>
<speed>
15.306421564188424</speed>
<time>
2024-09-05T09:14:38Z</time>
</trkpt>
<trkpt lat = "24.594563944884694" lon = "118.26787703027904">
<ele>
17.425084684975445</ele>
<speed>
15.46065661594678</speed>
<time>
2024-09-05T09:14:39Z</time>
</trkpt>
<trkpt lon = "118.26773306245374" lat = "24.59450697694363">
<ele>
17.724372243508697</ele>
<speed>
15.335326384279874</speed>
<time>
2024-09-05T09:14:40Z</time>
</trkpt>
<trkpt lon = "118.26759436346606" lat = "24.594448798946903">
<ele>
17.940670697949827</ele>
<speed>
15.262191456847997</speed>
<time>
2024-09-05T09:14:41Z</time>
</trkpt>
<trkpt lat = "24.594400243330103" lon = "118.26745939590832">
<ele>
18.135791699402034</ele>
<speed>
15.066093045594846</speed>
<time>
2024-09-05T09:14:42Z</time>
</trkpt>
<trkpt lon = "118.26732156417316" lat = "24.594347750985023">
<ele>
18.051344546489418</ele>
<speed>
14.99255033642979</speed>
<time>
2024-09-05T09:14:43Z</time>
</trkpt>
<trkpt lon = "118.26718465884944" lat = "24.594300493224367">
<ele>
18.02327557373792</ele>
<speed>
14.815056855799293</speed>
<time>
2024-09-05T09:14:44Z</time>
</trkpt>
<trkpt lat = "24.594251230742298" lon = "118.26704762241768">
<ele>
17.937095374800265</ele>
<speed>
14.683992909494492</speed>
<time>
2024-09-05T09:14:45Z</time>
</trkpt>
<trkpt lat = "24.594211485072265" lon = "118.26690735984285">
<ele>
17.908595244400203</ele>
<speed>
14.540924808819682</speed>
<time>
2024-09-05T09:14:46Z</time>
</trkpt>
<trkpt lat = "24.594172756002674" lon = "118.26677495410624">
<ele>
17.82929022051394</ele>
<speed>
14.277605327172695</speed>
<time>
2024-09-05T09:14:47Z</time>
</trkpt>
<trkpt lat = "24.594132307324656" lon = "118.2666348484415">
<ele>
17.795792859978974</ele>
<speed>
14.179276527178619</speed>
<time>
2024-09-05T09:14:48Z</time>
</trkpt>
<trkpt lon = "118.26649825046982" lat = "24.59409430812345">
<ele>
17.819641542620957</ele>
<speed>
14.024372959427284</speed>
<time>
2024-09-05T09:14:49Z</time>
</trkpt>
<trkpt lon = "118.2663657115945" lat = "24.594060005703287">
<ele>
17.9513948475942</ele>
<speed>
13.75666261206424</speed>
<time>
2024-09-05T09:14:50Z</time>
</trkpt>
<trkpt lat = "24.59402514816218" lon = "118.26623893523903">
<ele>
17.97141368314624</ele>
<speed>
13.27084624883407</speed>
<time>
2024-09-05T09:14:51Z</time>
</trkpt>
<trkpt lon = "118.26611741601499" lat = "24.59399319443926">
<ele>
17.98155391495675</ele>
<speed>
12.807668485314869</speed>
<time>
2024-09-05T09:14:52Z</time>
</trkpt>
<trkpt lat = "24.593964938977667" lon = "118.2659999660941">
<ele>
17.894166382029653</ele>
<speed>
12.15644882528048</speed>
<time>
2024-09-05T09:14:53Z</time>
</trkpt>
<trkpt lat = "24.593936972205295" lon = "118.26588777062163">
<ele>
17.83042914699763</ele>
<speed>
11.683882523680825</speed>
<time>
2024-09-05T09:14:54Z</time>
</trkpt>
<trkpt lat = "24.59391055383125" lon = "118.26578394049169">
<ele>
17.53425268176943</ele>
<speed>
11.20256929868698</speed>
<time>
2024-09-05T09:14:55Z</time>
</trkpt>
<trkpt lat = "24.593886375129372" lon = "118.26567926397831">
<ele>
17.319325253367424</ele>
<speed>
10.815522677973663</speed>
<time>
2024-09-05T09:14:56Z</time>
</trkpt>
<trkpt lat = "24.593863836980084" lon = "118.26557192873608">
<ele>
17.043682012706995</ele>
<speed>
10.610406231598414</speed>
<time>
2024-09-05T09:14:57Z</time>
</trkpt>
<trkpt lon = "118.26546426260809" lat = "24.59384152064892">
<ele>
16.880482824519277</ele>
<speed>
10.729385827517493</speed>
<time>
2024-09-05T09:14:58Z</time>
</trkpt>
<trkpt lat = "24.59381688486581" lon = "118.26535296767999">
<ele>
16.8503342512995</ele>
<speed>
11.19057980524556</speed>
<time>
2024-09-05T09:14:59Z</time>
</trkpt>
<trkpt lat = "24.59379664272478" lon = "118.26524380204334">
<ele>
16.638124293647707</ele>
<speed>
11.23209267207282</speed>
<time>
2024-09-05T09:15:00Z</time>
</trkpt>
<trkpt lon = "118.26512946398583" lat = "24.59377965883825">
<ele>
16.619962325319648</ele>
<speed>
11.52904860753048</speed>
<time>
2024-09-05T09:15:01Z</time>
</trkpt>
<trkpt lon = "118.26501223762511" lat = "24.593761309651764">
<ele>
16.595494407229125</ele>
<speed>
11.923914364950715</speed>
<time>
2024-09-05T09:15:02Z</time>
</trkpt>
<trkpt lon = "118.26488663368471" lat = "24.593745252113557">
<ele>
16.54403650574386</ele>
<speed>
12.310827625399725</speed>
<time>
2024-09-05T09:15:03Z</time>
</trkpt>
<trkpt lat = "24.593728689555075" lon = "118.26475634044617">
<ele>
16.499783880077302</ele>
<speed>
12.837158805022844</speed>
<time>
2024-09-05T09:15:04Z</time>
</trkpt>
<trkpt lon = "118.26462657367486" lat = "24.593708602179813">
<ele>
16.604027540422976</ele>
<speed>
13.315417684049756</speed>
<time>
2024-09-05T09:15:05Z</time>
</trkpt>
<trkpt lat = "24.59368607563859" lon = "118.26449420392898">
<ele>
16.760135219432414</ele>
<speed>
13.540529561646652</speed>
<time>
2024-09-05T09:15:06Z</time>
</trkpt>
<trkpt lat = "24.593663037087484" lon = "118.26435471607205">
<ele>
16.79585887864232</ele>
<speed>
14.192288044405128</speed>
<time>
2024-09-05T09:15:07Z</time>
</trkpt>
<trkpt lat = "24.593639613792288" lon = "118.26422664428536">
<ele>
16.942885800264776</ele>
<speed>
14.323687877304272</speed>
<time>
2024-09-05T09:15:08Z</time>
</trkpt>
<trkpt lon = "118.26408406421966" lat = "24.59361604546832">
<ele>
17.18481026124209</ele>
<speed>
14.641291145218208</speed>
<time>
2024-09-05T09:15:09Z</time>
</trkpt>
<trkpt lon = "118.26393442259192" lat = "24.59359350684089">
<ele>
17.535358687862754</ele>
<speed>
14.984418843843558</speed>
<time>
2024-09-05T09:15:10Z</time>
</trkpt>
<trkpt lat = "24.593570935147977" lon = "118.26379393877741">
<ele>
17.399440995417535</ele>
<speed>
14.780324537698709</speed>
<time>
2024-09-05T09:15:11Z</time>
</trkpt>
<trkpt lat = "24.59355474447287" lon = "118.26365330684575">
<ele>
17.874155868776143</ele>
<speed>
14.725568726892439</speed>
<time>
2024-09-05T09:15:12Z</time>
</trkpt>
<trkpt lat = "24.593545776095286" lon = "118.26351428613458">
<ele>
17.92792171239853</ele>
<speed>
14.432109662771033</speed>
<time>
2024-09-05T09:15:13Z</time>
</trkpt>
<trkpt lat = "24.593544383400832" lon = "118.26337578883904">
<ele>
18.284093831665814</ele>
<speed>
14.006675755715538</speed>
<time>
2024-09-05T09:15:14Z</time>
</trkpt>
<trkpt lon = "118.26324791828031" lat = "24.593539594956706">
<ele>
18.353477814234793</ele>
<speed>
13.47725442307885</speed>
<time>
2024-09-05T09:15:15Z</time>
</trkpt>
<trkpt lon = "118.26312467690566" lat = "24.593530987251725">
<ele>
18.66824373230338</ele>
<speed>
12.948604418541628</speed>
<time>
2024-09-05T09:15:16Z</time>
</trkpt>
<trkpt lon = "118.26300570355488" lat = "24.593523998921608">
<ele>
19.178906272165477</ele>
<speed>
12.399494102578833</speed>
<time>
2024-09-05T09:15:17Z</time>
</trkpt>
<trkpt lat = "24.59351401482763" lon = "118.26288425281166">
<ele>
19.58419721852988</ele>
<speed>
12.029517847925833</speed>
<time>
2024-09-05T09:15:18Z</time>
</trkpt>
<trkpt lat = "24.593503965104684" lon = "118.26277093112446">
<ele>
19.98843913525343</ele>
<speed>
11.55622913718208</speed>
<time>
2024-09-05T09:15:19Z</time>
</trkpt>
<trkpt lon = "118.26266410035116" lat = "24.593498181899182">
<ele>
20.53910966683179</ele>
<speed>
10.836360444861151</speed>
<time>
2024-09-05T09:15:20Z</time>
</trkpt>
<trkpt lat = "24.593493473641548" lon = "118.2625629763877">
<ele>
21.01197326928377</ele>
<speed>
9.715442102202868</speed>
<time>
2024-09-05T09:15:21Z</time>
</trkpt>
<trkpt lat = "24.593490225882295" lon = "118.26246539237664">
<ele>
21.19082263391465</ele>
<speed>
8.58216047629815</speed>
<time>
2024-09-05T09:15:22Z</time>
</trkpt>
<trkpt lon = "118.26238002815064" lat = "24.593487175506063">
<ele>
21.563387606292963</ele>
<speed>
7.706623416852903</speed>
<time>
2024-09-05T09:15:23Z</time>
</trkpt>
<trkpt lat = "24.593480809925175" lon = "118.26230003501543">
<ele>
21.950614088214934</ele>
<speed>
7.008892284965619</speed>
<time>
2024-09-05T09:15:24Z</time>
</trkpt>
<trkpt lon = "118.2622270962426" lat = "24.593476484592838">
<ele>
22.179988290183246</ele>
<speed>
6.371617712383896</speed>
<time>
2024-09-05T09:15:25Z</time>
</trkpt>
<trkpt lat = "24.593474718313562" lon = "118.26216613176993">
<ele>
22.4547051936388</ele>
<speed>
5.923712127341976</speed>
<time>
2024-09-05T09:15:26Z</time>
</trkpt>
<trkpt lon = "118.26209875698835" lat = "24.59347516119168">
<ele>
22.614881389774382</ele>
<speed>
6.255327646879222</speed>
<time>
2024-09-05T09:15:27Z</time>
</trkpt>
<trkpt lat = "24.593473349461473" lon = "118.26201727251322">
<ele>
22.941630414687097</ele>
<speed>
7.469280747007568</speed>
<time>
2024-09-05T09:15:28Z</time>
</trkpt>
<trkpt lat = "24.5934731998468" lon = "118.26192435731379">
<ele>
23.379481755197048</ele>
<speed>
8.8654611558773</speed>
<time>
2024-09-05T09:15:29Z</time>
</trkpt>
<trkpt lon = "118.26181451221719" lat = "24.593471098055367">
<ele>
23.712229390628636</ele>
<speed>
10.381166421241728</speed>
<time>
2024-09-05T09:15:30Z</time>
</trkpt>
<trkpt lon = "118.26169233210375" lat = "24.593474065392854">
<ele>
24.075108401477337</ele>
<speed>
11.860893933488084</speed>
<time>
2024-09-05T09:15:31Z</time>
</trkpt>
<trkpt lon = "118.26155803696156" lat = "24.59347875895642">
<ele>
24.39763095509261</ele>
<speed>
12.555809598815097</speed>
<time>
2024-09-05T09:15:32Z</time>
</trkpt>
<trkpt lat = "24.593475519512307" lon = "118.26142277626253">
<ele>
24.769952497445047</ele>
<speed>
12.598767879415737</speed>
<time>
2024-09-05T09:15:33Z</time>
</trkpt>
<trkpt lat = "24.59347322002185" lon = "118.26129207173422">
<ele>
25.200667878612876</ele>
<speed>
12.535803266538208</speed>
<time>
2024-09-05T09:15:34Z</time>
</trkpt>
<trkpt lat = "24.59347501592129" lon = "118.26117262112022">
<ele>
25.678474131971598</ele>
<speed>
12.355765568576558</speed>
<time>
2024-09-05T09:15:35Z</time>
</trkpt>
<trkpt lat = "24.593478936846203" lon = "118.26105086212111">
<ele>
26.25744184665382</ele>
<speed>
12.2161922835473</speed>
<time>
2024-09-05T09:15:36Z</time>
</trkpt>
<trkpt lat = "24.593477270335477" lon = "118.26093160305778">
<ele>
26.780642380937934</ele>
<speed>
12.08388461905135</speed>
<time>
2024-09-05T09:15:37Z</time>
</trkpt>
<trkpt lat = "24.59347822154961" lon = "118.2608179498577">
<ele>
27.422566378489137</ele>
<speed>
11.901941655930424</speed>
<time>
2024-09-05T09:15:38Z</time>
</trkpt>
<trkpt lon = "118.26070460195398" lat = "24.593475834539817">
<ele>
28.07705721165985</ele>
<speed>
11.85054588319585</speed>
<time>
2024-09-05T09:15:39Z</time>
</trkpt>
<trkpt lon = "118.26058941639099" lat = "24.593472514491083">
<ele>
28.693158038891852</ele>
<speed>
11.737986204279713</speed>
<time>
2024-09-05T09:15:40Z</time>
</trkpt>
<trkpt lat = "24.59345598697455" lon = "118.26047577949646">
<ele>
29.257282765582204</ele>
<speed>
11.372555655701346</speed>
<time>
2024-09-05T09:15:41Z</time>
</trkpt>
<trkpt lat = "24.593434148991626" lon = "118.26036574138864">
<ele>
29.846879551187158</ele>
<speed>
11.210357956649842</speed>
<time>
2024-09-05T09:15:42Z</time>
</trkpt>
<trkpt lat = "24.59342241948669" lon = "118.26025514307594">
<ele>
30.236736996099353</ele>
<speed>
11.078328252838563</speed>
<time>
2024-09-05T09:15:43Z</time>
</trkpt>
<trkpt lat = "24.593418189620152" lon = "118.26014739141195">
<ele>
30.729568774811924</ele>
<speed>
10.92401615289254</speed>
<time>
2024-09-05T09:15:44Z</time>
</trkpt>
<trkpt lat = "24.59341340277731" lon = "118.26005103406911">
<ele>
31.06338335480541</ele>
<speed>
10.655217116538106</speed>
<time>
2024-09-05T09:15:45Z</time>
</trkpt>
<trkpt lon = "118.25995996034153" lat = "24.593401253286398">
<ele>
31.534711303189397</ele>
<speed>
10.392607328906784</speed>
<time>
2024-09-05T09:15:46Z</time>
</trkpt>
<trkpt lon = "118.25985699535144" lat = "24.593410642084816">
<ele>
31.8840437149629</ele>
<speed>
10.293371418263533</speed>
<time>
2024-09-05T09:15:47Z</time>
</trkpt>
<trkpt lat = "24.593414131586762" lon = "118.25976792754703">
<ele>
32.32004619203508</ele>
<speed>
9.881959019486283</speed>
<time>
2024-09-05T09:15:48Z</time>
</trkpt>
<trkpt lat = "24.593417105119787" lon = "118.25967473668209">
<ele>
32.67965493351221</ele>
<speed>
9.632184324102127</speed>
<time>
2024-09-05T09:15:49Z</time>
</trkpt>
<trkpt lon = "118.2595940974588" lat = "24.59341934579452">
<ele>
32.945910822600126</ele>
<speed>
9.340965694423428</speed>
<time>
2024-09-05T09:15:50Z</time>
</trkpt>
<trkpt lon = "118.25950811465667" lat = "24.59341893710229">
<ele>
33.21174615062773</ele>
<speed>
9.254369150236906</speed>
<time>
2024-09-05T09:15:51Z</time>
</trkpt>
<trkpt lat = "24.59341480237454" lon = "118.25943024224665">
<ele>
33.37159429304302</ele>
<speed>
9.034152580646502</speed>
<time>
2024-09-05T09:15:52Z</time>
</trkpt>
<trkpt lat = "24.593391144467468" lon = "118.25935264943372">
<ele>
33.482367515563965</ele>
<speed>
8.637947749650086</speed>
<time>
2024-09-05T09:15:53Z</time>
</trkpt>
<trkpt lat = "24.593376555655002" lon = "118.25927092437539">
<ele>
33.7040896108374</ele>
<speed>
8.243209819968797</speed>
<time>
2024-09-05T09:15:54Z</time>
</trkpt>
<trkpt lat = "24.59336079650574" lon = "118.25919253482658">
<ele>
33.77979236561805</ele>
<speed>
7.895569183226047</speed>
<time>
2024-09-05T09:15:55Z</time>
</trkpt>
<trkpt lon = "118.25919253482658" lat = "24.59336079650574">
<ele>
33.77979236561805</ele>
<speed>
7.895569183226047</speed>
<time>
2024-09-05T09:15:55Z</time>
</trkpt>
<trkpt lat = "24.59335820443764" lon = "118.25912562557164">
<ele>
33.97811446804553</ele>
<speed>
7.435863504274916</speed>
<time>
2024-09-05T09:15:56Z</time>
</trkpt>
<trkpt lat = "24.59335940264194" lon = "118.25905858283602">
<ele>
34.114639572799206</ele>
<speed>
6.953512682903627</speed>
<time>
2024-09-05T09:15:57Z</time>
</trkpt>
<trkpt lon = "118.25900004878328" lat = "24.593365495268703">
<ele>
34.23260762449354</ele>
<speed>
6.6013342173614555</speed>
<time>
2024-09-05T09:15:58Z</time>
</trkpt>
<trkpt lat = "24.59337216271107" lon = "118.25894378596426">
<ele>
34.238999808207154</ele>
<speed>
6.34769197137027</speed>
<time>
2024-09-05T09:15:59Z</time>
</trkpt>
<trkpt lon = "118.25888503318498" lat = "24.59338095316215">
<ele>
34.347605653107166</ele>
<speed>
6.073984722016981</speed>
<time>
2024-09-05T09:16:00Z</time>
</trkpt>
<trkpt lon = "118.2588364876061" lat = "24.593383164118016">
<ele>
34.361724209971726</ele>
<speed>
5.542239864425324</speed>
<time>
2024-09-05T09:16:01Z</time>
</trkpt>
<trkpt lat = "24.593378668075392" lon = "118.25879897104538">
<ele>
34.23568348772824</ele>
<speed>
4.723234597476303</speed>
<time>
2024-09-05T09:16:02Z</time>
</trkpt>
<trkpt lat = "24.593374841983486" lon = "118.25876938373754">
<ele>
34.253256055526435</ele>
<speed>
3.805982618752966</speed>
<time>
2024-09-05T09:16:03Z</time>
</trkpt>
<trkpt lat = "24.593368802428934" lon = "118.25874354768456">
<ele>
34.20405905600637</ele>
<speed>
3.057715114604481</speed>
<time>
2024-09-05T09:16:04Z</time>
</trkpt>
<trkpt lat = "24.593372953816868" lon = "118.25872588930562">
<ele>
34.19899658486247</ele>
<speed>
2.1420391555528835</speed>
<time>
2024-09-05T09:16:05Z</time>
</trkpt>
<trkpt lat = "24.59338239949399" lon = "118.25871173423376">
<ele>
34.213065123185515</ele>
<speed>
1.3790987451528214</speed>
<time>
2024-09-05T09:16:06Z</time>
</trkpt>
<trkpt lon = "118.25871517913512" lat = "24.593389245413988">
<ele>
34.11951189953834</ele>
<speed>
0.7079396724161253</speed>
<time>
2024-09-05T09:16:07Z</time>
</trkpt>
<trkpt lon = "118.25871486479511" lat = "24.593392906543727">
<ele>
34.06817939132452</ele>
<speed>
0.04444596584789897</speed>
<time>
2024-09-05T09:16:08Z</time>
</trkpt>
<trkpt lon = "118.25871615225206" lat = "24.593401036359957">
<ele>
34.02243390865624</ele>
<speed>
0.09449945310453965</speed>
<time>
2024-09-05T09:16:09Z</time>
</trkpt>
<trkpt lat = "24.593403867377372" lon = "118.25871324979931">
<ele>
33.85187762323767</ele>
<speed>
0.13768139094404186</speed>
<time>
2024-09-05T09:16:10Z</time>
</trkpt>
<trkpt lat = "24.593406876280806" lon = "118.25871060087282">
<ele>
33.83672485128045</ele>
<speed>
0.18533021858878518</speed>
<time>
2024-09-05T09:16:11Z</time>
</trkpt>
<trkpt lat = "24.59341140350299" lon = "118.2587070650668">
<ele>
33.791078981012106</ele>
<speed>
0.0</speed>
<time>
2024-09-05T09:16:12Z</time>
</trkpt>
<trkpt lat = "24.59341140350299" lon = "118.2587070650668">
<ele>
33.791078981012106</ele>
<speed>
0.0</speed>
<time>
2024-09-05T09:16:13Z</time>
</trkpt>
<trkpt lat = "24.59341140350299" lon = "118.2587070650668">
<ele>
33.791078981012106</ele>
<speed>
0.0</speed>
<time>
2024-09-05T09:16:14Z</time>
</trkpt>
<trkpt lat = "24.59341140350299" lon = "118.2587070650668">
<ele>
33.791078981012106</ele>
<speed>
0.0</speed>
<time>
2024-09-05T09:16:15Z</time>
</trkpt>
<trkpt lon = "118.2587070650668" lat = "24.59341140350299">
<ele>
33.791078981012106</ele>
<speed>
0.0</speed>
<time>
2024-09-05T09:16:16Z</time>
</trkpt>
<trkpt lon = "118.2587070650668" lat = "24.59341140350299">
<ele>
33.791078981012106</ele>
<speed>
0.0</speed>
<time>
2024-09-05T09:16:17Z</time>
</trkpt>
<trkpt lat = "24.59341140350299" lon = "118.2587070650668">
<ele>
33.791078981012106</ele>
<speed>
0.0</speed>
<time>
2024-09-05T09:16:18Z</time>
</trkpt>
<trkpt lon = "118.2587070650668" lat = "24.59341140350299">
<ele>
33.791078981012106</ele>
<speed>
0.0</speed>
<time>
2024-09-05T09:16:19Z</time>
</trkpt>
<trkpt lon = "118.2587070650668" lat = "24.59341140350299">
<ele>
33.791078981012106</ele>
<speed>
0.0</speed>
<time>
2024-09-05T09:16:20Z</time>
</trkpt>
<trkpt lon = "118.25870243439823" lat = "24.59340863700875">
<ele>
33.98067716974765</ele>
<speed>
0.008452832308252577</speed>
<time>
2024-09-05T09:16:21Z</time>
</trkpt>
<trkpt lon = "118.25870103570865" lat = "24.593410425773293">
<ele>
33.97348819859326</ele>
<speed>
0.01527312633838686</speed>
<time>
2024-09-05T09:16:22Z</time>
</trkpt>
<trkpt lat = "24.59341138980031" lon = "118.25869927595298">
<ele>
33.963988528586924</ele>
<speed>
0.0</speed>
<time>
2024-09-05T09:16:23Z</time>
</trkpt>
<trkpt lon = "118.25869927595298" lat = "24.59341138980031">
<ele>
33.963988528586924</ele>
<speed>
0.0</speed>
<time>
2024-09-05T09:16:24Z</time>
</trkpt>
<trkpt lat = "24.59341138980031" lon = "118.25869927595298">
<ele>
33.963988528586924</ele>
<speed>
0.0</speed>
<time>
2024-09-05T09:16:25Z</time>
</trkpt>
<trkpt lat = "24.59341138980031" lon = "118.25869927595298">
<ele>
33.963988528586924</ele>
<speed>
0.0</speed>
<time>
2024-09-05T09:16:26Z</time>
</trkpt>
<trkpt lon = "118.25869927595298" lat = "24.59341138980031">
<ele>
33.963988528586924</ele>
<speed>
0.0</speed>
<time>
2024-09-05T09:16:27Z</time>
</trkpt>
<trkpt lat = "24.59341138980031" lon = "118.25869927595298">
<ele>
33.963988528586924</ele>
<speed>
0.0</speed>
<time>
2024-09-05T09:16:28Z</time>
</trkpt>
<trkpt lon = "118.25869927595298" lat = "24.59341138980031">
<ele>
33.963988528586924</ele>
<speed>
0.0</speed>
<time>
2024-09-05T09:16:29Z</time>
</trkpt>
<trkpt lon = "118.25869927595298" lat = "24.59341138980031">
<ele>
33.963988528586924</ele>
<speed>
0.0</speed>
<time>
2024-09-05T09:16:30Z</time>
</trkpt>
<trkpt lon = "118.25869927595298" lat = "24.59341138980031">
<ele>
33.963988528586924</ele>
<speed>
0.0</speed>
<time>
2024-09-05T09:16:31Z</time>
</trkpt>
<trkpt lon = "118.25869927595298" lat = "24.59341138980031">
<ele>
33.963988528586924</ele>
<speed>
0.0</speed>
<time>
2024-09-05T09:16:32Z</time>
</trkpt>
<trkpt lon = "118.2586865570856" lat = "24.59340865296976">
<ele>
33.92294990643859</ele>
<speed>
0.009470985166482237</speed>
<time>
2024-09-05T09:16:33Z</time>
</trkpt>
<trkpt lat = "24.59340896578116" lon = "118.25868470488912">
<ele>
33.94104009401053</ele>
<speed>
0.03271116275525739</speed>
<time>
2024-09-05T09:16:34Z</time>
</trkpt>
<trkpt lat = "24.593410171187344" lon = "118.25868413879857">
<ele>
33.941199304535985</ele>
<speed>
0.04567260905140814</speed>
<time>
2024-09-05T09:16:35Z</time>
</trkpt>
<trkpt lon = "118.25868144382139" lat = "24.593411492257992">
<ele>
33.95097189955413</ele>
<speed>
0.08896315940036485</speed>
<time>
2024-09-05T09:16:36Z</time>
</trkpt>
<trkpt lon = "118.25868185978088" lat = "24.59341148450651">
<ele>
33.9506712006405</ele>
<speed>
0.0</speed>
<time>
2024-09-05T09:16:37Z</time>
</trkpt>
<trkpt lat = "24.59341148450651" lon = "118.25868185978088">
<ele>
33.9506712006405</ele>
<speed>
0.0</speed>
<time>
2024-09-05T09:16:38Z</time>
</trkpt>
<trkpt lat = "24.59341148450651" lon = "118.25868185978088">
<ele>
33.9506712006405</ele>
<speed>
0.0</speed>
<time>
2024-09-05T09:16:39Z</time>
</trkpt>
<trkpt lon = "118.25868185978088" lat = "24.59341148450651">
<ele>
33.9506712006405</ele>
<speed>
0.0</speed>
<time>
2024-09-05T09:16:40Z</time>
</trkpt>
<trkpt lat = "24.59341148450651" lon = "118.25868185978088">
<ele>
33.9506712006405</ele>
<speed>
0.0</speed>
<time>
2024-09-05T09:16:41Z</time>
</trkpt>
<trkpt lat = "24.59341148450651" lon = "118.25868185978088">
<ele>
33.9506712006405</ele>
<speed>
0.0</speed>
<time>
2024-09-05T09:16:42Z</time>
</trkpt>
<trkpt lat = "24.59341148450651" lon = "118.25868185978088">
<ele>
33.9506712006405</ele>
<speed>
0.0</speed>
<time>
2024-09-05T09:16:43Z</time>
</trkpt>
<trkpt lon = "118.25868185978088" lat = "24.59341148450651">
<ele>
33.9506712006405</ele>
<speed>
0.0</speed>
<time>
2024-09-05T09:16:44Z</time>
</trkpt>
<trkpt lat = "24.59341148450651" lon = "118.25868185978088">
<ele>
33.9506712006405</ele>
<speed>
0.0</speed>
<time>
2024-09-05T09:16:45Z</time>
</trkpt>
<trkpt lat = "24.59341148450651" lon = "118.25868185978088">
<ele>
33.9506712006405</ele>
<speed>
0.0</speed>
<time>
2024-09-05T09:16:46Z</time>
</trkpt>
<trkpt lat = "24.59341148450651" lon = "118.25868185978088">
<ele>
33.9506712006405</ele>
<speed>
0.0</speed>
<time>
2024-09-05T09:16:47Z</time>
</trkpt>
<trkpt lat = "24.59341148450651" lon = "118.25868185978088">
<ele>
33.9506712006405</ele>
<speed>
0.0</speed>
<time>
2024-09-05T09:16:48Z</time>
</trkpt>
<trkpt lat = "24.59341148450651" lon = "118.25868185978088">
<ele>
33.9506712006405</ele>
<speed>
0.0</speed>
<time>
2024-09-05T09:16:49Z</time>
</trkpt>
<trkpt lat = "24.59341148450651" lon = "118.25868185978088">
<ele>
33.9506712006405</ele>
<speed>
0.0</speed>
<time>
2024-09-05T09:16:50Z</time>
</trkpt>
<trkpt lat = "24.59341148450651" lon = "118.25868185978088">
<ele>
33.9506712006405</ele>
<speed>
0.0</speed>
<time>
2024-09-05T09:16:51Z</time>
</trkpt>
<trkpt lon = "118.25868185978088" lat = "24.59341148450651">
<ele>
33.9506712006405</ele>
<speed>
0.0</speed>
<time>
2024-09-05T09:16:52Z</time>
</trkpt>
<trkpt lat = "24.59341148450651" lon = "118.25868185978088">
<ele>
33.9506712006405</ele>
<speed>
0.0</speed>
<time>
2024-09-05T09:16:53Z</time>
</trkpt>
<trkpt lat = "24.59341148450651" lon = "118.25868185978088">
<ele>
33.9506712006405</ele>
<speed>
0.0</speed>
<time>
2024-09-05T09:16:54Z</time>
</trkpt>
<trkpt lat = "24.59341148450651" lon = "118.25868185978088">
<ele>
33.9506712006405</ele>
<speed>
0.0</speed>
<time>
2024-09-05T09:16:55Z</time>
</trkpt>
<trkpt lat = "24.59341148450651" lon = "118.25868185978088">
<ele>
33.9506712006405</ele>
<speed>
0.0</speed>
<time>
2024-09-05T09:16:56Z</time>
</trkpt>
<trkpt lat = "24.59341148450651" lon = "118.25868185978088">
<ele>
33.9506712006405</ele>
<speed>
0.0</speed>
<time>
2024-09-05T09:16:57Z</time>
</trkpt>
<trkpt lat = "24.59341148450651" lon = "118.25868185978088">
<ele>
33.9506712006405</ele>
<speed>
0.0</speed>
<time>
2024-09-05T09:16:58Z</time>
</trkpt>
<trkpt lat = "24.59341148450651" lon = "118.25868185978088">
<ele>
33.9506712006405</ele>
<speed>
0.0</speed>
<time>
2024-09-05T09:16:59Z</time>
</trkpt>
<trkpt lat = "24.59341148450651" lon = "118.25868185978088">
<ele>
33.9506712006405</ele>
<speed>
0.0</speed>
<time>
2024-09-05T09:17:00Z</time>
</trkpt>
<trkpt lat = "24.59341148450651" lon = "118.25868185978088">
<ele>
33.9506712006405</ele>
<speed>
0.0</speed>
<time>
2024-09-05T09:17:01Z</time>
</trkpt>
<trkpt lat = "24.59341148450651" lon = "118.25868185978088">
<ele>
33.9506712006405</ele>
<speed>
0.0</speed>
<time>
2024-09-05T09:17:02Z</time>
</trkpt>
<trkpt lon = "118.25868185978088" lat = "24.59341148450651">
<ele>
33.9506712006405</ele>
<speed>
0.0</speed>
<time>
2024-09-05T09:17:03Z</time>
</trkpt>
<trkpt lat = "24.59341148450651" lon = "118.25868185978088">
<ele>
33.9506712006405</ele>
<speed>
0.0</speed>
<time>
2024-09-05T09:17:04Z</time>
</trkpt>
<trkpt lat = "24.59341148450651" lon = "118.25868185978088">
<ele>
33.9506712006405</ele>
<speed>
0.0</speed>
<time>
2024-09-05T09:17:05Z</time>
</trkpt>
<trkpt lon = "118.25868185978088" lat = "24.59341148450651">
<ele>
33.9506712006405</ele>
<speed>
0.0</speed>
<time>
2024-09-05T09:17:06Z</time>
</trkpt>
<trkpt lat = "24.59341148450651" lon = "118.25868185978088">
<ele>
33.9506712006405</ele>
<speed>
0.0</speed>
<time>
2024-09-05T09:17:07Z</time>
</trkpt>
<trkpt lat = "24.59341148450651" lon = "118.25868185978088">
<ele>
33.9506712006405</ele>
<speed>
0.0</speed>
<time>
2024-09-05T09:17:08Z</time>
</trkpt>
<trkpt lon = "118.25868185978088" lat = "24.59341148450651">
<ele>
33.9506712006405</ele>
<speed>
0.0</speed>
<time>
2024-09-05T09:17:09Z</time>
</trkpt>
<trkpt lon = "118.25868185978088" lat = "24.59341148450651">
<ele>
33.9506712006405</ele>
<speed>
0.0</speed>
<time>
2024-09-05T09:17:10Z</time>
</trkpt>
<trkpt lon = "118.25868185978088" lat = "24.59341148450651">
<ele>
33.9506712006405</ele>
<speed>
0.0</speed>
<time>
2024-09-05T09:17:11Z</time>
</trkpt>
<trkpt lon = "118.25868185978088" lat = "24.59341148450651">
<ele>
33.9506712006405</ele>
<speed>
0.0</speed>
<time>
2024-09-05T09:17:12Z</time>
</trkpt>
<trkpt lon = "118.25868185978088" lat = "24.59341148450651">
<ele>
33.9506712006405</ele>
<speed>
0.0</speed>
<time>
2024-09-05T09:17:13Z</time>
</trkpt>
<trkpt lat = "24.59341148450651" lon = "118.25868185978088">
<ele>
33.9506712006405</ele>
<speed>
0.0</speed>
<time>
2024-09-05T09:17:14Z</time>
</trkpt>
<trkpt lon = "118.25868185978088" lat = "24.59341148450651">
<ele>
33.9506712006405</ele>
<speed>
0.0</speed>
<time>
2024-09-05T09:17:15Z</time>
</trkpt>
<trkpt lat = "24.59341148450651" lon = "118.25868185978088">
<ele>
33.9506712006405</ele>
<speed>
0.0</speed>
<time>
2024-09-05T09:17:16Z</time>
</trkpt>
<trkpt lat = "24.59341148450651" lon = "118.25868185978088">
<ele>
33.9506712006405</ele>
<speed>
0.0</speed>
<time>
2024-09-05T09:17:17Z</time>
</trkpt>
<trkpt lon = "118.25868185978088" lat = "24.59341148450651">
<ele>
33.9506712006405</ele>
<speed>
0.0</speed>
<time>
2024-09-05T09:17:18Z</time>
</trkpt>
<trkpt lat = "24.59341148450651" lon = "118.25868185978088">
<ele>
33.9506712006405</ele>
<speed>
0.0</speed>
<time>
2024-09-05T09:17:19Z</time>
</trkpt>
<trkpt lat = "24.59341148450651" lon = "118.25868185978088">
<ele>
33.9506712006405</ele>
<speed>
0.0</speed>
<time>
2024-09-05T09:17:20Z</time>
</trkpt>
<trkpt lat = "24.59341148450651" lon = "118.25868185978088">
<ele>
33.9506712006405</ele>
<speed>
0.0</speed>
<time>
2024-09-05T09:17:21Z</time>
</trkpt>
<trkpt lat = "24.59341148450651" lon = "118.25868185978088">
<ele>
33.9506712006405</ele>
<speed>
0.0</speed>
<time>
2024-09-05T09:17:22Z</time>
</trkpt>
<trkpt lon = "118.25868185978088" lat = "24.59341148450651">
<ele>
33.9506712006405</ele>
<speed>
0.0</speed>
<time>
2024-09-05T09:17:23Z</time>
</trkpt>
<trkpt lat = "24.593418017811413" lon = "118.2586655686901">
<ele>
33.80489439330995</ele>
<speed>
0.0</speed>
<time>
2024-09-05T09:17:24Z</time>
</trkpt>
<trkpt lat = "24.593418017811413" lon = "118.2586655686901">
<ele>
33.80489439330995</ele>
<speed>
0.0</speed>
<time>
2024-09-05T09:17:25Z</time>
</trkpt>
<trkpt lat = "24.593418017811413" lon = "118.2586655686901">
<ele>
33.80489439330995</ele>
<speed>
0.0</speed>
<time>
2024-09-05T09:17:26Z</time>
</trkpt>
<trkpt lat = "24.593418017811413" lon = "118.2586655686901">
<ele>
33.80489439330995</ele>
<speed>
0.0</speed>
<time>
2024-09-05T09:17:27Z</time>
</trkpt>
<trkpt lat = "24.59341838254989" lon = "118.25866566491865">
<ele>
34.06693009007722</ele>
<speed>
0.13390208704064643</speed>
<time>
2024-09-05T09:17:28Z</time>
</trkpt>
<trkpt lat = "24.593418704251985" lon = "118.25866332505346">
<ele>
34.119812494143844</ele>
<speed>
0.0</speed>
<time>
2024-09-05T09:17:29Z</time>
</trkpt>
<trkpt lat = "24.593418545267422" lon = "118.25866269805061">
<ele>
34.009546588175</ele>
<speed>
0.09392074383022682</speed>
<time>
2024-09-05T09:17:30Z</time>
</trkpt>
<trkpt lon = "118.25865870713535" lat = "24.593418377111636">
<ele>
34.26466466113925</ele>
<speed>
0.05182640149415079</speed>
<time>
2024-09-05T09:17:31Z</time>
</trkpt>
<trkpt lon = "118.25865498197177" lat = "24.593417957840455">
<ele>
34.266123049892485</ele>
<speed>
0.018053810198277967</speed>
<time>
2024-09-05T09:17:32Z</time>
</trkpt>
<trkpt lon = "118.25859145544169" lat = "24.593399439243054">
<ele>
34.01965681556612</ele>
<speed>
1.3741864574249212</speed>
<time>
2024-09-05T09:17:33Z</time>
</trkpt>
<trkpt lat = "24.593408135573327" lon = "118.25858974564765">
<ele>
34.2301459684968</ele>
<speed>
0.0</speed>
<time>
2024-09-05T09:17:34Z</time>
</trkpt>
<trkpt lat = "24.593402514540994" lon = "118.25862310670786">
<ele>
34.37153279688209</ele>
<speed>
0.0</speed>
<time>
2024-09-05T09:17:35Z</time>
</trkpt>
<trkpt lat = "24.59338967721002" lon = "118.25862453691997">
<ele>
34.40725097712129</ele>
<speed>
0.20971908169386103</speed>
<time>
2024-09-05T09:17:36Z</time>
</trkpt>
<trkpt lat = "24.593383657640995" lon = "118.25862973862311">
<ele>
34.21699927654117</ele>
<speed>
0.0</speed>
<time>
2024-09-05T09:17:37Z</time>
</trkpt>
<trkpt lat = "24.593383657640995" lon = "118.25862973862311">
<ele>
34.21699927654117</ele>
<speed>
0.0</speed>
<time>
2024-09-05T09:17:41Z</time>
</trkpt>
<trkpt lat = "24.593383657640995" lon = "118.25862973862311">
<ele>
34.21699927654117</ele>
<speed>
0.0</speed>
<time>
2024-09-05T09:17:42Z</time>
</trkpt>
<trkpt lat = "24.593396663832433" lon = "118.25862590956412">
<ele>
34.27106945216656</ele>
<speed>
0.07459722613929613</speed>
<time>
2024-09-05T09:17:43Z</time>
</trkpt>
<trkpt lon = "118.25863059736575" lat = "24.59339229911424">
<ele>
34.108527889475226</ele>
<speed>
0.0882497217736084</speed>
<time>
2024-09-05T09:17:44Z</time>
</trkpt>
<trkpt lat = "24.593391388362328" lon = "118.25864035250154">
<ele>
34.03887224383652</ele>
<speed>
0.06014742336757151</speed>
<time>
2024-09-05T09:17:45Z</time>
</trkpt>
<trkpt lat = "24.59337932802645" lon = "118.25865881579332">
<ele>
33.852932651527226</ele>
<speed>
0.6106940936661727</speed>
<time>
2024-09-05T09:17:46Z</time>
</trkpt>
<trkpt lat = "24.59329215771643" lon = "118.25867993082939">
<ele>
33.89843190368265</ele>
<speed>
2.800683936909587</speed>
<time>
2024-09-05T09:17:47Z</time>
</trkpt>
<trkpt lat = "24.59314363685474" lon = "118.2587141010274">
<ele>
34.03767134714872</ele>
<speed>
5.791795988417827</speed>
<time>
2024-09-05T09:17:48Z</time>
</trkpt>
<trkpt lat = "24.592958839074637" lon = "118.25871967126884">
<ele>
33.83933598641306</ele>
<speed>
8.498362341717618</speed>
<time>
2024-09-05T09:17:49Z</time>
</trkpt>
<trkpt lat = "24.59275965603016" lon = "118.25870097531437">
<ele>
33.677138736471534</ele>
<speed>
10.555327807929647</speed>
<time>
2024-09-05T09:17:50Z</time>
</trkpt>
<trkpt lat = "24.59258879657721" lon = "118.25868828651147">
<ele>
33.75430548284203</ele>
<speed>
11.512889506784333</speed>
<time>
2024-09-05T09:17:51Z</time>
</trkpt>
<trkpt lon = "118.25869351887872" lat = "24.59245040393695">
<ele>
33.78524906001985</ele>
<speed>
12.089535649119911</speed>
<time>
2024-09-05T09:17:52Z</time>
</trkpt>
<trkpt lat = "24.592314340285007" lon = "118.2587154576868">
<ele>
33.67445024475455</ele>
<speed>
12.375630489904951</speed>
<time>
2024-09-05T09:17:53Z</time>
</trkpt>
<trkpt lat = "24.592182276410472" lon = "118.2587230412399">
<ele>
33.59927865676582</ele>
<speed>
12.348488218500052</speed>
<time>
2024-09-05T09:17:54Z</time>
</trkpt>
<trkpt lat = "24.59202166513136" lon = "118.25872697836263">
<ele>
33.9776116181165</ele>
<speed>
12.303820206424753</speed>
<time>
2024-09-05T09:17:55Z</time>
</trkpt>
<trkpt lat = "24.59188273909165" lon = "118.2587419259055">
<ele>
33.78271466773003</ele>
<speed>
12.231185666895707</speed>
<time>
2024-09-05T09:17:56Z</time>
</trkpt>
<trkpt lat = "24.59175480984135" lon = "118.2587470950859">
<ele>
33.63175355270505</ele>
<speed>
11.666049536675574</speed>
<time>
2024-09-05T09:17:57Z</time>
</trkpt>
<trkpt lon = "118.25876032722454" lat = "24.591638766085584">
<ele>
33.37666491698474</ele>
<speed>
11.116396654716672</speed>
<time>
2024-09-05T09:17:58Z</time>
</trkpt>
<trkpt lat = "24.59151037550327" lon = "118.2587506782097">
<ele>
33.68927991390228</ele>
<speed>
9.36688823946664</speed>
<time>
2024-09-05T09:17:59Z</time>
</trkpt>
<trkpt lon = "118.25872446386282" lat = "24.59142038592099">
<ele>
32.9718421548605</ele>
<speed>
8.718448458713109</speed>
<time>
2024-09-05T09:18:00Z</time>
</trkpt>
<trkpt lat = "24.59134202385509" lon = "118.25872422770489">
<ele>
32.44685712363571</ele>
<speed>
8.303910427700819</speed>
<time>
2024-09-05T09:18:01Z</time>
</trkpt>
<trkpt lat = "24.591276878770998" lon = "118.25871676810827">
<ele>
32.59792561363429</ele>
<speed>
7.269326593995374</speed>
<time>
2024-09-05T09:18:02Z</time>
</trkpt>
<trkpt lon = "118.2587295503888" lat = "24.591210315662256">
<ele>
32.54485942237079</ele>
<speed>
6.66617247282762</speed>
<time>
2024-09-05T09:18:03Z</time>
</trkpt>
<trkpt lon = "118.25873587468028" lat = "24.591132757843344">
<ele>
32.26069834176451</ele>
<speed>
6.936680214583529</speed>
<time>
2024-09-05T09:18:04Z</time>
</trkpt>
<trkpt lat = "24.591081822980936" lon = "118.25873974952735">
<ele>
32.251191794872284</ele>
<speed>
6.058983128099686</speed>
<time>
2024-09-05T09:18:05Z</time>
</trkpt>
<trkpt lat = "24.591100954364325" lon = "118.2587271344626">
<ele>
31.987461724318564</ele>
<speed>
3.036007902065393</speed>
<time>
2024-09-05T09:18:06Z</time>
</trkpt>
<trkpt lat = "24.59110413638012" lon = "118.25869303747542">
<ele>
32.052434926852584</ele>
<speed>
1.040038545998521</speed>
<time>
2024-09-05T09:18:07Z</time>
</trkpt>
<trkpt lat = "24.5910961036772" lon = "118.25868797343283">
<ele>
31.97162341326475</ele>
<speed>
0.9624885289184538</speed>
<time>
2024-09-05T09:18:08Z</time>
</trkpt>
<trkpt lon = "118.25868464310203" lat = "24.59108851580379">
<ele>
32.05127952154726</ele>
<speed>
0.8874878346536348</speed>
<time>
2024-09-05T09:18:09Z</time>
</trkpt>
<trkpt lon = "118.25867655406762" lat = "24.591089998015818">
<ele>
31.824341946281493</ele>
<speed>
0.6216149822445238</speed>
<time>
2024-09-05T09:18:10Z</time>
</trkpt>
<trkpt lat = "24.591095977293207" lon = "118.25868360603191">
<ele>
31.8668015897274</ele>
<speed>
0.2283757801367664</speed>
<time>
2024-09-05T09:18:11Z</time>
</trkpt>
<trkpt lon = "118.25870477113692" lat = "24.591103242205335">
<ele>
31.78530896641314</ele>
<speed>
0.17596865648866594</speed>
<time>
2024-09-05T09:18:12Z</time>
</trkpt>
<trkpt lon = "118.25868988937151" lat = "24.591073086700604">
<ele>
31.875434345565736</ele>
<speed>
0.39444213667572176</speed>
<time>
2024-09-05T09:18:13Z</time>
</trkpt>
<trkpt lat = "24.5910589312423" lon = "118.25866521134569">
<ele>
31.85766531806439</ele>
<speed>
0.7647701548015438</speed>
<time>
2024-09-05T09:18:14Z</time>
</trkpt>
<trkpt lat = "24.59107696198323" lon = "118.25863922728074">
<ele>
31.798192892223597</ele>
<speed>
0.3809618269871165</speed>
<time>
2024-09-05T09:18:15Z</time>
</trkpt>
<trkpt lat = "24.591077875566807" lon = "118.2585958324671">
<ele>
32.04924213793129</ele>
<speed>
0.15050932784027776</speed>
<time>
2024-09-05T09:18:16Z</time>
</trkpt>
<trkpt lat = "24.591083057477473" lon = "118.25857106984095">
<ele>
31.807202979922295</ele>
<speed>
0.06219847868647318</speed>
<time>
2024-09-05T09:18:17Z</time>
</trkpt>
<trkpt lat = "24.591078721290167" lon = "118.25856184280728">
<ele>
31.822625203989446</ele>
<speed>
0.10870837773936289</speed>
<time>
2024-09-05T09:18:18Z</time>
</trkpt>
<trkpt lat = "24.591072107208728" lon = "118.25855931916675">
<ele>
31.661363760009408</ele>
<speed>
0.09779083296907481</speed>
<time>
2024-09-05T09:18:19Z</time>
</trkpt>
<trkpt lat = "24.591070142709214" lon = "118.25856287519976">
<ele>
31.64919386897236</ele>
<speed>
0.0364512191815639</speed>
<time>
2024-09-05T09:18:20Z</time>
</trkpt>
<trkpt lat = "24.591060161990036" lon = "118.25856698068546">
<ele>
31.953746928833425</ele>
<speed>
0.04842762971955617</speed>
<time>
2024-09-05T09:18:21Z</time>
</trkpt>
<trkpt lat = "24.591054428490576" lon = "118.25856930242618">
<ele>
31.87591717671603</ele>
<speed>
0.07224145097568872</speed>
<time>
2024-09-05T09:18:22Z</time>
</trkpt>
<trkpt lat = "24.591048465438295" lon = "118.25857041460029">
<ele>
31.753801382146776</ele>
<speed>
0.1426000981390225</speed>
<time>
2024-09-05T09:18:23Z</time>
</trkpt>
<trkpt lat = "24.591047993119155" lon = "118.25856711353634">
<ele>
31.631470328196883</ele>
<speed>
0.22176642128920568</speed>
<time>
2024-09-05T09:18:24Z</time>
</trkpt>
<trkpt lon = "118.25856777578309" lat = "24.591047731736374">
<ele>
31.75415433011949</ele>
<speed>
0.08280477757251692</speed>
<time>
2024-09-05T09:18:25Z</time>
</trkpt>
<trkpt lat = "24.59104843143954" lon = "118.25856710760975">
<ele>
31.692215730436146</ele>
<speed>
0.029248453962493436</speed>
<time>
2024-09-05T09:18:26Z</time>
</trkpt>
<trkpt lat = "24.59104531864088" lon = "118.25856220730083">
<ele>
32.06340185645968</ele>
<speed>
0.134817382767953</speed>
<time>
2024-09-05T09:18:27Z</time>
</trkpt>
<trkpt lon = "118.2585577783532" lat = "24.591047580762165">
<ele>
32.083221450448036</ele>
<speed>
0.03204070106699056</speed>
<time>
2024-09-05T09:18:28Z</time>
</trkpt>
<trkpt lon = "118.25855777509992" lat = "24.5910476886889">
<ele>
32.08367590140551</ele>
<speed>
0.0</speed>
<time>
2024-09-05T09:18:29Z</time>
</trkpt>
<trkpt lat = "24.5910476886889" lon = "118.25855777509992">
<ele>
32.08367590140551</ele>
<speed>
0.0</speed>
<time>
2024-09-05T09:18:30Z</time>
</trkpt>
<trkpt lon = "118.25855777509992" lat = "24.5910476886889">
<ele>
32.08367590140551</ele>
<speed>
0.0</speed>
<time>
2024-09-05T09:18:31Z</time>
</trkpt>
<trkpt lon = "118.25855777509992" lat = "24.5910476886889">
<ele>
32.08367590140551</ele>
<speed>
0.0</speed>
<time>
2024-09-05T09:18:32Z</time>
</trkpt>
<trkpt lon = "118.25855777509992" lat = "24.5910476886889">
<ele>
32.08367590140551</ele>
<speed>
0.0</speed>
<time>
2024-09-05T09:18:33Z</time>
</trkpt>
<trkpt lat = "24.5910476886889" lon = "118.25855777509992">
<ele>
32.08367590140551</ele>
<speed>
0.0</speed>
<time>
2024-09-05T09:18:34Z</time>
</trkpt>
<trkpt lat = "24.5910476886889" lon = "118.25855777509992">
<ele>
32.08367590140551</ele>
<speed>
0.0</speed>
<time>
2024-09-05T09:18:35Z</time>
</trkpt>
<trkpt lat = "24.5910476886889" lon = "118.25855777509992">
<ele>
32.08367590140551</ele>
<speed>
0.0</speed>
<time>
2024-09-05T09:18:36Z</time>
</trkpt>
<trkpt lon = "118.25855777509992" lat = "24.5910476886889">
<ele>
32.08367590140551</ele>
<speed>
0.0</speed>
<time>
2024-09-05T09:18:37Z</time>
</trkpt>
<trkpt lat = "24.5910476886889" lon = "118.25855777509992">
<ele>
32.08367590140551</ele>
<speed>
0.0</speed>
<time>
2024-09-05T09:18:38Z</time>
</trkpt>
<trkpt lon = "118.25855777509992" lat = "24.5910476886889">
<ele>
32.08367590140551</ele>
<speed>
0.0</speed>
<time>
2024-09-05T09:18:39Z</time>
</trkpt>
<trkpt lon = "118.25855777509992" lat = "24.5910476886889">
<ele>
32.08367590140551</ele>
<speed>
0.0</speed>
<time>
2024-09-05T09:18:40Z</time>
</trkpt>
<trkpt lat = "24.5910476886889" lon = "118.25855777509992">
<ele>
32.08367590140551</ele>
<speed>
0.0</speed>
<time>
2024-09-05T09:18:41Z</time>
</trkpt>
<trkpt lat = "24.5910476886889" lon = "118.25855777509992">
<ele>
32.08367590140551</ele>
<speed>
0.0</speed>
<time>
2024-09-05T09:18:42Z</time>
</trkpt>
<trkpt lat = "24.5910476886889" lon = "118.25855777509992">
<ele>
32.08367590140551</ele>
<speed>
0.0</speed>
<time>
2024-09-05T09:18:43Z</time>
</trkpt>
<trkpt lon = "118.25855777509992" lat = "24.5910476886889">
<ele>
32.08367590140551</ele>
<speed>
0.0</speed>
<time>
2024-09-05T09:18:44Z</time>
</trkpt>
<trkpt lon = "118.25855777509992" lat = "24.5910476886889">
<ele>
32.08367590140551</ele>
<speed>
0.0</speed>
<time>
2024-09-05T09:18:45Z</time>
</trkpt>
<trkpt lon = "118.25855777509992" lat = "24.5910476886889">
<ele>
32.08367590140551</ele>
<speed>
0.0</speed>
<time>
2024-09-05T09:18:46Z</time>
</trkpt>
<trkpt lon = "118.25855777509992" lat = "24.5910476886889">
<ele>
32.08367590140551</ele>
<speed>
0.0</speed>
<time>
2024-09-05T09:18:47Z</time>
</trkpt>
<trkpt lon = "118.25855777509992" lat = "24.5910476886889">
<ele>
32.08367590140551</ele>
<speed>
0.0</speed>
<time>
2024-09-05T09:18:48Z</time>
</trkpt>
<trkpt lon = "118.25855777509992" lat = "24.5910476886889">
<ele>
32.08367590140551</ele>
<speed>
0.0</speed>
<time>
2024-09-05T09:18:49Z</time>
</trkpt>
<trkpt lat = "24.5910476886889" lon = "118.25855777509992">
<ele>
32.08367590140551</ele>
<speed>
0.0</speed>
<time>
2024-09-05T09:18:50Z</time>
</trkpt>
<trkpt lon = "118.25855777509992" lat = "24.5910476886889">
<ele>
32.08367590140551</ele>
<speed>
0.0</speed>
<time>
2024-09-05T09:18:51Z</time>
</trkpt>
<trkpt lon = "118.25855777509992" lat = "24.5910476886889">
<ele>
32.08367590140551</ele>
<speed>
0.0</speed>
<time>
2024-09-05T09:18:52Z</time>
</trkpt>
<trkpt lat = "24.5910476886889" lon = "118.25855777509992">
<ele>
32.08367590140551</ele>
<speed>
0.0</speed>
<time>
2024-09-05T09:18:53Z</time>
</trkpt>
<trkpt lat = "24.5910476886889" lon = "118.25855777509992">
<ele>
32.08367590140551</ele>
<speed>
0.0</speed>
<time>
2024-09-05T09:18:54Z</time>
</trkpt>
<trkpt lon = "118.25855777509992" lat = "24.5910476886889">
<ele>
32.08367590140551</ele>
<speed>
0.0</speed>
<time>
2024-09-05T09:18:55Z</time>
</trkpt>
<trkpt lat = "24.5910476886889" lon = "118.25855777509992">
<ele>
32.08367590140551</ele>
<speed>
0.0</speed>
<time>
2024-09-05T09:18:56Z</time>
</trkpt>
<trkpt lat = "24.5910476886889" lon = "118.25855777509992">
<ele>
32.08367590140551</ele>
<speed>
0.0</speed>
<time>
2024-09-05T09:18:57Z</time>
</trkpt>
<trkpt lat = "24.5910476886889" lon = "118.25855777509992">
<ele>
32.08367590140551</ele>
<speed>
0.0</speed>
<time>
2024-09-05T09:18:58Z</time>
</trkpt>
<trkpt lat = "24.5910476886889" lon = "118.25855777509992">
<ele>
32.08367590140551</ele>
<speed>
0.0</speed>
<time>
2024-09-05T09:18:59Z</time>
</trkpt>
<trkpt lat = "24.5910476886889" lon = "118.25855777509992">
<ele>
32.08367590140551</ele>
<speed>
0.0</speed>
<time>
2024-09-05T09:19:00Z</time>
</trkpt>
<trkpt lat = "24.5910476886889" lon = "118.25855777509992">
<ele>
32.08367590140551</ele>
<speed>
0.0</speed>
<time>
2024-09-05T09:19:01Z</time>
</trkpt>
<trkpt lat = "24.5910476886889" lon = "118.25855777509992">
<ele>
32.08367590140551</ele>
<speed>
0.0</speed>
<time>
2024-09-05T09:19:02Z</time>
</trkpt>
<trkpt lon = "118.25855777509992" lat = "24.5910476886889">
<ele>
32.08367590140551</ele>
<speed>
0.0</speed>
<time>
2024-09-05T09:19:03Z</time>
</trkpt>
<trkpt lon = "118.25855777509992" lat = "24.5910476886889">
<ele>
32.08367590140551</ele>
<speed>
0.0</speed>
<time>
2024-09-05T09:19:04Z</time>
</trkpt>
<trkpt lat = "24.5910476886889" lon = "118.25855777509992">
<ele>
32.08367590140551</ele>
<speed>
0.0</speed>
<time>
2024-09-05T09:19:05Z</time>
</trkpt>
<trkpt lat = "24.5910476886889" lon = "118.25855777509992">
<ele>
32.08367590140551</ele>
<speed>
0.0</speed>
<time>
2024-09-05T09:19:06Z</time>
</trkpt>
<trkpt lat = "24.5910476886889" lon = "118.25855777509992">
<ele>
32.08367590140551</ele>
<speed>
0.0</speed>
<time>
2024-09-05T09:19:07Z</time>
</trkpt>
<trkpt lat = "24.5910476886889" lon = "118.25855777509992">
<ele>
32.08367590140551</ele>
<speed>
0.0</speed>
<time>
2024-09-05T09:19:08Z</time>
</trkpt>
<trkpt lon = "118.25855777509992" lat = "24.5910476886889">
<ele>
32.08367590140551</ele>
<speed>
0.0</speed>
<time>
2024-09-05T09:19:09Z</time>
</trkpt>
<trkpt lon = "118.25855777509992" lat = "24.5910476886889">
<ele>
32.08367590140551</ele>
<speed>
0.0</speed>
<time>
2024-09-05T09:19:10Z</time>
</trkpt>
<trkpt lon = "118.25855777509992" lat = "24.5910476886889">
<ele>
32.08367590140551</ele>
<speed>
0.0</speed>
<time>
2024-09-05T09:19:11Z</time>
</trkpt>
<trkpt lon = "118.25855777509992" lat = "24.5910476886889">
<ele>
32.08367590140551</ele>
<speed>
0.0</speed>
<time>
2024-09-05T09:19:12Z</time>
</trkpt>
<trkpt lat = "24.5910476886889" lon = "118.25855777509992">
<ele>
32.08367590140551</ele>
<speed>
0.0</speed>
<time>
2024-09-05T09:19:13Z</time>
</trkpt>
<trkpt lon = "118.25855777509992" lat = "24.5910476886889">
<ele>
32.08367590140551</ele>
<speed>
0.0</speed>
<time>
2024-09-05T09:19:14Z</time>
</trkpt>
<trkpt lon = "118.25855777509992" lat = "24.5910476886889">
<ele>
32.08367590140551</ele>
<speed>
0.0</speed>
<time>
2024-09-05T09:19:15Z</time>
</trkpt>
<trkpt lon = "118.25855777509992" lat = "24.5910476886889">
<ele>
32.08367590140551</ele>
<speed>
0.0</speed>
<time>
2024-09-05T09:19:16Z</time>
</trkpt>
<trkpt lon = "118.25855777509992" lat = "24.5910476886889">
<ele>
32.08367590140551</ele>
<speed>
0.0</speed>
<time>
2024-09-05T09:19:17Z</time>
</trkpt>
<trkpt lat = "24.5910476886889" lon = "118.25855777509992">
<ele>
32.08367590140551</ele>
<speed>
0.0</speed>
<time>
2024-09-05T09:19:18Z</time>
</trkpt>
<trkpt lat = "24.5910476886889" lon = "118.25855777509992">
<ele>
32.08367590140551</ele>
<speed>
0.0</speed>
<time>
2024-09-05T09:19:19Z</time>
</trkpt>
<trkpt lat = "24.591025169628093" lon = "118.25856704669562">
<ele>
32.19845541194081</ele>
<speed>
0.11640571616343684</speed>
<time>
2024-09-05T09:19:20Z</time>
</trkpt>
<trkpt lat = "24.59102652577299" lon = "118.258569112425">
<ele>
32.14444788452238</ele>
<speed>
0.04300603017455656</speed>
<time>
2024-09-05T09:19:21Z</time>
</trkpt>
<trkpt lat = "24.591024900137345" lon = "118.25856290865003">
<ele>
32.17574603296816</ele>
<speed>
0.04201172390600763</speed>
<time>
2024-09-05T09:19:22Z</time>
</trkpt>
<trkpt lat = "24.59102663378971" lon = "118.25856120663757">
<ele>
32.11407506093383</ele>
<speed>
0.05716443679499576</speed>
<time>
2024-09-05T09:19:23Z</time>
</trkpt>
<trkpt lon = "118.25857417547192" lat = "24.591017034444732">
<ele>
32.090166862122715</ele>
<speed>
0.3371282173555909</speed>
<time>
2024-09-05T09:19:24Z</time>
</trkpt>
<trkpt lat = "24.59101863382333" lon = "118.25857372564943">
<ele>
31.902265824377537</ele>
<speed>
0.2378527281468999</speed>
<time>
2024-09-05T09:19:25Z</time>
</trkpt>
<trkpt lat = "24.5910191918609" lon = "118.25857503720621">
<ele>
31.87150216475129</ele>
<speed>
0.0</speed>
<time>
2024-09-05T09:19:26Z</time>
</trkpt>
<trkpt lon = "118.25857503720621" lat = "24.5910191918609">
<ele>
31.87150216475129</ele>
<speed>
0.0</speed>
<time>
2024-09-05T09:19:27Z</time>
</trkpt>
<trkpt lon = "118.2585757296331" lat = "24.591017074470294">
<ele>
31.953300413675606</ele>
<speed>
0.06782760951994014</speed>
<time>
2024-09-05T09:19:28Z</time>
</trkpt>
<trkpt lat = "24.59101611474049" lon = "118.25858418841788">
<ele>
32.022424664348364</ele>
<speed>
0.057415210427998464</speed>
<time>
2024-09-05T09:19:29Z</time>
</trkpt>
<trkpt lat = "24.591019768683758" lon = "118.25858860947139">
<ele>
31.979737770743668</ele>
<speed>
0.043148346165164816</speed>
<time>
2024-09-05T09:19:30Z</time>
</trkpt>
<trkpt lon = "118.25858558443542" lat = "24.59102017212926">
<ele>
32.08108434639871</ele>
<speed>
0.035299658389707396</speed>
<time>
2024-09-05T09:19:31Z</time>
</trkpt>
<trkpt lat = "24.59102101652479" lon = "118.2585895198557">
<ele>
31.977671823464334</ele>
<speed>
0.04976171764868004</speed>
<time>
2024-09-05T09:19:32Z</time>
</trkpt>
<trkpt lat = "24.59102176402794" lon = "118.25859100757293">
<ele>
31.990332196466625</ele>
<speed>
0.044396101386852724</speed>
<time>
2024-09-05T09:19:33Z</time>
</trkpt>
<trkpt lon = "118.2585924471663" lat = "24.591024664210664">
<ele>
32.145874611102045</ele>
<speed>
0.0597264635903428</speed>
<time>
2024-09-05T09:19:34Z</time>
</trkpt>
<trkpt lat = "24.591026913270383" lon = "118.25859638328934">
<ele>
31.92481218278408</ele>
<speed>
0.07775217408389778</speed>
<time>
2024-09-05T09:19:35Z</time>
</trkpt>
<trkpt lat = "24.591028511685845" lon = "118.25859501511566">
<ele>
32.00974608864635</ele>
<speed>
0.047612192883099924</speed>
<time>
2024-09-05T09:19:36Z</time>
</trkpt>
<trkpt lat = "24.591030893192535" lon = "118.25859093894562">
<ele>
32.04169859550893</ele>
<speed>
0.06649350135097186</speed>
<time>
2024-09-05T09:19:37Z</time>
</trkpt>
<trkpt lat = "24.591034017865777" lon = "118.25858890561443">
<ele>
32.056574458256364</ele>
<speed>
0.04018136267793237</speed>
<time>
2024-09-05T09:19:38Z</time>
</trkpt>
<trkpt lon = "118.25858498095812" lat = "24.591034484082904">
<ele>
32.16027373820543</ele>
<speed>
0.0663082895302241</speed>
<time>
2024-09-05T09:19:39Z</time>
</trkpt>
<trkpt lon = "118.25858313859979" lat = "24.591034246058125">
<ele>
32.053316585719585</ele>
<speed>
0.07966023142485705</speed>
<time>
2024-09-05T09:19:40Z</time>
</trkpt>
<trkpt lon = "118.25858375412783" lat = "24.591033441100492">
<ele>
32.10442045331001</ele>
<speed>
0.17065258294408156</speed>
<time>
2024-09-05T09:19:41Z</time>
</trkpt>
<trkpt lat = "24.591029223110606" lon = "118.25858385190858">
<ele>
32.15961438044906</ele>
<speed>
0.22962792416971656</speed>
<time>
2024-09-05T09:19:42Z</time>
</trkpt>
<trkpt lat = "24.59102929359781" lon = "118.25858329806567">
<ele>
32.06576548703015</ele>
<speed>
0.1959760424477741</speed>
<time>
2024-09-05T09:19:43Z</time>
</trkpt>
<trkpt lon = "118.2585828433433" lat = "24.59102782910101">
<ele>
32.069281994365156</ele>
<speed>
0.19775063624242417</speed>
<time>
2024-09-05T09:19:44Z</time>
</trkpt>
<trkpt lat = "24.59102641736026" lon = "118.25857812641863">
<ele>
31.995020148344338</ele>
<speed>
0.20971766927840535</speed>
<time>
2024-09-05T09:19:45Z</time>
</trkpt>
<trkpt lat = "24.59102664178939" lon = "118.25857685643213">
<ele>
32.02092069387436</ele>
<speed>
0.20323165240912214</speed>
<time>
2024-09-05T09:19:46Z</time>
</trkpt>
<trkpt lat = "24.591025651838045" lon = "118.25857531579474">
<ele>
31.92277925182134</ele>
<speed>
0.18898440819317766</speed>
<time>
2024-09-05T09:19:47Z</time>
</trkpt>
<trkpt lon = "118.25857402083157" lat = "24.59102482813541">
<ele>
31.966961367987096</ele>
<speed>
0.19013118895561107</speed>
<time>
2024-09-05T09:19:48Z</time>
</trkpt>
<trkpt lat = "24.591026391438223" lon = "118.25857230224551">
<ele>
31.848302783444524</ele>
<speed>
0.14359045125186526</speed>
<time>
2024-09-05T09:19:49Z</time>
</trkpt>
<trkpt lat = "24.59102533486558" lon = "118.25856947677791">
<ele>
31.88333617988974</ele>
<speed>
0.16116640237647434</speed>
<time>
2024-09-05T09:19:50Z</time>
</trkpt>
<trkpt lat = "24.59102531962283" lon = "118.25856663698832">
<ele>
31.838793953880668</ele>
<speed>
0.14953248030490435</speed>
<time>
2024-09-05T09:19:51Z</time>
</trkpt>
<trkpt lat = "24.591027098227883" lon = "118.25856817405129">
<ele>
31.842532710172236</ele>
<speed>
0.12044932613046155</speed>
<time>
2024-09-05T09:19:52Z</time>
</trkpt>
<trkpt lat = "24.5910274135176" lon = "118.2585695214631">
<ele>
31.798353595659137</ele>
<speed>
0.12575782920181688</speed>
<time>
2024-09-05T09:19:53Z</time>
</trkpt>
<trkpt lat = "24.59102858806808" lon = "118.25857138017305">
<ele>
31.78539372421801</ele>
<speed>
0.1350422954780867</speed>
<time>
2024-09-05T09:19:54Z</time>
</trkpt>
<trkpt lon = "118.25857264852762" lat = "24.591027702835543">
<ele>
31.833191783167422</ele>
<speed>
0.15188099134967437</speed>
<time>
2024-09-05T09:19:55Z</time>
</trkpt>
<trkpt lon = "118.25857197047142" lat = "24.591027021363626">
<ele>
31.805971131660044</ele>
<speed>
0.0</speed>
<time>
2024-09-05T09:19:56Z</time>
</trkpt>
<trkpt lon = "118.25857380283887" lat = "24.591026477781504">
<ele>
31.710860742256045</ele>
<speed>
0.14931665656396526</speed>
<time>
2024-09-05T09:19:57Z</time>
</trkpt>
<trkpt lon = "118.25857214098804" lat = "24.591027342091635">
<ele>
31.79431314021349</ele>
<speed>
0.12297261283657104</speed>
<time>
2024-09-05T09:19:58Z</time>
</trkpt>
<trkpt lon = "118.25857064249692" lat = "24.59102408030911">
<ele>
31.908825813792646</ele>
<speed>
0.21667921188472516</speed>
<time>
2024-09-05T09:19:59Z</time>
</trkpt>
<trkpt lon = "118.25856859167718" lat = "24.59102296145133">
<ele>
31.957653168588877</ele>
<speed>
0.16107317687181516</speed>
<time>
2024-09-05T09:20:00Z</time>
</trkpt>
<trkpt lat = "24.591021841374065" lon = "118.25857068542172">
<ele>
31.959834650158882</ele>
<speed>
0.17594738790327868</speed>
<time>
2024-09-05T09:20:01Z</time>
</trkpt>
<trkpt lon = "118.25857191083674" lat = "24.591023759125097">
<ele>
31.947572546079755</ele>
<speed>
0.17190412309311978</speed>
<time>
2024-09-05T09:20:02Z</time>
</trkpt>
<trkpt lat = "24.591026061468163" lon = "118.25857372062812">
<ele>
31.949257660657167</ele>
<speed>
0.14771587013663706</speed>
<time>
2024-09-05T09:20:03Z</time>
</trkpt>
<trkpt lat = "24.591026726235214" lon = "118.25857522564756">
<ele>
31.880783203989267</ele>
<speed>
0.23192254908359755</speed>
<time>
2024-09-05T09:20:04Z</time>
</trkpt>
<trkpt lon = "118.25857410297222" lat = "24.59102536576075">
<ele>
31.769284441135824</ele>
<speed>
0.1503295571312198</speed>
<time>
2024-09-05T09:20:05Z</time>
</trkpt>
<trkpt lat = "24.59102446033112" lon = "118.25857697971134">
<ele>
31.849119866266847</ele>
<speed>
0.29093284178333745</speed>
<time>
2024-09-05T09:20:06Z</time>
</trkpt>
<trkpt lon = "118.25857794996331" lat = "24.591025478358393">
<ele>
32.15337879396975</ele>
<speed>
0.3354300946634935</speed>
<time>
2024-09-05T09:20:07Z</time>
</trkpt>
<trkpt lon = "118.25857581275572" lat = "24.591025448778776">
<ele>
32.04425342567265</ele>
<speed>
0.2885782252960474</speed>
<time>
2024-09-05T09:20:08Z</time>
</trkpt>
<trkpt lon = "118.258571465427" lat = "24.591024655419336">
<ele>
32.0853115785867</ele>
<speed>
0.2685744856763224</speed>
<time>
2024-09-05T09:20:09Z</time>
</trkpt>
<trkpt lat = "24.591020171970687" lon = "118.25857585978814">
<ele>
32.210833138786256</ele>
<speed>
0.3675751142082107</speed>
<time>
2024-09-05T09:20:10Z</time>
</trkpt>
<trkpt lat = "24.591017867755145" lon = "118.25857105367749">
<ele>
32.26574483793229</ele>
<speed>
0.34965086614482405</speed>
<time>
2024-09-05T09:20:11Z</time>
</trkpt>
<trkpt lat = "24.59101820886105" lon = "118.25857036767232">
<ele>
32.35833998583257</ele>
<speed>
0.3422336689072314</speed>
<time>
2024-09-05T09:20:12Z</time>
</trkpt>
<trkpt lat = "24.59101832131766" lon = "118.25856889409971">
<ele>
32.413528117351234</ele>
<speed>
0.2956787788741702</speed>
<time>
2024-09-05T09:20:13Z</time>
</trkpt>
<trkpt lat = "24.59101941687082" lon = "118.25856268591184">
<ele>
32.38341684918851</ele>
<speed>
0.16588000092006933</speed>
<time>
2024-09-05T09:20:14Z</time>
</trkpt>
<trkpt lat = "24.591018939028373" lon = "118.25856235442674">
<ele>
32.47383814211935</ele>
<speed>
0.1433495716120522</speed>
<time>
2024-09-05T09:20:15Z</time>
</trkpt>
<trkpt lon = "118.25856543528062" lat = "24.59101868233304">
<ele>
32.44493180792779</ele>
<speed>
0.13739492885974733</speed>
<time>
2024-09-05T09:20:16Z</time>
</trkpt>
<trkpt lat = "24.59101554024049" lon = "118.25856560268967">
<ele>
32.382558109238744</ele>
<speed>
0.11867346441326838</speed>
<time>
2024-09-05T09:20:17Z</time>
</trkpt>
<trkpt lon = "118.25856512651578" lat = "24.591014651140494">
<ele>
32.32181075401604</ele>
<speed>
0.08726893597077293</speed>
<time>
2024-09-05T09:20:18Z</time>
</trkpt>
<trkpt lat = "24.59101261816189" lon = "118.25856550999657">
<ele>
32.354693941771984</ele>
<speed>
0.07248475411347818</speed>
<time>
2024-09-05T09:20:19Z</time>
</trkpt>
<trkpt lon = "118.25856431645688" lat = "24.591010801587128">
<ele>
32.162640136666596</ele>
<speed>
0.11910067154912078</speed>
<time>
2024-09-05T09:20:20Z</time>
</trkpt>
<trkpt lon = "118.25856531585694" lat = "24.59101250570793">
<ele>
31.992617427371442</ele>
<speed>
0.14538339538966524</speed>
<time>
2024-09-05T09:20:21Z</time>
</trkpt>
<trkpt lat = "24.59101678853534" lon = "118.25856885135636">
<ele>
31.99041862692684</ele>
<speed>
0.21762814497814192</speed>
<time>
2024-09-05T09:20:22Z</time>
</trkpt>
<trkpt lon = "118.25857397175004" lat = "24.591023776369187">
<ele>
31.91694377642125</ele>
<speed>
0.29561153961423126</speed>
<time>
2024-09-05T09:20:23Z</time>
</trkpt>
<trkpt lat = "24.591031500114074" lon = "118.25857956132772">
<ele>
31.90099844802171</ele>
<speed>
0.36743445981717304</speed>
<time>
2024-09-05T09:20:24Z</time>
</trkpt>
<trkpt lat = "24.591043498514573" lon = "118.25858862775002">
<ele>
31.8657456189394</ele>
<speed>
0.44738259347969384</speed>
<time>
2024-09-05T09:20:25Z</time>
</trkpt>
<trkpt lon = "118.25859706627173" lat = "24.591054616789208">
<ele>
31.826250758953393</ele>
<speed>
0.5187480357390178</speed>
<time>
2024-09-05T09:20:26Z</time>
</trkpt>
<trkpt lat = "24.591067491769763" lon = "118.25860539889848">
<ele>
31.79511123057455</ele>
<speed>
0.0</speed>
<time>
2024-09-05T09:20:27Z</time>
</trkpt>
<trkpt lon = "118.25860539889848" lat = "24.591067491769763">
<ele>
31.79511123057455</ele>
<speed>
0.0</speed>
<time>
2024-09-05T09:20:28Z</time>
</trkpt>
<trkpt lon = "118.25860539889848" lat = "24.591067491769763">
<ele>
31.79511123057455</ele>
<speed>
0.0</speed>
<time>
2024-09-05T09:20:29Z</time>
</trkpt>
<trkpt lon = "118.25860539889848" lat = "24.591067491769763">
<ele>
31.79511123057455</ele>
<speed>
0.0</speed>
<time>
2024-09-05T09:20:30Z</time>
</trkpt>
<trkpt lat = "24.591067491769763" lon = "118.25860539889848">
<ele>
31.79511123057455</ele>
<speed>
0.0</speed>
<time>
2024-09-05T09:20:31Z</time>
</trkpt>
<trkpt lat = "24.591004840623476" lon = "118.25854704905603">
<ele>
31.898490360938013</ele>
<speed>
0.0</speed>
<time>
2024-09-05T09:20:32Z</time>
</trkpt>
<trkpt lon = "118.25854813048433" lat = "24.591005977736142">
<ele>
31.881570522673428</ele>
<speed>
0.04530631547345905</speed>
<time>
2024-09-05T09:20:33Z</time>
</trkpt>
<trkpt lat = "24.591005115442606" lon = "118.25854892795701">
<ele>
31.869633989408612</ele>
<speed>
0.1308097758551077</speed>
<time>
2024-09-05T09:20:34Z</time>
</trkpt>
<trkpt lon = "118.25854936305916" lat = "24.59100310335462">
<ele>
31.867898982949555</ele>
<speed>
0.22936185145779062</speed>
<time>
2024-09-05T09:20:35Z</time>
</trkpt>
<trkpt lat = "24.590999612882076" lon = "118.25855000333817">
<ele>
31.833983664400876</ele>
<speed>
0.36444950503194873</speed>
<time>
2024-09-05T09:20:36Z</time>
</trkpt>
<trkpt lat = "24.59099559131341" lon = "118.25855045410302">
<ele>
31.823782606050372</ele>
<speed>
0.4648556017683356</speed>
<time>
2024-09-05T09:20:37Z</time>
</trkpt>
<trkpt lat = "24.590989732419068" lon = "118.25855062991994">
<ele>
31.842579932883382</ele>
<speed>
0.6484100749006849</speed>
<time>
2024-09-05T09:20:38Z</time>
</trkpt>
<trkpt lon = "118.25855143989475" lat = "24.59098158724625">
<ele>
31.785498871468008</ele>
<speed>
0.8485511071145847</speed>
<time>
2024-09-05T09:20:39Z</time>
</trkpt>
<trkpt lat = "24.590972845583998" lon = "118.25855296249065">
<ele>
31.702791376039386</ele>
<speed>
1.1390192779738255</speed>
<time>
2024-09-05T09:20:40Z</time>
</trkpt>
<trkpt lat = "24.590974954445322" lon = "118.25855126658519">
<ele>
31.61066404916346</ele>
<speed>
1.0061160785605707</speed>
<time>
2024-09-05T09:20:41Z</time>
</trkpt>
<trkpt lon = "118.25854605287051" lat = "24.590976764451174">
<ele>
31.576142882928252</ele>
<speed>
0.9111042247458006</speed>
<time>
2024-09-05T09:20:42Z</time>
</trkpt>
<trkpt lon = "118.25854339695438" lat = "24.590978118339454">
<ele>
31.520553748123348</ele>
<speed>
0.8300882314331249</speed>
<time>
2024-09-05T09:20:43Z</time>
</trkpt>
<trkpt lat = "24.590979002490606" lon = "118.25853801802646">
<ele>
31.47650887351483</ele>
<speed>
0.7582027434165889</speed>
<time>
2024-09-05T09:20:44Z</time>
</trkpt>
</trkseg>
</trk>
</gpx>
