dataset_key,window_index,start_row,end_row,label_purity
xmu_2,0,0,599,1.0
xmu_2,1,150,749,1.0
xmu_2,2,300,899,1.0
xmu_2,3,450,1049,1.0
xmu_2,4,600,1199,1.0
xmu_2,5,750,1349,1.0
xmu_2,6,900,1499,1.0
xmu_2,7,1050,1649,1.0
xmu_2,8,1200,1799,1.0
xmu_2,9,1350,1949,1.0
xmu_2,10,1500,2099,1.0
xmu_2,11,1650,2249,1.0
xmu_2,12,1800,2399,1.0
xmu_2,13,1950,2549,1.0
xmu_2,14,2100,2699,1.0
xmu_2,15,2250,2849,1.0
xmu_2,16,2400,2999,1.0
xmu_2,17,2550,3149,1.0
xmu_2,18,2700,3299,1.0
xmu_2,19,2850,3449,1.0
xmu_2,20,3000,3599,1.0
xmu_2,21,3150,3749,1.0
xmu_2,22,3300,3899,1.0
xmu_2,23,3450,4049,1.0
xmu_2,24,3600,4199,1.0
xmu_2,25,3750,4349,1.0
xmu_2,26,3900,4499,1.0
xmu_2,27,4050,4649,1.0
xmu_2,28,4200,4799,1.0
xmu_2,29,4350,4949,1.0
xmu_2,30,4500,5099,1.0
xmu_2,31,4650,5249,1.0
xmu_2,32,4800,5399,1.0
xmu_2,33,4950,5549,1.0
xmu_2,34,5100,5699,1.0
xmu_2,35,5250,5849,1.0
xmu_2,36,5400,5999,1.0
xmu_2,37,5550,6149,1.0
xmu_2,38,5700,6299,1.0
xmu_2,39,5850,6449,1.0
xmu_2,40,6000,6599,1.0
xmu_2,41,6150,6749,1.0
xmu_2,42,6300,6899,1.0
xmu_2,43,6450,7049,0.9516666531562805
xmu_2,47,7050,7649,1.0
xmu_2,48,7200,7799,1.0
xmu_2,49,7350,7949,1.0
xmu_2,50,7500,8099,1.0
xmu_2,51,7650,8249,1.0
xmu_2,52,7800,8399,1.0
xmu_2,53,7950,8549,1.0
xmu_2,54,8100,8699,1.0
xmu_2,55,8250,8849,1.0
xmu_2,56,8400,8999,1.0
xmu_2,57,8550,9149,1.0
xmu_2,58,8700,9299,1.0
xmu_2,59,8850,9449,1.0
xmu_2,60,9000,9599,1.0
xmu_2,61,9150,9749,1.0
xmu_2,62,9300,9899,1.0
xmu_2,63,9450,10049,1.0
xmu_2,64,9600,10199,1.0
xmu_2,65,9750,10349,1.0
xmu_2,66,9900,10499,1.0
xmu_2,67,10050,10649,1.0
xmu_2,68,10200,10799,1.0
xmu_2,69,10350,10949,1.0
xmu_2,70,10500,11099,1.0
xmu_2,71,10650,11249,1.0
xmu_2,72,10800,11399,1.0
xmu_2,73,10950,11549,1.0
xmu_2,74,11100,11699,1.0
xmu_2,75,11250,11849,1.0
xmu_2,76,11400,11999,1.0
xmu_2,77,11550,12149,1.0
xmu_2,78,11700,12299,1.0
xmu_2,79,11850,12449,1.0
xmu_2,80,12000,12599,1.0
xmu_2,81,12150,12749,1.0
xmu_2,82,12300,12899,1.0
xmu_2,83,12450,13049,1.0
xmu_2,84,12600,13199,1.0
xmu_2,85,12750,13349,1.0
xmu_2,86,12900,13499,1.0
xmu_2,87,13050,13649,1.0
xmu_2,88,13200,13799,1.0
xmu_2,89,13350,13949,1.0
xmu_2,90,13500,14099,1.0
xmu_2,91,13650,14249,1.0
xmu_2,92,13800,14399,1.0
xmu_2,93,13950,14549,1.0
xmu_2,94,14100,14699,1.0
xmu_2,95,14250,14849,1.0
xmu_2,96,14400,14999,1.0
xmu_2,97,14550,15149,1.0
xmu_2,98,14700,15299,1.0
xmu_2,99,14850,15449,1.0
xmu_2,100,15000,15599,1.0
xmu_2,101,15150,15749,1.0
xmu_2,102,15300,15899,1.0
xmu_2,103,15450,16049,1.0
xmu_2,104,15600,16199,1.0
xmu_2,105,15750,16349,1.0
xmu_2,106,15900,16499,1.0
xmu_2,107,16050,16649,1.0
xmu_2,108,16200,16799,1.0
xmu_2,109,16350,16949,1.0
xmu_2,110,16500,17099,1.0
xmu_2,111,16650,17249,1.0
xmu_2,112,16800,17399,1.0
xmu_2,113,16950,17549,1.0
xmu_2,114,17100,17699,1.0
xmu_2,115,17250,17849,1.0
xmu_2,116,17400,17999,1.0
xmu_2,117,17550,18149,1.0
xmu_2,118,17700,18299,1.0
xmu_2,119,17850,18449,1.0
xmu_2,120,18000,18599,1.0
xmu_2,121,18150,18749,1.0
xmu_2,122,18300,18899,1.0
xmu_2,123,18450,19049,1.0
xmu_2,124,18600,19199,1.0
xmu_2,125,18750,19349,1.0
xmu_2,126,18900,19499,1.0
xmu_2,127,19050,19649,1.0
xmu_2,128,19200,19799,1.0
xmu_2,129,19350,19949,1.0
xmu_2,130,19500,20099,1.0
xmu_2,131,19650,20249,1.0
xmu_2,132,19800,20399,1.0
xmu_2,133,19950,20549,1.0
xmu_2,134,20100,20699,1.0
xmu_2,135,20250,20849,1.0
xmu_2,136,20400,20999,1.0
xmu_2,137,20550,21149,1.0
xmu_2,138,20700,21299,1.0
xmu_2,139,20850,21449,1.0
xmu_2,140,21000,21599,1.0
xmu_2,141,21150,21749,1.0
xmu_2,142,21300,21899,1.0
xmu_2,143,21450,22049,1.0
xmu_2,144,21600,22199,1.0
xmu_2,145,21750,22349,1.0
xmu_2,146,21900,22499,1.0
xmu_2,147,22050,22649,1.0
xmu_2,148,22200,22799,1.0
xmu_2,149,22350,22949,1.0
xmu_2,150,22500,23099,1.0
xmu_2,151,22650,23249,1.0
xmu_2,152,22800,23399,1.0
xmu_2,153,22950,23549,1.0
xmu_2,154,23100,23699,1.0
xmu_2,155,23250,23849,1.0
xmu_2,156,23400,23999,1.0
xmu_2,157,23550,24149,1.0
xmu_2,158,23700,24299,1.0
xmu_2,159,23850,24449,1.0
xmu_2,160,24000,24599,1.0
xmu_2,161,24150,24749,1.0
xmu_2,162,24300,24899,1.0
xmu_2,163,24450,25049,1.0
xmu_2,164,24600,25199,1.0
xmu_2,165,24750,25349,1.0
xmu_2,166,24900,25499,1.0
xmu_2,167,25050,25649,1.0
xmu_2,168,25200,25799,1.0
xmu_2,169,25350,25949,1.0
xmu_2,170,25500,26099,1.0
xmu_2,171,25650,26249,1.0
xmu_2,172,25800,26399,1.0
xmu_2,173,25950,26549,1.0
xmu_2,174,26100,26699,1.0
xmu_2,175,26250,26849,1.0
xmu_2,176,26400,26999,1.0
xmu_2,177,26550,27149,1.0
xmu_2,178,26700,27299,1.0
xmu_2,179,26850,27449,1.0
xmu_2,180,27000,27599,1.0
xmu_2,181,27150,27749,1.0
xmu_2,182,27300,27899,1.0
xmu_2,183,27450,28049,1.0
xmu_2,184,27600,28199,1.0
xmu_2,185,27750,28349,1.0
xmu_2,186,27900,28499,1.0
xmu_2,187,28050,28649,1.0
xmu_2,188,28200,28799,1.0
xmu_2,189,28350,28949,1.0
xmu_2,190,28500,29099,1.0
xmu_2,191,28650,29249,1.0
xmu_2,192,28800,29399,1.0
xmu_2,193,28950,29549,1.0
xmu_2,194,29100,29699,1.0
xmu_2,195,29250,29849,1.0
xmu_2,196,29400,29999,1.0
xmu_2,197,29550,30149,1.0
xmu_2,198,29700,30299,1.0
xmu_2,199,29850,30449,1.0
xmu_2,200,30000,30599,1.0
xmu_2,201,30150,30749,1.0
xmu_2,202,30300,30899,1.0
xmu_2,203,30450,31049,1.0
xmu_2,204,30600,31199,1.0
xmu_2,205,30750,31349,1.0
xmu_2,206,30900,31499,1.0
xmu_2,207,31050,31649,1.0
xmu_2,208,31200,31799,1.0
xmu_2,209,31350,31949,1.0
xmu_2,210,31500,32099,1.0
xmu_2,211,31650,32249,1.0
xmu_2,212,31800,32399,1.0
xmu_2,213,31950,32549,1.0
xmu_2,214,32100,32699,1.0
xmu_2,215,32250,32849,1.0
xmu_2,216,32400,32999,1.0
xmu_2,217,32550,33149,1.0
xmu_2,218,32700,33299,1.0
xmu_2,219,32850,33449,1.0
xmu_2,220,33000,33599,1.0
xmu_2,221,33150,33749,1.0
xmu_2,222,33300,33899,1.0
xmu_2,223,33450,34049,1.0
xmu_2,224,33600,34199,1.0
xmu_2,225,33750,34349,1.0
xmu_2,226,33900,34499,1.0
xmu_2,227,34050,34649,1.0
xmu_2,228,34200,34799,1.0
xmu_2,229,34350,34949,1.0
xmu_2,230,34500,35099,1.0
xmu_2,231,34650,35249,1.0
xmu_2,232,34800,35399,1.0
xmu_2,233,34950,35549,1.0
xmu_2,234,35100,35699,1.0
xmu_2,235,35250,35849,1.0
xmu_2,236,35400,35999,1.0
xmu_2,237,35550,36149,1.0
xmu_2,238,35700,36299,1.0
xmu_2,239,35850,36449,1.0
xmu_2,240,36000,36599,1.0
xmu_2,241,36150,36749,1.0
xmu_2,242,36300,36899,1.0
xmu_2,243,36450,37049,1.0
xmu_2,244,36600,37199,1.0
xmu_2,245,36750,37349,1.0
xmu_2,246,36900,37499,1.0
xmu_2,247,37050,37649,1.0
xmu_2,248,37200,37799,1.0
xmu_2,249,37350,37949,1.0
xmu_2,250,37500,38099,1.0
xmu_2,251,37650,38249,1.0
xmu_2,252,37800,38399,1.0
xmu_2,253,37950,38549,1.0
xmu_2,254,38100,38699,1.0
xmu_2,255,38250,38849,1.0
xmu_2,256,38400,38999,1.0
xmu_2,257,38550,39149,1.0
xmu_2,258,38700,39299,1.0
xmu_2,259,38850,39449,1.0
xmu_2,260,39000,39599,1.0
xmu_2,261,39150,39749,1.0
xmu_2,262,39300,39899,1.0
xmu_2,263,39450,40049,1.0
xmu_2,264,39600,40199,1.0
xmu_2,265,39750,40349,1.0
xmu_2,266,39900,40499,1.0
xmu_2,267,40050,40649,1.0
xmu_2,268,40200,40799,1.0
xmu_2,269,40350,40949,1.0
xmu_2,270,40500,41099,1.0
xmu_2,271,40650,41249,1.0
xmu_2,272,40800,41399,1.0
xmu_2,273,40950,41549,1.0
xmu_2,274,41100,41699,1.0
xmu_2,275,41250,41849,1.0
xmu_2,276,41400,41999,1.0
xmu_2,277,41550,42149,1.0
xmu_2,278,41700,42299,1.0
xmu_2,279,41850,42449,1.0
xmu_2,280,42000,42599,1.0
xmu_2,281,42150,42749,1.0
xmu_2,282,42300,42899,1.0
xmu_2,283,42450,43049,1.0
xmu_2,284,42600,43199,1.0
xmu_2,285,42750,43349,1.0
xmu_2,286,42900,43499,1.0
xmu_2,287,43050,43649,1.0
xmu_2,288,43200,43799,1.0
xmu_2,289,43350,43949,1.0
xmu_2,290,43500,44099,1.0
xmu_2,291,43650,44249,1.0
xmu_2,292,43800,44399,1.0
xmu_2,293,43950,44549,1.0
xmu_2,294,44100,44699,1.0
xmu_2,295,44250,44849,1.0
xmu_2,296,44400,44999,1.0
xmu_2,297,44550,45149,1.0
xmu_2,298,44700,45299,1.0
xmu_2,299,44850,45449,1.0
xmu_2,300,45000,45599,1.0
xmu_2,301,45150,45749,1.0
xmu_2,302,45300,45899,1.0
xmu_2,303,45450,46049,1.0
xmu_2,304,45600,46199,1.0
xmu_2,305,45750,46349,1.0
xmu_2,306,45900,46499,1.0
xmu_2,307,46050,46649,1.0
xmu_2,308,46200,46799,1.0
xmu_2,309,46350,46949,1.0
xmu_2,310,46500,47099,1.0
xmu_2,311,46650,47249,1.0
xmu_2,312,46800,47399,1.0
xmu_2,313,46950,47549,1.0
xmu_2,314,47100,47699,1.0
xmu_2,315,47250,47849,1.0
xmu_2,316,47400,47999,1.0
xmu_2,317,47550,48149,1.0
xmu_2,318,47700,48299,1.0
xmu_2,319,47850,48449,1.0
xmu_2,320,48000,48599,1.0
xmu_2,321,48150,48749,1.0
xmu_2,322,48300,48899,1.0
xmu_2,323,48450,49049,1.0
xmu_2,324,48600,49199,1.0
xmu_2,325,48750,49349,1.0
xmu_2,326,48900,49499,1.0
xmu_2,327,49050,49649,1.0
xmu_2,328,49200,49799,1.0
xmu_2,329,49350,49949,1.0
xmu_2,330,49500,50099,1.0
xmu_2,331,49650,50249,1.0
xmu_2,332,49800,50399,1.0
xmu_2,333,49950,50549,1.0
xmu_2,334,50100,50699,1.0
xmu_2,335,50250,50849,1.0
xmu_2,336,50400,50999,1.0
xmu_2,337,50550,51149,1.0
xmu_2,338,50700,51299,1.0
xmu_2,339,50850,51449,1.0
xmu_2,340,51000,51599,1.0
xmu_2,344,51600,52199,0.9350000023841858
xmu_2,345,51750,52349,1.0
xmu_2,346,51900,52499,1.0
xmu_2,347,52050,52649,1.0
xmu_2,348,52200,52799,1.0
xmu_2,349,52350,52949,1.0
xmu_2,350,52500,53099,1.0
xmu_2,351,52650,53249,1.0
xmu_2,352,52800,53399,1.0
xmu_2,353,52950,53549,1.0
xmu_2,354,53100,53699,1.0
xmu_2,355,53250,53849,1.0
xmu_2,356,53400,53999,1.0
xmu_2,357,53550,54149,1.0
xmu_2,358,53700,54299,1.0
xmu_2,359,53850,54449,1.0
xmu_2,360,54000,54599,1.0
xmu_2,361,54150,54749,1.0
xmu_2,362,54300,54899,1.0
xmu_2,363,54450,55049,1.0
xmu_2,364,54600,55199,1.0
xmu_2,365,54750,55349,1.0
xmu_2,366,54900,55499,1.0
xmu_2,367,55050,55649,1.0
xmu_2,368,55200,55799,1.0
xmu_2,369,55350,55949,1.0
xmu_2,370,55500,56099,1.0
xmu_2,371,55650,56249,1.0
xmu_2,372,55800,56399,1.0
xmu_2,373,55950,56549,1.0
xmu_2,374,56100,56699,1.0
xmu_2,375,56250,56849,1.0
xmu_2,376,56400,56999,1.0
xmu_2,377,56550,57149,1.0
xmu_2,378,56700,57299,1.0
xmu_2,379,56850,57449,1.0
xmu_2,380,57000,57599,1.0
xmu_2,381,57150,57749,1.0
xmu_2,382,57300,57899,1.0
xmu_2,383,57450,58049,1.0
xmu_2,384,57600,58199,1.0
xmu_2,385,57750,58349,1.0
xmu_2,386,57900,58499,1.0
xmu_2,387,58050,58649,1.0
xmu_2,388,58200,58799,1.0
xmu_2,389,58350,58949,1.0
xmu_2,390,58500,59099,1.0
xmu_2,391,58650,59249,1.0
xmu_2,392,58800,59399,1.0
xmu_2,393,58950,59549,1.0
xmu_2,394,59100,59699,1.0
xmu_2,395,59250,59849,1.0
xmu_2,396,59400,59999,1.0
xmu_2,397,59550,60149,1.0
xmu_2,398,59700,60299,1.0
xmu_2,399,59850,60449,1.0
xmu_2,400,60000,60599,1.0
xmu_2,401,60150,60749,1.0
xmu_2,402,60300,60899,1.0
xmu_2,403,60450,61049,1.0
xmu_2,404,60600,61199,1.0
xmu_2,405,60750,61349,1.0
xmu_2,406,60900,61499,1.0
xmu_2,407,61050,61649,1.0
xmu_2,408,61200,61799,1.0
xmu_2,409,61350,61949,1.0
xmu_2,410,61500,62099,1.0
xmu_2,411,61650,62249,1.0
xmu_2,412,61800,62399,1.0
xmu_2,413,61950,62549,1.0
xmu_2,414,62100,62699,1.0
xmu_2,415,62250,62849,1.0
xmu_2,416,62400,62999,1.0
xmu_2,417,62550,63149,1.0
xmu_2,418,62700,63299,1.0
xmu_2,419,62850,63449,1.0
xmu_2,420,63000,63599,1.0
xmu_2,421,63150,63749,1.0
xmu_2,422,63300,63899,1.0
xmu_2,423,63450,64049,1.0
xmu_2,424,63600,64199,1.0
xmu_2,425,63750,64349,1.0
xmu_2,426,63900,64499,1.0
xmu_2,427,64050,64649,1.0
xmu_2,428,64200,64799,1.0
xmu_2,429,64350,64949,1.0
xmu_2,430,64500,65099,1.0
xmu_2,431,64650,65249,1.0
xmu_2,432,64800,65399,1.0
xmu_2,433,64950,65549,1.0
xmu_2,434,65100,65699,1.0
xmu_2,435,65250,65849,1.0
xmu_2,436,65400,65999,1.0
xmu_2,437,65550,66149,1.0
xmu_2,438,65700,66299,1.0
xmu_2,439,65850,66449,1.0
xmu_2,440,66000,66599,1.0
xmu_2,441,66150,66749,1.0
xmu_2,442,66300,66899,1.0
xmu_2,443,66450,67049,1.0
xmu_2,444,66600,67199,1.0
xmu_2,445,66750,67349,1.0
xmu_2,446,66900,67499,1.0
xmu_2,447,67050,67649,1.0
xmu_2,448,67200,67799,1.0
xmu_2,449,67350,67949,1.0
xmu_2,450,67500,68099,1.0
xmu_2,451,67650,68249,1.0
xmu_2,452,67800,68399,1.0
xmu_2,453,67950,68549,1.0
xmu_2,454,68100,68699,1.0
xmu_2,455,68250,68849,1.0
xmu_2,456,68400,68999,1.0
xmu_2,457,68550,69149,1.0
xmu_2,458,68700,69299,1.0
xmu_2,459,68850,69449,1.0
xmu_2,460,69000,69599,1.0
xmu_2,461,69150,69749,1.0
xmu_2,462,69300,69899,1.0
xmu_2,463,69450,70049,1.0
xmu_2,464,69600,70199,1.0
xmu_2,465,69750,70349,1.0
xmu_2,466,69900,70499,1.0
xmu_2,467,70050,70649,1.0
xmu_2,468,70200,70799,1.0
xmu_2,469,70350,70949,1.0
xmu_2,470,70500,71099,1.0
xmu_2,471,70650,71249,1.0
xmu_2,472,70800,71399,1.0
xmu_2,473,70950,71549,1.0
xmu_2,474,71100,71699,1.0
xmu_2,475,71250,71849,1.0
xmu_2,476,71400,71999,1.0
xmu_2,477,71550,72149,1.0
xmu_2,478,71700,72299,1.0
xmu_2,479,71850,72449,1.0
xmu_2,480,72000,72599,1.0
xmu_2,481,72150,72749,1.0
xmu_2,482,72300,72899,1.0
xmu_2,483,72450,73049,1.0
xmu_2,484,72600,73199,1.0
xmu_2,485,72750,73349,1.0
xmu_2,486,72900,73499,1.0
xmu_2,487,73050,73649,1.0
xmu_2,488,73200,73799,1.0
xmu_2,489,73350,73949,1.0
xmu_2,490,73500,74099,1.0
xmu_2,491,73650,74249,1.0
xmu_2,492,73800,74399,1.0
xmu_2,493,73950,74549,1.0
xmu_2,494,74100,74699,1.0
xmu_2,495,74250,74849,1.0
xmu_2,496,74400,74999,1.0
xmu_2,497,74550,75149,1.0
xmu_2,498,74700,75299,1.0
xmu_2,499,74850,75449,1.0
xmu_2,500,75000,75599,1.0
xmu_2,501,75150,75749,1.0
xmu_2,502,75300,75899,1.0
xmu_2,503,75450,76049,1.0
xmu_2,504,75600,76199,1.0
xmu_2,505,75750,76349,1.0
xmu_2,506,75900,76499,1.0
xmu_2,507,76050,76649,1.0
xmu_2,508,76200,76799,1.0
xmu_2,509,76350,76949,1.0
xmu_2,510,76500,77099,1.0
xmu_2,511,76650,77249,1.0
xmu_2,512,76800,77399,1.0
xmu_2,513,76950,77549,1.0
xmu_2,514,77100,77699,1.0
xmu_2,515,77250,77849,1.0
xmu_2,516,77400,77999,1.0
xmu_2,517,77550,78149,1.0
xmu_2,521,78150,78749,0.9933333396911621
xmu_2,522,78300,78899,1.0
xmu_2,523,78450,79049,1.0
xmu_2,524,78600,79199,1.0
xmu_2,525,78750,79349,1.0
xmu_2,526,78900,79499,1.0
xmu_2,527,79050,79649,1.0
xmu_2,528,79200,79799,1.0
xmu_2,529,79350,79949,1.0
xmu_2,530,79500,80099,1.0
xmu_2,531,79650,80249,1.0
xmu_2,532,79800,80399,1.0
xmu_2,533,79950,80549,1.0
xmu_2,534,80100,80699,1.0
xmu_2,535,80250,80849,1.0
xmu_2,536,80400,80999,1.0
xmu_2,537,80550,81149,1.0
xmu_2,538,80700,81299,1.0
xmu_2,539,80850,81449,1.0
xmu_2,540,81000,81599,1.0
xmu_2,541,81150,81749,1.0
xmu_2,542,81300,81899,1.0
xmu_2,543,81450,82049,1.0
xmu_2,544,81600,82199,1.0
xmu_2,545,81750,82349,1.0
xmu_2,546,81900,82499,1.0
xmu_2,547,82050,82649,1.0
xmu_2,548,82200,82799,1.0
xmu_2,549,82350,82949,1.0
xmu_2,550,82500,83099,1.0
xmu_2,551,82650,83249,1.0
xmu_2,552,82800,83399,1.0
xmu_2,553,82950,83549,1.0
xmu_2,554,83100,83699,1.0
xmu_2,555,83250,83849,1.0
xmu_2,556,83400,83999,1.0
xmu_2,557,83550,84149,1.0
xmu_2,558,83700,84299,1.0
xmu_2,559,83850,84449,1.0
xmu_2,560,84000,84599,1.0
xmu_2,561,84150,84749,1.0
xmu_2,562,84300,84899,1.0
xmu_2,563,84450,85049,1.0
xmu_2,564,84600,85199,1.0
xmu_2,565,84750,85349,1.0
xmu_2,566,84900,85499,1.0
xmu_2,567,85050,85649,1.0
xmu_2,568,85200,85799,1.0
xmu_2,569,85350,85949,1.0
xmu_2,570,85500,86099,1.0
xmu_2,571,85650,86249,1.0
xmu_2,572,85800,86399,1.0
xmu_2,573,85950,86549,1.0
xmu_2,574,86100,86699,1.0
xmu_2,575,86250,86849,1.0
xmu_2,576,86400,86999,1.0
xmu_2,577,86550,87149,1.0
xmu_2,578,86700,87299,1.0
xmu_2,579,86850,87449,1.0
xmu_2,580,87000,87599,1.0
xmu_2,581,87150,87749,1.0
xmu_2,582,87300,87899,1.0
xmu_2,583,87450,88049,1.0
xmu_2,584,87600,88199,1.0
xmu_2,585,87750,88349,1.0
xmu_2,586,87900,88499,1.0
xmu_2,587,88050,88649,1.0
xmu_2,588,88200,88799,1.0
xmu_2,589,88350,88949,1.0
xmu_2,590,88500,89099,1.0
xmu_2,591,88650,89249,1.0
xmu_2,592,88800,89399,1.0
xmu_2,593,88950,89549,1.0
xmu_2,594,89100,89699,1.0
xmu_2,595,89250,89849,1.0
xmu_2,596,89400,89999,1.0
xmu_2,597,89550,90149,1.0
xmu_2,598,89700,90299,1.0
xmu_2,599,89850,90449,1.0
xmu_2,600,90000,90599,1.0
xmu_2,601,90150,90749,1.0
xmu_2,602,90300,90899,1.0
xmu_2,603,90450,91049,1.0
xmu_2,604,90600,91199,1.0
xmu_2,605,90750,91349,1.0
xmu_2,606,90900,91499,1.0
xmu_2,607,91050,91649,1.0
xmu_2,608,91200,91799,1.0
xmu_2,609,91350,91949,1.0
xmu_2,610,91500,92099,1.0
xmu_2,611,91650,92249,1.0
xmu_2,612,91800,92399,1.0
xmu_2,613,91950,92549,1.0
xmu_2,614,92100,92699,1.0
xmu_2,615,92250,92849,1.0
xmu_2,616,92400,92999,1.0
xmu_2,617,92550,93149,1.0
xmu_2,618,92700,93299,1.0
xmu_2,619,92850,93449,1.0
xmu_2,620,93000,93599,1.0
xmu_2,621,93150,93749,1.0
xmu_2,622,93300,93899,1.0
xmu_2,623,93450,94049,1.0
xmu_2,624,93600,94199,1.0
xmu_2,625,93750,94349,1.0
xmu_2,626,93900,94499,1.0
xmu_2,627,94050,94649,1.0
xmu_2,628,94200,94799,1.0
xmu_2,629,94350,94949,1.0
xmu_2,630,94500,95099,1.0
xmu_2,631,94650,95249,1.0
xmu_2,632,94800,95399,1.0
xmu_2,633,94950,95549,1.0
xmu_2,634,95100,95699,1.0
xmu_2,635,95250,95849,1.0
xmu_2,636,95400,95999,1.0
xmu_2,637,95550,96149,1.0
xmu_2,638,95700,96299,1.0
xmu_2,639,95850,96449,1.0
xmu_2,640,96000,96599,1.0
xmu_2,641,96150,96749,1.0
xmu_2,642,96300,96899,1.0
xmu_2,643,96450,97049,1.0
xmu_2,644,96600,97199,1.0
xmu_2,645,96750,97349,1.0
xmu_2,646,96900,97499,1.0
xmu_2,647,97050,97649,1.0
xmu_2,648,97200,97799,1.0
xmu_2,649,97350,97949,1.0
xmu_2,650,97500,98099,1.0
xmu_2,651,97650,98249,1.0
xmu_2,652,97800,98399,1.0
xmu_2,653,97950,98549,1.0
xmu_2,654,98100,98699,1.0
xmu_2,655,98250,98849,1.0
xmu_2,659,98850,99449,0.9333333373069763
xmu_2,660,99000,99599,1.0
xmu_2,661,99150,99749,1.0
xmu_2,662,99300,99899,1.0
xmu_2,663,99450,100049,1.0
xmu_2,664,99600,100199,1.0
xmu_2,665,99750,100349,1.0
xmu_2,666,99900,100499,1.0
xmu_2,667,100050,100649,1.0
xmu_2,668,100200,100799,1.0
xmu_2,669,100350,100949,1.0
xmu_2,670,100500,101099,1.0
xmu_2,671,100650,101249,1.0
xmu_2,672,100800,101399,1.0
xmu_2,673,100950,101549,1.0
xmu_2,674,101100,101699,1.0
xmu_2,675,101250,101849,1.0
xmu_2,676,101400,101999,1.0
xmu_2,677,101550,102149,1.0
xmu_2,678,101700,102299,1.0
xmu_2,679,101850,102449,1.0
xmu_2,680,102000,102599,1.0
xmu_2,681,102150,102749,1.0
xmu_2,682,102300,102899,1.0
xmu_2,683,102450,103049,1.0
xmu_2,684,102600,103199,1.0
xmu_2,685,102750,103349,1.0
xmu_2,686,102900,103499,1.0
xmu_2,687,103050,103649,1.0
xmu_2,688,103200,103799,1.0
xmu_2,689,103350,103949,1.0
xmu_2,690,103500,104099,1.0
xmu_2,691,103650,104249,1.0
xmu_2,692,103800,104399,1.0
xmu_2,693,103950,104549,1.0
xmu_2,694,104100,104699,1.0
xmu_2,695,104250,104849,1.0
xmu_2,696,104400,104999,1.0
xmu_2,697,104550,105149,1.0
xmu_2,698,104700,105299,1.0
xmu_2,699,104850,105449,1.0
xmu_2,700,105000,105599,1.0
xmu_2,701,105150,105749,1.0
xmu_2,702,105300,105899,1.0
xmu_2,703,105450,106049,1.0
xmu_2,704,105600,106199,1.0
xmu_2,705,105750,106349,1.0
xmu_2,706,105900,106499,1.0
xmu_2,707,106050,106649,1.0
xmu_2,708,106200,106799,1.0
xmu_2,709,106350,106949,1.0
xmu_2,710,106500,107099,1.0
xmu_2,711,106650,107249,1.0
xmu_2,712,106800,107399,1.0
xmu_2,713,106950,107549,1.0
xmu_2,714,107100,107699,1.0
xmu_2,715,107250,107849,1.0
xmu_2,716,107400,107999,1.0
xmu_2,717,107550,108149,1.0
xmu_2,718,107700,108299,1.0
xmu_2,719,107850,108449,1.0
xmu_2,720,108000,108599,1.0
xmu_2,721,108150,108749,1.0
xmu_2,722,108300,108899,1.0
xmu_2,723,108450,109049,1.0
xmu_2,724,108600,109199,1.0
xmu_2,725,108750,109349,1.0
xmu_2,726,108900,109499,1.0
xmu_2,727,109050,109649,1.0
xmu_2,728,109200,109799,1.0
xmu_2,729,109350,109949,1.0
xmu_2,730,109500,110099,1.0
xmu_2,731,109650,110249,1.0
xmu_2,732,109800,110399,1.0
xmu_2,733,109950,110549,1.0
xmu_2,734,110100,110699,1.0
xmu_2,735,110250,110849,1.0
xmu_2,736,110400,110999,1.0
xmu_2,737,110550,111149,1.0
xmu_2,738,110700,111299,1.0
xmu_2,739,110850,111449,1.0
xmu_2,740,111000,111599,1.0
xmu_2,741,111150,111749,1.0
xmu_2,742,111300,111899,1.0
xmu_2,743,111450,112049,1.0
xmu_2,744,111600,112199,1.0
xmu_2,745,111750,112349,1.0
xmu_2,746,111900,112499,1.0
xmu_2,747,112050,112649,1.0
xmu_2,748,112200,112799,1.0
xmu_2,749,112350,112949,1.0
xmu_2,750,112500,113099,1.0
xmu_2,751,112650,113249,1.0
xmu_2,752,112800,113399,1.0
xmu_2,753,112950,113549,1.0
xmu_2,754,113100,113699,1.0
xmu_2,755,113250,113849,1.0
xmu_2,756,113400,113999,1.0
xmu_2,757,113550,114149,1.0
xmu_2,758,113700,114299,1.0
xmu_2,759,113850,114449,1.0
xmu_2,760,114000,114599,1.0
xmu_2,761,114150,114749,1.0
xmu_2,762,114300,114899,1.0
xmu_2,763,114450,115049,1.0
xmu_2,764,114600,115199,1.0
xmu_2,765,114750,115349,1.0
xmu_2,766,114900,115499,1.0
xmu_2,767,115050,115649,1.0
xmu_2,768,115200,115799,1.0
xmu_2,769,115350,115949,1.0
xmu_2,770,115500,116099,1.0
xmu_2,771,115650,116249,1.0
xmu_2,772,115800,116399,1.0
xmu_2,773,115950,116549,1.0
xmu_2,774,116100,116699,1.0
xmu_2,775,116250,116849,1.0
xmu_2,776,116400,116999,1.0
xmu_2,777,116550,117149,1.0
xmu_2,778,116700,117299,1.0
xmu_2,779,116850,117449,1.0
xmu_2,780,117000,117599,1.0
xmu_2,781,117150,117749,1.0
xmu_2,782,117300,117899,1.0
xmu_2,783,117450,118049,1.0
xmu_2,784,117600,118199,1.0
xmu_2,785,117750,118349,1.0
xmu_2,786,117900,118499,1.0
xmu_2,787,118050,118649,1.0
xmu_2,788,118200,118799,1.0
xmu_2,789,118350,118949,1.0
xmu_2,790,118500,119099,1.0
xmu_2,791,118650,119249,1.0
xmu_2,792,118800,119399,1.0
xmu_2,793,118950,119549,1.0
xmu_2,794,119100,119699,1.0
xmu_2,795,119250,119849,1.0
xmu_2,796,119400,119999,1.0
xmu_2,797,119550,120149,1.0
xmu_2,798,119700,120299,1.0
xmu_2,799,119850,120449,1.0
xmu_2,800,120000,120599,1.0
xmu_2,801,120150,120749,1.0
xmu_2,802,120300,120899,1.0
xmu_2,803,120450,121049,1.0
xmu_2,804,120600,121199,1.0
xmu_2,805,120750,121349,1.0
xmu_2,806,120900,121499,1.0
xmu_2,807,121050,121649,1.0
xmu_2,808,121200,121799,1.0
xmu_2,809,121350,121949,1.0
xmu_2,810,121500,122099,1.0
xmu_2,811,121650,122249,1.0
xmu_2,812,121800,122399,1.0
xmu_2,813,121950,122549,1.0
xmu_2,814,122100,122699,1.0
xmu_2,815,122250,122849,1.0
xmu_2,816,122400,122999,1.0
xmu_2,817,122550,123149,1.0
xmu_2,818,122700,123299,1.0
xmu_2,819,122850,123449,1.0
xmu_2,820,123000,123599,1.0
xmu_2,821,123150,123749,1.0
xmu_2,822,123300,123899,1.0
xmu_2,823,123450,124049,1.0
xmu_2,824,123600,124199,1.0
xmu_2,825,123750,124349,1.0
xmu_2,826,123900,124499,1.0
xmu_2,827,124050,124649,1.0
xmu_2,831,124650,125249,0.9399999976158142
xmu_2,832,124800,125399,1.0
xmu_2,833,124950,125549,1.0
xmu_2,834,125100,125699,1.0
xmu_2,835,125250,125849,1.0
xmu_2,836,125400,125999,1.0
xmu_2,837,125550,126149,1.0
xmu_2,838,125700,126299,1.0
xmu_2,839,125850,126449,1.0
xmu_2,840,126000,126599,1.0
xmu_2,841,126150,126749,1.0
xmu_2,842,126300,126899,1.0
xmu_2,843,126450,127049,1.0
xmu_2,844,126600,127199,1.0
xmu_2,845,126750,127349,1.0
xmu_2,846,126900,127499,1.0
xmu_2,847,127050,127649,1.0
xmu_2,848,127200,127799,1.0
xmu_2,849,127350,127949,1.0
xmu_2,850,127500,128099,1.0
xmu_2,851,127650,128249,1.0
xmu_2,852,127800,128399,1.0
xmu_2,853,127950,128549,1.0
xmu_2,854,128100,128699,1.0
xmu_2,855,128250,128849,1.0
xmu_2,856,128400,128999,1.0
xmu_2,857,128550,129149,1.0
xmu_2,858,128700,129299,1.0
xmu_2,859,128850,129449,1.0
xmu_2,860,129000,129599,1.0
xmu_2,861,129150,129749,1.0
xmu_2,862,129300,129899,1.0
xmu_2,863,129450,130049,1.0
xmu_2,864,129600,130199,1.0
xmu_2,865,129750,130349,1.0
xmu_2,866,129900,130499,1.0
xmu_2,867,130050,130649,1.0
xmu_2,868,130200,130799,1.0
xmu_2,869,130350,130949,1.0
xmu_2,870,130500,131099,1.0
xmu_2,871,130650,131249,1.0
xmu_2,872,130800,131399,1.0
xmu_2,873,130950,131549,1.0
xmu_2,874,131100,131699,1.0
xmu_2,875,131250,131849,1.0
xmu_2,876,131400,131999,1.0
xmu_2,877,131550,132149,1.0
xmu_2,878,131700,132299,1.0
xmu_2,879,131850,132449,1.0
xmu_2,880,132000,132599,1.0
xmu_2,881,132150,132749,1.0
xmu_2,882,132300,132899,1.0
xmu_2,883,132450,133049,1.0
xmu_2,884,132600,133199,1.0
xmu_2,885,132750,133349,1.0
xmu_2,886,132900,133499,1.0
xmu_2,887,133050,133649,1.0
xmu_2,888,133200,133799,1.0
xmu_2,889,133350,133949,1.0
xmu_2,890,133500,134099,1.0
xmu_2,891,133650,134249,1.0
xmu_2,892,133800,134399,1.0
xmu_2,893,133950,134549,1.0
xmu_2,894,134100,134699,1.0
xmu_2,895,134250,134849,1.0
xmu_2,896,134400,134999,1.0
xmu_2,897,134550,135149,1.0
xmu_2,898,134700,135299,1.0
xmu_2,899,134850,135449,1.0
xmu_2,900,135000,135599,1.0
xmu_2,901,135150,135749,1.0
xmu_2,902,135300,135899,1.0
xmu_2,903,135450,136049,1.0
xmu_2,904,135600,136199,1.0
xmu_2,905,135750,136349,1.0
xmu_2,906,135900,136499,1.0
xmu_2,907,136050,136649,1.0
xmu_2,908,136200,136799,1.0
xmu_2,909,136350,136949,1.0
xmu_2,910,136500,137099,1.0
xmu_2,911,136650,137249,1.0
xmu_2,912,136800,137399,1.0
xmu_2,913,136950,137549,1.0
xmu_2,914,137100,137699,1.0
xmu_2,915,137250,137849,1.0
xmu_2,916,137400,137999,1.0
xmu_2,917,137550,138149,1.0
xmu_2,918,137700,138299,1.0
xmu_2,919,137850,138449,1.0
xmu_2,920,138000,138599,1.0
xmu_2,921,138150,138749,1.0
xmu_2,922,138300,138899,1.0
xmu_2,923,138450,139049,1.0
xmu_2,924,138600,139199,1.0
xmu_2,925,138750,139349,1.0
xmu_2,926,138900,139499,1.0
xmu_2,927,139050,139649,1.0
xmu_2,928,139200,139799,1.0
xmu_2,929,139350,139949,1.0
xmu_2,930,139500,140099,1.0
xmu_2,931,139650,140249,1.0
xmu_2,932,139800,140399,1.0
xmu_2,933,139950,140549,1.0
xmu_2,934,140100,140699,1.0
xmu_2,935,140250,140849,1.0
xmu_2,936,140400,140999,1.0
xmu_2,937,140550,141149,1.0
xmu_2,938,140700,141299,1.0
xmu_2,939,140850,141449,1.0
xmu_2,940,141000,141599,1.0
xmu_2,941,141150,141749,1.0
xmu_2,942,141300,141899,1.0
xmu_2,943,141450,142049,1.0
xmu_2,944,141600,142199,1.0
xmu_2,945,141750,142349,1.0
xmu_2,946,141900,142499,1.0
xmu_2,947,142050,142649,1.0
xmu_2,948,142200,142799,1.0
xmu_2,949,142350,142949,1.0
xmu_2,950,142500,143099,1.0
xmu_2,951,142650,143249,1.0
xmu_2,952,142800,143399,1.0
xmu_2,953,142950,143549,1.0
xmu_2,954,143100,143699,1.0
xmu_2,955,143250,143849,1.0
xmu_2,956,143400,143999,1.0
xmu_2,957,143550,144149,1.0
xmu_2,958,143700,144299,1.0
xmu_2,959,143850,144449,1.0
xmu_2,960,144000,144599,1.0
xmu_2,961,144150,144749,1.0
xmu_2,962,144300,144899,1.0
xmu_2,963,144450,145049,1.0
xmu_2,964,144600,145199,1.0
xmu_2,965,144750,145349,1.0
xmu_2,966,144900,145499,1.0
xmu_2,967,145050,145649,1.0
xmu_2,968,145200,145799,1.0
xmu_2,969,145350,145949,1.0
xmu_2,970,145500,146099,1.0
xmu_2,971,145650,146249,1.0
xmu_2,972,145800,146399,1.0
xmu_2,973,145950,146549,1.0
xmu_2,974,146100,146699,1.0
xmu_2,975,146250,146849,1.0
xmu_2,976,146400,146999,1.0
xmu_2,977,146550,147149,1.0
xmu_2,978,146700,147299,1.0
xmu_2,979,146850,147449,1.0
xmu_2,980,147000,147599,1.0
xmu_2,981,147150,147749,1.0
xmu_2,982,147300,147899,1.0
xmu_2,983,147450,148049,1.0
xmu_2,984,147600,148199,1.0
xmu_2,985,147750,148349,1.0
xmu_2,986,147900,148499,1.0
xmu_2,987,148050,148649,1.0
xmu_2,988,148200,148799,1.0
xmu_2,989,148350,148949,1.0
xmu_2,990,148500,149099,1.0
xmu_2,991,148650,149249,1.0
xmu_2,992,148800,149399,1.0
xmu_2,993,148950,149549,1.0
xmu_2,994,149100,149699,1.0
xmu_2,995,149250,149849,1.0
xmu_2,996,149400,149999,1.0
xmu_2,997,149550,150149,1.0
xmu_2,998,149700,150299,1.0
xmu_2,999,149850,150449,1.0
xmu_2,1000,150000,150599,1.0
xmu_2,1001,150150,150749,1.0
xmu_2,1002,150300,150899,1.0
xmu_2,1003,150450,151049,1.0
xmu_2,1004,150600,151199,1.0
xmu_2,1005,150750,151349,1.0
xmu_2,1006,150900,151499,1.0
xmu_2,1007,151050,151649,1.0
xmu_2,1008,151200,151799,1.0
xmu_2,1009,151350,151949,1.0
xmu_2,1010,151500,152099,1.0
xmu_2,1011,151650,152249,1.0
xmu_2,1012,151800,152399,1.0
xmu_2,1013,151950,152549,1.0
xmu_2,1014,152100,152699,1.0
xmu_2,1015,152250,152849,1.0
xmu_2,1016,152400,152999,1.0
xmu_2,1017,152550,153149,1.0
xmu_2,1018,152700,153299,1.0
xmu_2,1019,152850,153449,1.0
xmu_2,1020,153000,153599,1.0
xmu_2,1021,153150,153749,1.0
xmu_2,1022,153300,153899,1.0
xmu_2,1023,153450,154049,1.0
xmu_2,1024,153600,154199,1.0
xmu_2,1025,153750,154349,1.0
xmu_2,1026,153900,154499,1.0
xmu_2,1027,154050,154649,1.0
xmu_2,1028,154200,154799,1.0
xmu_2,1029,154350,154949,1.0
xmu_2,1030,154500,155099,1.0
xmu_2,1031,154650,155249,1.0
xmu_2,1032,154800,155399,1.0
xmu_2,1033,154950,155549,1.0
xmu_2,1034,155100,155699,1.0
xmu_2,1035,155250,155849,1.0
xmu_2,1036,155400,155999,1.0
xmu_2,1037,155550,156149,1.0
xmu_2,1038,155700,156299,1.0
xmu_2,1039,155850,156449,1.0
xmu_2,1040,156000,156599,1.0
xmu_2,1041,156150,156749,1.0
xmu_2,1042,156300,156899,1.0
xmu_2,1043,156450,157049,1.0
xmu_2,1044,156600,157199,1.0
xmu_2,1045,156750,157349,1.0
xmu_2,1046,156900,157499,1.0
xmu_2,1047,157050,157649,1.0
xmu_2,1048,157200,157799,1.0
xmu_2,1049,157350,157949,1.0
xmu_2,1050,157500,158099,1.0
xmu_2,1051,157650,158249,1.0
xmu_2,1052,157800,158399,1.0
xmu_2,1053,157950,158549,1.0
xmu_2,1054,158100,158699,1.0
xmu_2,1055,158250,158849,1.0
xmu_2,1056,158400,158999,1.0
xmu_2,1057,158550,159149,1.0
xmu_2,1058,158700,159299,1.0
xmu_2,1059,158850,159449,1.0
xmu_2,1060,159000,159599,1.0
xmu_2,1061,159150,159749,1.0
xmu_2,1062,159300,159899,1.0
xmu_2,1063,159450,160049,1.0
xmu_2,1064,159600,160199,1.0
xmu_2,1065,159750,160349,1.0
xmu_2,1066,159900,160499,1.0
xmu_2,1067,160050,160649,1.0
xmu_2,1068,160200,160799,1.0
xmu_2,1069,160350,160949,1.0
xmu_2,1070,160500,161099,1.0
xmu_2,1071,160650,161249,1.0
xmu_2,1072,160800,161399,1.0
xmu_2,1073,160950,161549,1.0
xmu_2,1074,161100,161699,1.0
xmu_2,1075,161250,161849,1.0
xmu_2,1076,161400,161999,1.0
xmu_2,1077,161550,162149,1.0
xmu_2,1078,161700,162299,1.0
xmu_2,1079,161850,162449,1.0
xmu_2,1080,162000,162599,1.0
xmu_2,1081,162150,162749,1.0
xmu_2,1082,162300,162899,1.0
xmu_2,1083,162450,163049,1.0
xmu_2,1084,162600,163199,1.0
xmu_2,1085,162750,163349,1.0
xmu_2,1086,162900,163499,1.0
xmu_2,1087,163050,163649,1.0
xmu_2,1088,163200,163799,1.0
xmu_2,1089,163350,163949,1.0
xmu_2,1090,163500,164099,1.0
xmu_2,1091,163650,164249,1.0
xmu_2,1092,163800,164399,1.0
xmu_2,1093,163950,164549,1.0
xmu_2,1094,164100,164699,1.0
xmu_2,1095,164250,164849,1.0
xmu_2,1096,164400,164999,1.0
xmu_2,1097,164550,165149,1.0
xmu_2,1098,164700,165299,1.0
xmu_2,1099,164850,165449,1.0
xmu_2,1100,165000,165599,1.0
xmu_2,1101,165150,165749,1.0
xmu_2,1102,165300,165899,1.0
xmu_2,1103,165450,166049,1.0
xmu_2,1104,165600,166199,1.0
xmu_2,1105,165750,166349,1.0
xmu_2,1106,165900,166499,1.0
xmu_2,1107,166050,166649,1.0
xmu_2,1108,166200,166799,1.0
xmu_2,1109,166350,166949,1.0
xmu_2,1110,166500,167099,1.0
xmu_2,1111,166650,167249,1.0
xmu_2,1112,166800,167399,1.0
xmu_2,1113,166950,167549,1.0
xmu_2,1114,167100,167699,1.0
xmu_2,1115,167250,167849,1.0
xmu_2,1116,167400,167999,1.0
xmu_2,1117,167550,168149,1.0
xmu_2,1118,167700,168299,1.0
xmu_2,1119,167850,168449,1.0
xmu_2,1120,168000,168599,1.0
xmu_2,1121,168150,168749,1.0
xmu_2,1122,168300,168899,1.0
xmu_2,1126,168900,169499,0.9733333587646484
xmu_2,1127,169050,169649,1.0
xmu_2,1128,169200,169799,1.0
xmu_2,1129,169350,169949,1.0
xmu_2,1130,169500,170099,1.0
xmu_2,1131,169650,170249,1.0
xmu_2,1132,169800,170399,1.0
xmu_2,1133,169950,170549,1.0
xmu_2,1134,170100,170699,1.0
xmu_2,1135,170250,170849,1.0
xmu_2,1136,170400,170999,1.0
xmu_2,1137,170550,171149,1.0
xmu_2,1138,170700,171299,1.0
xmu_2,1139,170850,171449,1.0
xmu_2,1140,171000,171599,1.0
xmu_2,1141,171150,171749,1.0
xmu_2,1142,171300,171899,1.0
xmu_2,1143,171450,172049,1.0
xmu_2,1144,171600,172199,1.0
xmu_2,1145,171750,172349,1.0
xmu_2,1146,171900,172499,1.0
xmu_2,1147,172050,172649,1.0
xmu_2,1148,172200,172799,1.0
xmu_2,1149,172350,172949,1.0
xmu_2,1150,172500,173099,1.0
xmu_2,1151,172650,173249,1.0
xmu_2,1152,172800,173399,1.0
xmu_2,1153,172950,173549,1.0
xmu_2,1154,173100,173699,1.0
xmu_2,1155,173250,173849,1.0
xmu_2,1156,173400,173999,1.0
xmu_2,1157,173550,174149,1.0
xmu_2,1158,173700,174299,1.0
xmu_2,1159,173850,174449,1.0
xmu_2,1160,174000,174599,1.0
xmu_2,1161,174150,174749,1.0
xmu_2,1162,174300,174899,1.0
xmu_2,1163,174450,175049,1.0
xmu_2,1164,174600,175199,1.0
xmu_2,1165,174750,175349,1.0
xmu_2,1166,174900,175499,1.0
xmu_2,1167,175050,175649,1.0
xmu_2,1168,175200,175799,1.0
xmu_2,1169,175350,175949,1.0
xmu_2,1170,175500,176099,1.0
xmu_2,1171,175650,176249,1.0
xmu_2,1172,175800,176399,1.0
xmu_2,1173,175950,176549,1.0
xmu_2,1174,176100,176699,1.0
xmu_2,1175,176250,176849,1.0
xmu_2,1176,176400,176999,1.0
xmu_2,1177,176550,177149,1.0
xmu_2,1178,176700,177299,1.0
xmu_2,1179,176850,177449,1.0
xmu_2,1180,177000,177599,1.0
xmu_2,1181,177150,177749,1.0
xmu_2,1182,177300,177899,1.0
xmu_2,1183,177450,178049,1.0
xmu_2,1184,177600,178199,1.0
xmu_2,1185,177750,178349,1.0
xmu_2,1186,177900,178499,1.0
xmu_2,1187,178050,178649,1.0
xmu_2,1188,178200,178799,1.0
xmu_2,1189,178350,178949,1.0
xmu_2,1190,178500,179099,1.0
xmu_2,1191,178650,179249,1.0
xmu_2,1192,178800,179399,1.0
xmu_2,1193,178950,179549,1.0
xmu_2,1194,179100,179699,1.0
xmu_2,1195,179250,179849,1.0
xmu_2,1196,179400,179999,1.0
xmu_2,1197,179550,180149,1.0
xmu_2,1198,179700,180299,1.0
xmu_2,1199,179850,180449,1.0
xmu_2,1200,180000,180599,1.0
xmu_2,1201,180150,180749,1.0
xmu_2,1202,180300,180899,1.0
xmu_2,1203,180450,181049,1.0
xmu_2,1204,180600,181199,1.0
xmu_2,1205,180750,181349,1.0
xmu_2,1206,180900,181499,1.0
xmu_2,1207,181050,181649,1.0
xmu_2,1208,181200,181799,1.0
xmu_2,1209,181350,181949,1.0
xmu_2,1210,181500,182099,1.0
xmu_2,1211,181650,182249,1.0
xmu_2,1212,181800,182399,1.0
xmu_2,1213,181950,182549,1.0
xmu_2,1214,182100,182699,1.0
xmu_2,1215,182250,182849,1.0
xmu_2,1216,182400,182999,1.0
xmu_2,1217,182550,183149,1.0
xmu_2,1218,182700,183299,1.0
xmu_2,1219,182850,183449,1.0
xmu_2,1220,183000,183599,1.0
xmu_2,1221,183150,183749,1.0
xmu_2,1222,183300,183899,1.0
xmu_2,1223,183450,184049,1.0
xmu_2,1224,183600,184199,1.0
xmu_2,1225,183750,184349,1.0
xmu_2,1226,183900,184499,1.0
xmu_2,1227,184050,184649,1.0
xmu_2,1228,184200,184799,1.0
xmu_2,1229,184350,184949,1.0
xmu_2,1230,184500,185099,1.0
xmu_2,1231,184650,185249,1.0
xmu_2,1232,184800,185399,1.0
xmu_2,1233,184950,185549,1.0
xmu_2,1234,185100,185699,1.0
xmu_2,1235,185250,185849,1.0
xmu_2,1236,185400,185999,1.0
xmu_2,1237,185550,186149,1.0
xmu_2,1238,185700,186299,1.0
xmu_2,1239,185850,186449,1.0
xmu_2,1240,186000,186599,1.0
xmu_2,1241,186150,186749,1.0
xmu_2,1242,186300,186899,1.0
xmu_2,1243,186450,187049,1.0
xmu_2,1244,186600,187199,1.0
xmu_2,1245,186750,187349,1.0
xmu_2,1246,186900,187499,1.0
xmu_2,1247,187050,187649,1.0
xmu_2,1248,187200,187799,1.0
xmu_2,1249,187350,187949,1.0
xmu_2,1250,187500,188099,1.0
xmu_2,1251,187650,188249,1.0
xmu_2,1252,187800,188399,1.0
xmu_2,1253,187950,188549,1.0
xmu_2,1254,188100,188699,1.0
xmu_2,1255,188250,188849,1.0
xmu_2,1256,188400,188999,1.0
xmu_2,1257,188550,189149,1.0
xmu_2,1258,188700,189299,1.0
xmu_2,1259,188850,189449,1.0
xmu_2,1260,189000,189599,1.0
xmu_2,1261,189150,189749,1.0
xmu_2,1262,189300,189899,1.0
xmu_2,1263,189450,190049,1.0
xmu_2,1264,189600,190199,1.0
xmu_2,1265,189750,190349,1.0
xmu_2,1266,189900,190499,1.0
xmu_2,1267,190050,190649,1.0
xmu_2,1268,190200,190799,1.0
xmu_2,1269,190350,190949,1.0
xmu_2,1270,190500,191099,1.0
xmu_2,1271,190650,191249,1.0
xmu_2,1272,190800,191399,1.0
xmu_2,1273,190950,191549,1.0
xmu_2,1274,191100,191699,1.0
xmu_2,1275,191250,191849,1.0
xmu_2,1276,191400,191999,1.0
xmu_2,1277,191550,192149,1.0
xmu_2,1278,191700,192299,1.0
xmu_2,1279,191850,192449,1.0
xmu_2,1280,192000,192599,1.0
xmu_2,1281,192150,192749,1.0
xmu_2,1282,192300,192899,1.0
xmu_2,1283,192450,193049,1.0
xmu_2,1284,192600,193199,1.0
xmu_2,1285,192750,193349,1.0
xmu_2,1286,192900,193499,1.0
xmu_2,1287,193050,193649,1.0
xmu_2,1288,193200,193799,1.0
xmu_2,1289,193350,193949,1.0
xmu_2,1290,193500,194099,1.0
xmu_2,1291,193650,194249,1.0
xmu_2,1292,193800,194399,1.0
xmu_2,1293,193950,194549,1.0
xmu_2,1294,194100,194699,1.0
xmu_2,1295,194250,194849,1.0
xmu_2,1296,194400,194999,1.0
xmu_2,1297,194550,195149,1.0
xmu_2,1298,194700,195299,1.0
xmu_2,1299,194850,195449,1.0
xmu_2,1300,195000,195599,1.0
xmu_2,1301,195150,195749,1.0
xmu_2,1302,195300,195899,1.0
xmu_2,1303,195450,196049,1.0
xmu_2,1304,195600,196199,1.0
xmu_2,1305,195750,196349,1.0
xmu_2,1306,195900,196499,1.0
xmu_2,1307,196050,196649,1.0
xmu_2,1308,196200,196799,1.0
xmu_2,1309,196350,196949,1.0
xmu_2,1310,196500,197099,1.0
xmu_2,1311,196650,197249,1.0
xmu_2,1312,196800,197399,1.0
xmu_2,1313,196950,197549,1.0
xmu_2,1314,197100,197699,1.0
xmu_2,1315,197250,197849,1.0
xmu_2,1316,197400,197999,1.0
xmu_2,1317,197550,198149,1.0
xmu_2,1318,197700,198299,1.0
xmu_2,1319,197850,198449,1.0
xmu_2,1320,198000,198599,1.0
xmu_2,1321,198150,198749,1.0
xmu_2,1322,198300,198899,1.0
xmu_2,1323,198450,199049,1.0
xmu_2,1324,198600,199199,1.0
xmu_2,1325,198750,199349,1.0
xmu_2,1326,198900,199499,1.0
xmu_2,1327,199050,199649,1.0
xmu_2,1328,199200,199799,1.0
xmu_2,1329,199350,199949,1.0
xmu_2,1330,199500,200099,1.0
xmu_2,1331,199650,200249,1.0
xmu_2,1332,199800,200399,1.0
xmu_2,1333,199950,200549,1.0
xmu_2,1334,200100,200699,1.0
xmu_2,1335,200250,200849,1.0
xmu_2,1336,200400,200999,1.0
xmu_2,1337,200550,201149,1.0
xmu_2,1338,200700,201299,1.0
xmu_2,1339,200850,201449,1.0
xmu_2,1340,201000,201599,1.0
xmu_2,1341,201150,201749,1.0
xmu_2,1342,201300,201899,1.0
xmu_2,1343,201450,202049,1.0
xmu_2,1344,201600,202199,1.0
xmu_2,1345,201750,202349,1.0
xmu_2,1346,201900,202499,1.0
xmu_2,1347,202050,202649,1.0
xmu_2,1348,202200,202799,1.0
xmu_2,1349,202350,202949,1.0
xmu_2,1350,202500,203099,1.0
xmu_2,1351,202650,203249,1.0
xmu_2,1352,202800,203399,1.0
xmu_2,1353,202950,203549,1.0
xmu_2,1354,203100,203699,1.0
xmu_2,1355,203250,203849,1.0
xmu_2,1356,203400,203999,1.0
xmu_2,1357,203550,204149,1.0
xmu_2,1358,203700,204299,1.0
xmu_2,1359,203850,204449,1.0
xmu_2,1360,204000,204599,1.0
xmu_2,1361,204150,204749,1.0
xmu_2,1362,204300,204899,1.0
xmu_2,1363,204450,205049,1.0
xmu_2,1364,204600,205199,1.0
xmu_2,1365,204750,205349,1.0
xmu_2,1366,204900,205499,1.0
xmu_2,1367,205050,205649,1.0
xmu_2,1368,205200,205799,1.0
xmu_2,1369,205350,205949,1.0
xmu_2,1370,205500,206099,1.0
xmu_2,1371,205650,206249,1.0
xmu_2,1372,205800,206399,1.0
xmu_2,1373,205950,206549,1.0
xmu_2,1374,206100,206699,1.0
xmu_2,1375,206250,206849,1.0
xmu_2,1376,206400,206999,1.0
xmu_2,1377,206550,207149,1.0
xmu_2,1378,206700,207299,1.0
xmu_2,1379,206850,207449,1.0
xmu_2,1380,207000,207599,1.0
xmu_2,1381,207150,207749,1.0
xmu_2,1382,207300,207899,1.0
xmu_2,1383,207450,208049,1.0
xmu_2,1384,207600,208199,1.0
xmu_2,1385,207750,208349,1.0
xmu_2,1386,207900,208499,1.0
xmu_2,1387,208050,208649,1.0
xmu_2,1388,208200,208799,1.0
xmu_2,1389,208350,208949,1.0
xmu_2,1390,208500,209099,1.0
xmu_2,1391,208650,209249,1.0
xmu_2,1392,208800,209399,1.0
xmu_2,1393,208950,209549,1.0
xmu_2,1394,209100,209699,1.0
xmu_2,1395,209250,209849,1.0
xmu_2,1396,209400,209999,1.0
xmu_2,1397,209550,210149,1.0
xmu_2,1398,209700,210299,1.0
xmu_2,1399,209850,210449,1.0
xmu_2,1400,210000,210599,1.0
xmu_2,1401,210150,210749,1.0
xmu_2,1402,210300,210899,1.0
xmu_2,1403,210450,211049,1.0
xmu_2,1404,210600,211199,1.0
xmu_2,1405,210750,211349,1.0
xmu_2,1406,210900,211499,1.0
xmu_2,1407,211050,211649,1.0
xmu_2,1408,211200,211799,1.0
xmu_2,1409,211350,211949,1.0
xmu_2,1410,211500,212099,1.0
xmu_2,1411,211650,212249,1.0
xmu_2,1412,211800,212399,1.0
xmu_2,1413,211950,212549,1.0
xmu_2,1414,212100,212699,1.0
xmu_2,1415,212250,212849,1.0
xmu_2,1416,212400,212999,1.0
xmu_2,1417,212550,213149,1.0
xmu_2,1418,212700,213299,1.0
xmu_2,1419,212850,213449,1.0
xmu_2,1420,213000,213599,1.0
xmu_2,1421,213150,213749,1.0
xmu_2,1422,213300,213899,1.0
xmu_2,1423,213450,214049,1.0
xmu_2,1424,213600,214199,1.0
xmu_2,1425,213750,214349,1.0
xmu_2,1426,213900,214499,1.0
xmu_2,1427,214050,214649,1.0
xmu_2,1428,214200,214799,1.0
xmu_2,1429,214350,214949,1.0
xmu_2,1430,214500,215099,1.0
xmu_2,1431,214650,215249,1.0
xmu_2,1432,214800,215399,1.0
xmu_2,1433,214950,215549,1.0
xmu_2,1434,215100,215699,1.0
xmu_2,1435,215250,215849,1.0
xmu_2,1436,215400,215999,1.0
xmu_2,1437,215550,216149,1.0
xmu_2,1438,215700,216299,1.0
xmu_2,1439,215850,216449,1.0
xmu_2,1440,216000,216599,1.0
xmu_2,1441,216150,216749,1.0
xmu_2,1442,216300,216899,1.0
xmu_2,1443,216450,217049,1.0
xmu_2,1444,216600,217199,1.0
xmu_2,1445,216750,217349,1.0
xmu_2,1446,216900,217499,1.0
xmu_2,1447,217050,217649,1.0
xmu_2,1448,217200,217799,1.0
xmu_2,1449,217350,217949,1.0
xmu_2,1450,217500,218099,1.0
xmu_2,1451,217650,218249,1.0
xmu_2,1452,217800,218399,1.0
xmu_2,1453,217950,218549,1.0
xmu_2,1454,218100,218699,1.0
xmu_2,1455,218250,218849,1.0
xmu_2,1456,218400,218999,1.0
xmu_2,1457,218550,219149,1.0
xmu_2,1458,218700,219299,1.0
xmu_2,1459,218850,219449,1.0
xmu_2,1460,219000,219599,1.0
xmu_2,1461,219150,219749,1.0
xmu_2,1462,219300,219899,1.0
xmu_2,1463,219450,220049,1.0
xmu_2,1464,219600,220199,1.0
xmu_2,1465,219750,220349,1.0
xmu_2,1466,219900,220499,1.0
xmu_2,1467,220050,220649,1.0
xmu_2,1468,220200,220799,1.0
xmu_2,1469,220350,220949,1.0
xmu_2,1470,220500,221099,1.0
xmu_2,1471,220650,221249,1.0
xmu_2,1472,220800,221399,1.0
xmu_2,1473,220950,221549,1.0
xmu_3,0,0,599,1.0
xmu_3,1,150,749,1.0
xmu_3,2,300,899,1.0
xmu_3,3,450,1049,1.0
xmu_3,4,600,1199,1.0
xmu_3,5,750,1349,1.0
xmu_3,6,900,1499,1.0
xmu_3,7,1050,1649,1.0
xmu_3,8,1200,1799,1.0
xmu_3,9,1350,1949,1.0
xmu_3,10,1500,2099,1.0
xmu_3,11,1650,2249,1.0
xmu_3,12,1800,2399,1.0
xmu_3,13,1950,2549,1.0
xmu_3,14,2100,2699,1.0
xmu_3,15,2250,2849,1.0
xmu_3,16,2400,2999,1.0
xmu_3,17,2550,3149,1.0
xmu_3,18,2700,3299,1.0
xmu_3,19,2850,3449,1.0
xmu_3,20,3000,3599,1.0
xmu_3,21,3150,3749,1.0
xmu_3,22,3300,3899,1.0
xmu_3,23,3450,4049,1.0
xmu_3,24,3600,4199,1.0
xmu_3,25,3750,4349,1.0
xmu_3,26,3900,4499,1.0
xmu_3,27,4050,4649,1.0
xmu_3,28,4200,4799,1.0
xmu_3,29,4350,4949,1.0
xmu_3,30,4500,5099,1.0
xmu_3,31,4650,5249,1.0
xmu_3,32,4800,5399,1.0
xmu_3,33,4950,5549,1.0
xmu_3,34,5100,5699,1.0
xmu_3,35,5250,5849,1.0
xmu_3,36,5400,5999,1.0
xmu_3,37,5550,6149,1.0
xmu_3,38,5700,6299,1.0
xmu_3,39,5850,6449,1.0
xmu_3,40,6000,6599,1.0
xmu_3,41,6150,6749,1.0
xmu_3,42,6300,6899,1.0
xmu_3,43,6450,7049,1.0
xmu_3,44,6600,7199,1.0
xmu_3,45,6750,7349,1.0
xmu_3,46,6900,7499,1.0
xmu_3,47,7050,7649,1.0
xmu_3,48,7200,7799,1.0
xmu_3,49,7350,7949,1.0
xmu_3,50,7500,8099,1.0
xmu_3,51,7650,8249,1.0
xmu_3,52,7800,8399,1.0
xmu_3,53,7950,8549,1.0
xmu_3,54,8100,8699,1.0
xmu_3,55,8250,8849,1.0
xmu_3,56,8400,8999,1.0
xmu_3,57,8550,9149,1.0
xmu_3,58,8700,9299,1.0
xmu_3,59,8850,9449,1.0
xmu_3,60,9000,9599,1.0
xmu_3,61,9150,9749,1.0
xmu_3,62,9300,9899,1.0
xmu_3,63,9450,10049,1.0
xmu_3,64,9600,10199,1.0
xmu_3,65,9750,10349,1.0
xmu_3,66,9900,10499,1.0
xmu_3,67,10050,10649,1.0
xmu_3,68,10200,10799,1.0
xmu_3,69,10350,10949,1.0
xmu_3,70,10500,11099,1.0
xmu_3,71,10650,11249,1.0
xmu_3,72,10800,11399,1.0
xmu_3,73,10950,11549,1.0
xmu_3,74,11100,11699,1.0
xmu_3,75,11250,11849,1.0
xmu_3,76,11400,11999,1.0
xmu_3,77,11550,12149,1.0
xmu_3,78,11700,12299,1.0
xmu_3,79,11850,12449,1.0
xmu_3,80,12000,12599,1.0
xmu_3,81,12150,12749,1.0
xmu_3,82,12300,12899,1.0
xmu_3,83,12450,13049,1.0
xmu_3,84,12600,13199,1.0
xmu_3,85,12750,13349,1.0
xmu_3,86,12900,13499,1.0
xmu_3,87,13050,13649,1.0
xmu_3,88,13200,13799,1.0
xmu_3,89,13350,13949,1.0
xmu_3,90,13500,14099,1.0
xmu_3,91,13650,14249,1.0
xmu_3,92,13800,14399,1.0
xmu_3,93,13950,14549,1.0
xmu_3,94,14100,14699,1.0
xmu_3,95,14250,14849,1.0
xmu_3,96,14400,14999,1.0
xmu_3,97,14550,15149,1.0
xmu_3,98,14700,15299,1.0
xmu_3,99,14850,15449,1.0
xmu_3,100,15000,15599,1.0
xmu_3,101,15150,15749,1.0
xmu_3,102,15300,15899,1.0
xmu_3,103,15450,16049,1.0
xmu_3,104,15600,16199,1.0
xmu_3,105,15750,16349,1.0
xmu_3,106,15900,16499,1.0
xmu_3,107,16050,16649,1.0
xmu_3,108,16200,16799,1.0
xmu_3,109,16350,16949,1.0
xmu_3,110,16500,17099,1.0
xmu_3,111,16650,17249,1.0
xmu_3,112,16800,17399,1.0
xmu_3,113,16950,17549,1.0
xmu_3,114,17100,17699,1.0
xmu_3,115,17250,17849,1.0
xmu_3,116,17400,17999,1.0
xmu_3,117,17550,18149,1.0
xmu_3,118,17700,18299,1.0
xmu_3,119,17850,18449,1.0
xmu_3,120,18000,18599,1.0
xmu_3,121,18150,18749,1.0
xmu_3,122,18300,18899,1.0
xmu_3,123,18450,19049,1.0
xmu_3,124,18600,19199,1.0
xmu_3,125,18750,19349,1.0
xmu_3,126,18900,19499,1.0
xmu_3,127,19050,19649,1.0
xmu_3,128,19200,19799,1.0
xmu_3,129,19350,19949,1.0
xmu_3,130,19500,20099,1.0
xmu_3,131,19650,20249,1.0
xmu_3,132,19800,20399,1.0
xmu_3,133,19950,20549,1.0
xmu_3,134,20100,20699,1.0
xmu_3,135,20250,20849,1.0
xmu_3,136,20400,20999,1.0
xmu_3,137,20550,21149,1.0
xmu_3,138,20700,21299,1.0
xmu_3,139,20850,21449,1.0
xmu_3,140,21000,21599,1.0
xmu_3,141,21150,21749,1.0
xmu_3,142,21300,21899,1.0
xmu_3,143,21450,22049,1.0
xmu_3,144,21600,22199,1.0
xmu_3,145,21750,22349,1.0
xmu_3,146,21900,22499,1.0
xmu_3,147,22050,22649,1.0
xmu_3,148,22200,22799,1.0
xmu_3,149,22350,22949,1.0
xmu_3,150,22500,23099,1.0
xmu_3,151,22650,23249,1.0
xmu_3,152,22800,23399,1.0
xmu_3,153,22950,23549,1.0
xmu_3,154,23100,23699,1.0
xmu_3,155,23250,23849,1.0
xmu_3,156,23400,23999,1.0
xmu_3,157,23550,24149,1.0
xmu_3,158,23700,24299,1.0
xmu_3,159,23850,24449,1.0
xmu_3,163,24450,25049,0.925000011920929
xmu_3,164,24600,25199,1.0
xmu_3,165,24750,25349,1.0
xmu_3,166,24900,25499,1.0
xmu_3,167,25050,25649,1.0
xmu_3,168,25200,25799,1.0
xmu_3,169,25350,25949,1.0
xmu_3,170,25500,26099,1.0
xmu_3,171,25650,26249,1.0
xmu_3,172,25800,26399,1.0
xmu_3,173,25950,26549,1.0
xmu_3,174,26100,26699,1.0
xmu_3,175,26250,26849,1.0
xmu_3,176,26400,26999,1.0
xmu_3,177,26550,27149,1.0
xmu_3,178,26700,27299,1.0
xmu_3,179,26850,27449,1.0
xmu_3,180,27000,27599,1.0
xmu_3,181,27150,27749,1.0
xmu_3,182,27300,27899,1.0
xmu_3,183,27450,28049,1.0
xmu_3,184,27600,28199,1.0
xmu_3,185,27750,28349,1.0
xmu_3,186,27900,28499,1.0
xmu_3,187,28050,28649,1.0
xmu_3,188,28200,28799,1.0
xmu_3,189,28350,28949,1.0
xmu_3,190,28500,29099,1.0
xmu_3,191,28650,29249,1.0
xmu_3,192,28800,29399,1.0
xmu_3,193,28950,29549,1.0
xmu_3,194,29100,29699,1.0
xmu_3,195,29250,29849,1.0
xmu_3,196,29400,29999,1.0
xmu_3,197,29550,30149,1.0
xmu_3,198,29700,30299,1.0
xmu_3,199,29850,30449,1.0
xmu_3,200,30000,30599,1.0
xmu_3,201,30150,30749,1.0
xmu_3,202,30300,30899,1.0
xmu_3,203,30450,31049,1.0
xmu_3,204,30600,31199,1.0
xmu_3,205,30750,31349,1.0
xmu_3,206,30900,31499,1.0
xmu_3,207,31050,31649,1.0
xmu_3,208,31200,31799,1.0
xmu_3,209,31350,31949,1.0
xmu_3,210,31500,32099,1.0
xmu_3,211,31650,32249,1.0
xmu_3,212,31800,32399,1.0
xmu_3,213,31950,32549,1.0
xmu_3,214,32100,32699,1.0
xmu_3,215,32250,32849,1.0
xmu_3,216,32400,32999,1.0
xmu_3,217,32550,33149,1.0
xmu_3,218,32700,33299,1.0
xmu_3,219,32850,33449,1.0
xmu_3,220,33000,33599,1.0
xmu_3,221,33150,33749,1.0
xmu_3,222,33300,33899,1.0
xmu_3,223,33450,34049,1.0
xmu_3,224,33600,34199,1.0
xmu_3,225,33750,34349,1.0
xmu_3,226,33900,34499,1.0
xmu_3,227,34050,34649,1.0
xmu_3,228,34200,34799,1.0
xmu_3,229,34350,34949,1.0
xmu_3,230,34500,35099,1.0
xmu_3,231,34650,35249,1.0
xmu_3,232,34800,35399,1.0
xmu_3,233,34950,35549,1.0
xmu_3,234,35100,35699,1.0
xmu_3,235,35250,35849,1.0
xmu_3,236,35400,35999,1.0
xmu_3,237,35550,36149,1.0
xmu_3,238,35700,36299,1.0
xmu_3,239,35850,36449,1.0
xmu_3,240,36000,36599,1.0
xmu_3,241,36150,36749,1.0
xmu_3,242,36300,36899,1.0
xmu_3,243,36450,37049,1.0
xmu_3,244,36600,37199,1.0
xmu_3,245,36750,37349,1.0
xmu_3,246,36900,37499,1.0
xmu_3,247,37050,37649,1.0
xmu_3,248,37200,37799,1.0
xmu_3,249,37350,37949,1.0
xmu_3,250,37500,38099,1.0
xmu_3,251,37650,38249,1.0
xmu_3,252,37800,38399,1.0
xmu_3,253,37950,38549,1.0
xmu_3,254,38100,38699,1.0
xmu_3,255,38250,38849,1.0
xmu_3,256,38400,38999,1.0
xmu_3,257,38550,39149,1.0
xmu_3,258,38700,39299,1.0
xmu_3,259,38850,39449,1.0
xmu_3,260,39000,39599,1.0
xmu_3,261,39150,39749,1.0
xmu_3,262,39300,39899,1.0
xmu_3,263,39450,40049,1.0
xmu_3,264,39600,40199,1.0
xmu_3,265,39750,40349,1.0
xmu_3,266,39900,40499,1.0
xmu_3,267,40050,40649,1.0
xmu_3,268,40200,40799,1.0
xmu_3,269,40350,40949,1.0
xmu_3,270,40500,41099,1.0
xmu_3,271,40650,41249,1.0
xmu_3,272,40800,41399,1.0
xmu_3,273,40950,41549,1.0
xmu_3,274,41100,41699,1.0
xmu_3,275,41250,41849,1.0
xmu_3,276,41400,41999,1.0
xmu_3,277,41550,42149,1.0
xmu_3,278,41700,42299,1.0
xmu_3,279,41850,42449,1.0
xmu_3,280,42000,42599,1.0
xmu_3,281,42150,42749,1.0
xmu_3,282,42300,42899,1.0
xmu_3,283,42450,43049,1.0
xmu_3,284,42600,43199,1.0
xmu_3,285,42750,43349,1.0
xmu_3,286,42900,43499,1.0
xmu_3,287,43050,43649,1.0
xmu_3,288,43200,43799,1.0
xmu_3,289,43350,43949,1.0
xmu_3,290,43500,44099,1.0
xmu_3,291,43650,44249,1.0
xmu_3,292,43800,44399,1.0
xmu_3,293,43950,44549,1.0
xmu_3,294,44100,44699,1.0
xmu_3,295,44250,44849,1.0
xmu_3,296,44400,44999,1.0
xmu_3,297,44550,45149,1.0
xmu_3,298,44700,45299,1.0
xmu_3,299,44850,45449,1.0
xmu_3,300,45000,45599,1.0
xmu_3,301,45150,45749,1.0
xmu_3,302,45300,45899,1.0
xmu_3,303,45450,46049,1.0
xmu_3,304,45600,46199,1.0
xmu_3,305,45750,46349,1.0
xmu_3,306,45900,46499,1.0
xmu_3,307,46050,46649,1.0
xmu_3,308,46200,46799,1.0
xmu_3,309,46350,46949,1.0
xmu_3,310,46500,47099,1.0
xmu_3,311,46650,47249,1.0
xmu_3,312,46800,47399,1.0
xmu_3,313,46950,47549,1.0
xmu_3,314,47100,47699,1.0
xmu_3,315,47250,47849,1.0
xmu_3,316,47400,47999,1.0
xmu_3,317,47550,48149,1.0
xmu_3,322,48300,48899,1.0
xmu_3,323,48450,49049,1.0
xmu_3,324,48600,49199,1.0
xmu_3,325,48750,49349,1.0
xmu_3,326,48900,49499,1.0
xmu_3,327,49050,49649,1.0
xmu_3,328,49200,49799,1.0
xmu_3,329,49350,49949,1.0
xmu_3,330,49500,50099,1.0
xmu_3,331,49650,50249,1.0
xmu_3,332,49800,50399,1.0
xmu_3,333,49950,50549,1.0
xmu_3,334,50100,50699,1.0
xmu_3,335,50250,50849,1.0
xmu_3,336,50400,50999,1.0
xmu_3,337,50550,51149,1.0
xmu_3,338,50700,51299,1.0
xmu_3,339,50850,51449,1.0
xmu_3,340,51000,51599,1.0
xmu_3,341,51150,51749,1.0
xmu_3,342,51300,51899,1.0
xmu_3,343,51450,52049,1.0
xmu_3,344,51600,52199,1.0
xmu_3,345,51750,52349,1.0
xmu_3,346,51900,52499,1.0
xmu_3,347,52050,52649,1.0
xmu_3,348,52200,52799,1.0
xmu_3,349,52350,52949,1.0
xmu_3,350,52500,53099,1.0
xmu_3,351,52650,53249,1.0
xmu_3,352,52800,53399,1.0
xmu_3,353,52950,53549,1.0
xmu_3,354,53100,53699,1.0
xmu_3,355,53250,53849,1.0
xmu_3,356,53400,53999,1.0
xmu_3,357,53550,54149,1.0
xmu_3,358,53700,54299,1.0
xmu_3,359,53850,54449,1.0
xmu_3,360,54000,54599,1.0
xmu_3,361,54150,54749,1.0
xmu_3,362,54300,54899,1.0
xmu_3,363,54450,55049,1.0
xmu_3,364,54600,55199,1.0
xmu_3,365,54750,55349,1.0
xmu_3,366,54900,55499,1.0
xmu_3,367,55050,55649,1.0
xmu_3,368,55200,55799,1.0
xmu_3,369,55350,55949,1.0
xmu_3,370,55500,56099,1.0
xmu_3,371,55650,56249,1.0
xmu_3,372,55800,56399,1.0
xmu_3,373,55950,56549,1.0
xmu_3,374,56100,56699,1.0
xmu_3,375,56250,56849,1.0
xmu_3,376,56400,56999,1.0
xmu_3,377,56550,57149,1.0
xmu_3,378,56700,57299,1.0
xmu_3,379,56850,57449,1.0
xmu_3,380,57000,57599,1.0
xmu_3,381,57150,57749,1.0
xmu_3,382,57300,57899,1.0
xmu_3,383,57450,58049,1.0
xmu_3,384,57600,58199,1.0
xmu_3,385,57750,58349,1.0
xmu_3,386,57900,58499,1.0
xmu_3,387,58050,58649,1.0
xmu_3,388,58200,58799,1.0
xmu_3,389,58350,58949,1.0
xmu_3,390,58500,59099,1.0
xmu_3,391,58650,59249,1.0
xmu_3,392,58800,59399,1.0
xmu_3,393,58950,59549,1.0
xmu_3,394,59100,59699,1.0
xmu_3,395,59250,59849,1.0
xmu_3,396,59400,59999,1.0
xmu_3,397,59550,60149,1.0
xmu_3,398,59700,60299,1.0
xmu_3,399,59850,60449,1.0
xmu_3,400,60000,60599,1.0
xmu_3,401,60150,60749,1.0
xmu_3,402,60300,60899,1.0
xmu_3,403,60450,61049,1.0
xmu_3,404,60600,61199,1.0
xmu_3,405,60750,61349,1.0
xmu_3,406,60900,61499,1.0
xmu_3,407,61050,61649,1.0
xmu_3,408,61200,61799,1.0
xmu_3,409,61350,61949,1.0
xmu_3,410,61500,62099,1.0
xmu_3,411,61650,62249,1.0
xmu_3,412,61800,62399,1.0
xmu_3,413,61950,62549,1.0
xmu_3,414,62100,62699,1.0
xmu_3,415,62250,62849,1.0
xmu_3,416,62400,62999,1.0
xmu_3,417,62550,63149,1.0
xmu_3,418,62700,63299,1.0
xmu_3,419,62850,63449,1.0
xmu_3,420,63000,63599,1.0
xmu_3,421,63150,63749,1.0
xmu_3,422,63300,63899,1.0
xmu_3,423,63450,64049,1.0
xmu_3,424,63600,64199,1.0
xmu_3,425,63750,64349,1.0
xmu_3,426,63900,64499,1.0
xmu_3,427,64050,64649,1.0
xmu_3,428,64200,64799,1.0
xmu_3,429,64350,64949,1.0
xmu_3,430,64500,65099,1.0
xmu_3,431,64650,65249,1.0
xmu_3,432,64800,65399,1.0
xmu_3,433,64950,65549,1.0
xmu_3,434,65100,65699,1.0
xmu_3,435,65250,65849,1.0
xmu_3,436,65400,65999,1.0
xmu_3,437,65550,66149,1.0
xmu_3,438,65700,66299,1.0
xmu_3,439,65850,66449,1.0
xmu_3,440,66000,66599,1.0
xmu_3,444,66600,67199,0.9316666722297668
xmu_3,445,66750,67349,1.0
xmu_3,446,66900,67499,1.0
xmu_3,447,67050,67649,1.0
xmu_3,448,67200,67799,1.0
xmu_3,449,67350,67949,1.0
xmu_3,450,67500,68099,1.0
xmu_3,451,67650,68249,1.0
xmu_3,452,67800,68399,1.0
xmu_3,453,67950,68549,1.0
xmu_3,454,68100,68699,1.0
xmu_3,455,68250,68849,1.0
xmu_3,456,68400,68999,1.0
xmu_3,457,68550,69149,1.0
xmu_3,458,68700,69299,1.0
xmu_3,459,68850,69449,1.0
xmu_3,460,69000,69599,1.0
xmu_3,461,69150,69749,1.0
xmu_3,462,69300,69899,1.0
xmu_3,463,69450,70049,1.0
xmu_3,464,69600,70199,1.0
xmu_3,465,69750,70349,1.0
xmu_3,466,69900,70499,1.0
xmu_3,467,70050,70649,1.0
xmu_3,468,70200,70799,1.0
xmu_3,469,70350,70949,1.0
xmu_3,470,70500,71099,1.0
xmu_3,471,70650,71249,1.0
xmu_3,472,70800,71399,1.0
xmu_3,473,70950,71549,1.0
xmu_3,477,71550,72149,0.9416666626930237
xmu_3,478,71700,72299,1.0
xmu_3,479,71850,72449,1.0
xmu_3,480,72000,72599,1.0
xmu_3,481,72150,72749,1.0
xmu_3,482,72300,72899,1.0
xmu_3,483,72450,73049,1.0
xmu_3,484,72600,73199,1.0
xmu_3,485,72750,73349,1.0
xmu_3,486,72900,73499,1.0
xmu_3,487,73050,73649,1.0
xmu_3,488,73200,73799,1.0
xmu_3,489,73350,73949,1.0
xmu_3,490,73500,74099,1.0
xmu_3,491,73650,74249,1.0
xmu_3,492,73800,74399,1.0
xmu_3,493,73950,74549,1.0
xmu_3,494,74100,74699,1.0
xmu_3,495,74250,74849,1.0
xmu_3,496,74400,74999,1.0
xmu_3,497,74550,75149,1.0
xmu_3,498,74700,75299,1.0
xmu_3,499,74850,75449,1.0
xmu_3,500,75000,75599,1.0
xmu_3,501,75150,75749,1.0
xmu_3,502,75300,75899,1.0
xmu_3,503,75450,76049,1.0
xmu_3,504,75600,76199,1.0
xmu_3,505,75750,76349,1.0
xmu_3,506,75900,76499,1.0
xmu_3,507,76050,76649,1.0
xmu_3,508,76200,76799,1.0
xmu_3,509,76350,76949,1.0
xmu_3,510,76500,77099,1.0
xmu_3,511,76650,77249,1.0
xmu_3,512,76800,77399,1.0
xmu_3,513,76950,77549,1.0
xmu_3,514,77100,77699,1.0
xmu_3,515,77250,77849,1.0
xmu_3,516,77400,77999,1.0
xmu_3,517,77550,78149,1.0
xmu_3,518,77700,78299,1.0
xmu_3,519,77850,78449,1.0
xmu_3,520,78000,78599,1.0
xmu_3,521,78150,78749,1.0
xmu_3,522,78300,78899,1.0
xmu_3,523,78450,79049,1.0
xmu_3,524,78600,79199,1.0
xmu_3,525,78750,79349,0.9116666913032532
xmu_3,529,79350,79949,1.0
xmu_3,530,79500,80099,1.0
xmu_3,531,79650,80249,1.0
xmu_3,532,79800,80399,1.0
xmu_3,533,79950,80549,1.0
xmu_3,534,80100,80699,1.0
xmu_3,535,80250,80849,1.0
xmu_3,536,80400,80999,1.0
xmu_3,537,80550,81149,1.0
xmu_3,538,80700,81299,1.0
xmu_3,539,80850,81449,1.0
xmu_3,540,81000,81599,1.0
xmu_3,541,81150,81749,1.0
xmu_3,542,81300,81899,1.0
xmu_3,543,81450,82049,1.0
xmu_3,544,81600,82199,1.0
xmu_3,545,81750,82349,1.0
xmu_3,546,81900,82499,1.0
xmu_3,547,82050,82649,1.0
xmu_3,548,82200,82799,1.0
xmu_3,549,82350,82949,1.0
xmu_3,550,82500,83099,1.0
xmu_3,551,82650,83249,1.0
xmu_3,552,82800,83399,1.0
xmu_3,553,82950,83549,1.0
xmu_3,554,83100,83699,1.0
xmu_3,555,83250,83849,1.0
xmu_3,556,83400,83999,1.0
xmu_3,557,83550,84149,1.0
xmu_3,558,83700,84299,1.0
xmu_3,559,83850,84449,1.0
xmu_3,560,84000,84599,1.0
xmu_3,561,84150,84749,1.0
xmu_3,562,84300,84899,1.0
xmu_3,563,84450,85049,1.0
xmu_3,564,84600,85199,1.0
xmu_3,565,84750,85349,1.0
xmu_3,566,84900,85499,1.0
xmu_3,567,85050,85649,1.0
xmu_3,568,85200,85799,1.0
xmu_3,569,85350,85949,1.0
xmu_3,570,85500,86099,1.0
xmu_3,571,85650,86249,1.0
xmu_3,572,85800,86399,1.0
xmu_3,573,85950,86549,1.0
xmu_3,574,86100,86699,1.0
xmu_3,575,86250,86849,1.0
xmu_3,576,86400,86999,1.0
xmu_3,577,86550,87149,1.0
xmu_3,578,86700,87299,1.0
xmu_3,579,86850,87449,1.0
xmu_3,580,87000,87599,1.0
xmu_3,581,87150,87749,1.0
xmu_3,582,87300,87899,1.0
xmu_3,583,87450,88049,1.0
xmu_3,584,87600,88199,1.0
xmu_3,585,87750,88349,1.0
xmu_3,586,87900,88499,1.0
xmu_3,587,88050,88649,1.0
xmu_3,588,88200,88799,1.0
xmu_3,589,88350,88949,1.0
xmu_3,590,88500,89099,1.0
xmu_3,591,88650,89249,1.0
xmu_3,592,88800,89399,1.0
xmu_3,593,88950,89549,1.0
xmu_3,594,89100,89699,1.0
xmu_3,595,89250,89849,1.0
xmu_3,596,89400,89999,1.0
xmu_3,597,89550,90149,1.0
xmu_3,598,89700,90299,1.0
xmu_3,599,89850,90449,1.0
xmu_3,600,90000,90599,1.0
xmu_3,601,90150,90749,1.0
xmu_3,602,90300,90899,1.0
xmu_3,603,90450,91049,1.0
xmu_3,604,90600,91199,1.0
xmu_3,605,90750,91349,1.0
xmu_3,606,90900,91499,1.0
xmu_3,607,91050,91649,1.0
xmu_3,608,91200,91799,1.0
xmu_3,609,91350,91949,1.0
xmu_3,610,91500,92099,1.0
xmu_3,611,91650,92249,1.0
xmu_3,612,91800,92399,1.0
xmu_3,613,91950,92549,1.0
xmu_3,614,92100,92699,1.0
xmu_3,615,92250,92849,1.0
xmu_3,616,92400,92999,1.0
xmu_3,617,92550,93149,1.0
xmu_3,618,92700,93299,1.0
xmu_3,619,92850,93449,1.0
xmu_3,620,93000,93599,1.0
xmu_3,621,93150,93749,1.0
xmu_3,622,93300,93899,1.0
xmu_3,623,93450,94049,1.0
xmu_3,624,93600,94199,1.0
xmu_3,625,93750,94349,1.0
xmu_3,626,93900,94499,1.0
xmu_3,627,94050,94649,1.0
xmu_3,628,94200,94799,1.0
xmu_3,629,94350,94949,1.0
xmu_3,630,94500,95099,1.0
xmu_3,631,94650,95249,1.0
xmu_3,632,94800,95399,1.0
xmu_3,633,94950,95549,1.0
xmu_3,634,95100,95699,1.0
xmu_3,635,95250,95849,1.0
xmu_3,636,95400,95999,1.0
xmu_3,637,95550,96149,1.0
xmu_3,638,95700,96299,1.0
xmu_3,639,95850,96449,1.0
xmu_3,640,96000,96599,1.0
xmu_3,641,96150,96749,1.0
xmu_3,642,96300,96899,1.0
xmu_3,643,96450,97049,1.0
xmu_3,644,96600,97199,1.0
xmu_3,645,96750,97349,1.0
xmu_3,646,96900,97499,1.0
xmu_3,647,97050,97649,1.0
xmu_3,648,97200,97799,1.0
xmu_3,649,97350,97949,1.0
xmu_3,650,97500,98099,1.0
xmu_3,651,97650,98249,1.0
xmu_3,652,97800,98399,1.0
xmu_3,653,97950,98549,1.0
xmu_3,654,98100,98699,1.0
xmu_3,655,98250,98849,1.0
xmu_3,656,98400,98999,1.0
xmu_3,657,98550,99149,1.0
xmu_3,658,98700,99299,1.0
xmu_3,659,98850,99449,1.0
xmu_3,660,99000,99599,1.0
xmu_3,661,99150,99749,1.0
xmu_3,662,99300,99899,1.0
xmu_3,663,99450,100049,1.0
xmu_3,664,99600,100199,1.0
xmu_3,665,99750,100349,1.0
xmu_3,666,99900,100499,1.0
xmu_3,667,100050,100649,1.0
xmu_3,668,100200,100799,1.0
xmu_3,669,100350,100949,1.0
xmu_3,670,100500,101099,1.0
xmu_3,671,100650,101249,1.0
xmu_3,672,100800,101399,1.0
xmu_3,673,100950,101549,1.0
xmu_3,674,101100,101699,1.0
xmu_3,675,101250,101849,1.0
xmu_3,676,101400,101999,1.0
xmu_3,677,101550,102149,1.0
xmu_3,678,101700,102299,1.0
xmu_3,679,101850,102449,1.0
xmu_3,680,102000,102599,1.0
xmu_3,681,102150,102749,1.0
xmu_3,682,102300,102899,1.0
xmu_3,683,102450,103049,1.0
xmu_3,684,102600,103199,1.0
xmu_3,685,102750,103349,1.0
xmu_3,686,102900,103499,1.0
xmu_3,687,103050,103649,1.0
xmu_3,688,103200,103799,1.0
xmu_3,689,103350,103949,1.0
xmu_3,690,103500,104099,1.0
xmu_3,691,103650,104249,1.0
xmu_3,692,103800,104399,1.0
xmu_3,693,103950,104549,1.0
xmu_3,694,104100,104699,1.0
xmu_3,695,104250,104849,1.0
xmu_3,696,104400,104999,1.0
xmu_3,697,104550,105149,1.0
xmu_3,698,104700,105299,1.0
xmu_3,699,104850,105449,1.0
xmu_3,700,105000,105599,1.0
xmu_3,701,105150,105749,1.0
xmu_3,706,105900,106499,1.0
xmu_3,707,106050,106649,1.0
xmu_3,708,106200,106799,1.0
xmu_3,709,106350,106949,1.0
xmu_3,710,106500,107099,1.0
xmu_3,711,106650,107249,1.0
xmu_3,712,106800,107399,1.0
xmu_3,713,106950,107549,1.0
xmu_3,714,107100,107699,1.0
xmu_3,715,107250,107849,1.0
xmu_3,716,107400,107999,1.0
xmu_3,717,107550,108149,1.0
xmu_3,718,107700,108299,1.0
xmu_3,719,107850,108449,1.0
xmu_3,720,108000,108599,1.0
xmu_3,721,108150,108749,1.0
xmu_3,722,108300,108899,1.0
xmu_3,723,108450,109049,1.0
xmu_3,724,108600,109199,1.0
xmu_3,725,108750,109349,1.0
xmu_3,726,108900,109499,1.0
xmu_3,727,109050,109649,1.0
xmu_3,728,109200,109799,1.0
xmu_3,729,109350,109949,1.0
xmu_3,730,109500,110099,1.0
xmu_3,731,109650,110249,1.0
xmu_3,732,109800,110399,1.0
xmu_3,733,109950,110549,1.0
xmu_3,734,110100,110699,1.0
xmu_3,735,110250,110849,1.0
xmu_3,736,110400,110999,1.0
xmu_3,737,110550,111149,1.0
xmu_3,738,110700,111299,1.0
xmu_3,739,110850,111449,1.0
xmu_3,740,111000,111599,1.0
xmu_3,741,111150,111749,1.0
xmu_3,742,111300,111899,1.0
xmu_3,743,111450,112049,1.0
xmu_3,744,111600,112199,1.0
xmu_3,745,111750,112349,1.0
xmu_3,746,111900,112499,1.0
xmu_3,747,112050,112649,1.0
xmu_3,748,112200,112799,1.0
xmu_3,749,112350,112949,1.0
xmu_3,750,112500,113099,1.0
xmu_3,751,112650,113249,1.0
xmu_3,752,112800,113399,1.0
xmu_3,753,112950,113549,1.0
xmu_3,754,113100,113699,1.0
xmu_3,755,113250,113849,1.0
xmu_3,756,113400,113999,1.0
xmu_3,757,113550,114149,1.0
xmu_3,758,113700,114299,1.0
xmu_3,759,113850,114449,1.0
xmu_3,760,114000,114599,1.0
xmu_3,761,114150,114749,1.0
xmu_3,762,114300,114899,1.0
xmu_3,763,114450,115049,1.0
xmu_3,764,114600,115199,1.0
xmu_3,765,114750,115349,1.0
xmu_3,766,114900,115499,1.0
xmu_3,767,115050,115649,1.0
xmu_3,768,115200,115799,1.0
xmu_3,769,115350,115949,1.0
xmu_3,770,115500,116099,1.0
xmu_3,771,115650,116249,1.0
xmu_3,772,115800,116399,1.0
xmu_3,773,115950,116549,1.0
xmu_3,774,116100,116699,1.0
xmu_3,775,116250,116849,1.0
xmu_3,776,116400,116999,1.0
xmu_3,777,116550,117149,1.0
xmu_3,778,116700,117299,1.0
xmu_3,779,116850,117449,1.0
xmu_3,780,117000,117599,1.0
xmu_3,781,117150,117749,1.0
xmu_3,782,117300,117899,1.0
xmu_3,783,117450,118049,1.0
xmu_3,784,117600,118199,1.0
xmu_3,785,117750,118349,1.0
xmu_3,786,117900,118499,1.0
xmu_3,787,118050,118649,1.0
xmu_3,788,118200,118799,1.0
xmu_3,789,118350,118949,1.0
xmu_3,790,118500,119099,1.0
xmu_3,791,118650,119249,1.0
xmu_3,792,118800,119399,1.0
xmu_3,793,118950,119549,1.0
xmu_3,794,119100,119699,1.0
xmu_3,795,119250,119849,1.0
xmu_3,796,119400,119999,1.0
xmu_3,797,119550,120149,1.0
xmu_3,798,119700,120299,1.0
xmu_3,799,119850,120449,1.0
xmu_3,800,120000,120599,1.0
xmu_3,801,120150,120749,1.0
xmu_3,802,120300,120899,1.0
xmu_3,803,120450,121049,1.0
xmu_3,804,120600,121199,1.0
xmu_3,805,120750,121349,1.0
xmu_3,806,120900,121499,1.0
xmu_3,807,121050,121649,1.0
xmu_3,808,121200,121799,1.0
xmu_3,809,121350,121949,1.0
xmu_3,810,121500,122099,1.0
xmu_3,811,121650,122249,1.0
xmu_3,812,121800,122399,1.0
xmu_3,813,121950,122549,1.0
xmu_3,814,122100,122699,1.0
xmu_3,815,122250,122849,1.0
xmu_3,816,122400,122999,1.0
xmu_3,817,122550,123149,1.0
xmu_3,818,122700,123299,1.0
xmu_3,819,122850,123449,1.0
xmu_3,820,123000,123599,1.0
xmu_3,821,123150,123749,1.0
xmu_3,822,123300,123899,1.0
xmu_3,823,123450,124049,1.0
xmu_3,824,123600,124199,1.0
xmu_3,825,123750,124349,1.0
xmu_3,826,123900,124499,1.0
xmu_3,827,124050,124649,1.0
xmu_3,828,124200,124799,1.0
xmu_3,829,124350,124949,1.0
xmu_3,830,124500,125099,1.0
xmu_3,831,124650,125249,1.0
xmu_3,832,124800,125399,1.0
xmu_3,833,124950,125549,1.0
xmu_3,834,125100,125699,1.0
xmu_3,835,125250,125849,1.0
xmu_3,836,125400,125999,1.0
xmu_3,837,125550,126149,1.0
xmu_3,838,125700,126299,1.0
xmu_3,839,125850,126449,1.0
xmu_3,840,126000,126599,1.0
xmu_3,841,126150,126749,1.0
xmu_3,842,126300,126899,1.0
xmu_3,843,126450,127049,1.0
xmu_3,844,126600,127199,1.0
xmu_3,845,126750,127349,1.0
xmu_3,846,126900,127499,1.0
xmu_3,847,127050,127649,1.0
xmu_3,848,127200,127799,1.0
xmu_3,849,127350,127949,1.0
xmu_3,850,127500,128099,1.0
xmu_3,851,127650,128249,1.0
xmu_3,852,127800,128399,1.0
xmu_3,853,127950,128549,1.0
xmu_3,854,128100,128699,1.0
xmu_3,855,128250,128849,1.0
xmu_3,856,128400,128999,1.0
xmu_3,857,128550,129149,1.0
xmu_3,858,128700,129299,1.0
xmu_3,859,128850,129449,1.0
xmu_3,860,129000,129599,1.0
xmu_3,861,129150,129749,1.0
xmu_3,862,129300,129899,1.0
xmu_3,863,129450,130049,1.0
xmu_3,864,129600,130199,1.0
xmu_3,865,129750,130349,1.0
xmu_3,866,129900,130499,1.0
xmu_3,867,130050,130649,1.0
xmu_3,868,130200,130799,1.0
xmu_3,869,130350,130949,1.0
xmu_3,870,130500,131099,1.0
xmu_3,871,130650,131249,1.0
xmu_3,872,130800,131399,1.0
xmu_3,873,130950,131549,1.0
xmu_3,874,131100,131699,1.0
xmu_3,875,131250,131849,1.0
xmu_3,876,131400,131999,1.0
xmu_3,877,131550,132149,1.0
xmu_3,878,131700,132299,1.0
xmu_3,879,131850,132449,1.0
xmu_3,880,132000,132599,1.0
xmu_3,881,132150,132749,1.0
xmu_3,882,132300,132899,1.0
xmu_3,883,132450,133049,1.0
xmu_3,884,132600,133199,1.0
xmu_3,885,132750,133349,1.0
xmu_3,886,132900,133499,1.0
xmu_3,887,133050,133649,1.0
xmu_3,888,133200,133799,1.0
xmu_3,889,133350,133949,1.0
xmu_3,890,133500,134099,1.0
xmu_3,891,133650,134249,1.0
xmu_3,892,133800,134399,1.0
xmu_3,893,133950,134549,1.0
xmu_3,894,134100,134699,1.0
xmu_3,895,134250,134849,1.0
xmu_3,896,134400,134999,1.0
xmu_3,897,134550,135149,1.0
xmu_3,898,134700,135299,1.0
xmu_3,899,134850,135449,1.0
xmu_3,900,135000,135599,1.0
xmu_3,901,135150,135749,1.0
xmu_3,902,135300,135899,1.0
xmu_3,903,135450,136049,1.0
xmu_3,904,135600,136199,1.0
xmu_3,905,135750,136349,1.0
xmu_3,906,135900,136499,1.0
xmu_3,907,136050,136649,1.0
xmu_3,908,136200,136799,1.0
xmu_3,909,136350,136949,1.0
xmu_3,910,136500,137099,1.0
xmu_3,911,136650,137249,1.0
xmu_3,912,136800,137399,1.0
xmu_3,913,136950,137549,1.0
xmu_3,914,137100,137699,1.0
xmu_3,915,137250,137849,1.0
xmu_3,916,137400,137999,1.0
xmu_3,917,137550,138149,1.0
xmu_3,918,137700,138299,1.0
xmu_3,919,137850,138449,1.0
xmu_3,920,138000,138599,1.0
xmu_3,921,138150,138749,1.0
xmu_3,922,138300,138899,1.0
xmu_3,923,138450,139049,1.0
xmu_3,924,138600,139199,1.0
xmu_3,925,138750,139349,1.0
xmu_3,926,138900,139499,1.0
xmu_3,927,139050,139649,1.0
xmu_3,928,139200,139799,1.0
xmu_3,929,139350,139949,1.0
xmu_3,930,139500,140099,1.0
xmu_3,931,139650,140249,1.0
xmu_3,932,139800,140399,1.0
xmu_3,933,139950,140549,1.0
xmu_3,934,140100,140699,1.0
xmu_3,935,140250,140849,1.0
xmu_3,936,140400,140999,1.0
xmu_3,937,140550,141149,1.0
xmu_3,938,140700,141299,1.0
xmu_3,939,140850,141449,1.0
xmu_3,940,141000,141599,1.0
xmu_3,941,141150,141749,1.0
xmu_3,942,141300,141899,1.0
xmu_3,943,141450,142049,1.0
xmu_3,944,141600,142199,1.0
xmu_3,945,141750,142349,1.0
xmu_3,946,141900,142499,1.0
xmu_3,947,142050,142649,1.0
xmu_3,948,142200,142799,1.0
xmu_3,949,142350,142949,1.0
xmu_3,950,142500,143099,1.0
xmu_3,951,142650,143249,1.0
xmu_3,952,142800,143399,1.0
xmu_3,953,142950,143549,1.0
xmu_3,954,143100,143699,1.0
xmu_3,955,143250,143849,1.0
xmu_3,956,143400,143999,1.0
xmu_3,957,143550,144149,1.0
xmu_3,958,143700,144299,1.0
xmu_3,959,143850,144449,1.0
xmu_3,960,144000,144599,1.0
xmu_3,961,144150,144749,1.0
xmu_3,962,144300,144899,1.0
xmu_3,963,144450,145049,1.0
xmu_3,964,144600,145199,1.0
xmu_3,965,144750,145349,1.0
xmu_3,966,144900,145499,1.0
xmu_3,967,145050,145649,1.0
xmu_3,968,145200,145799,1.0
xmu_3,969,145350,145949,1.0
xmu_3,970,145500,146099,1.0
xmu_3,971,145650,146249,1.0
xmu_3,972,145800,146399,1.0
xmu_3,973,145950,146549,1.0
xmu_3,974,146100,146699,1.0
xmu_3,975,146250,146849,1.0
xmu_3,976,146400,146999,1.0
xmu_3,977,146550,147149,1.0
xmu_3,978,146700,147299,1.0
xmu_3,979,146850,147449,1.0
xmu_3,980,147000,147599,1.0
xmu_3,981,147150,147749,1.0
xmu_3,982,147300,147899,1.0
xmu_3,983,147450,148049,1.0
xmu_3,984,147600,148199,1.0
xmu_3,985,147750,148349,1.0
xmu_3,986,147900,148499,1.0
xmu_3,987,148050,148649,1.0
xmu_3,988,148200,148799,1.0
xmu_3,989,148350,148949,1.0
xmu_3,990,148500,149099,1.0
xmu_3,991,148650,149249,1.0
xmu_3,992,148800,149399,1.0
xmu_3,993,148950,149549,1.0
xmu_3,994,149100,149699,1.0
xmu_3,995,149250,149849,1.0
xmu_3,996,149400,149999,1.0
xmu_3,997,149550,150149,1.0
xmu_3,998,149700,150299,1.0
xmu_3,999,149850,150449,1.0
xmu_3,1000,150000,150599,1.0
xmu_3,1001,150150,150749,1.0
xmu_3,1002,150300,150899,1.0
xmu_3,1003,150450,151049,1.0
xmu_3,1004,150600,151199,1.0
xmu_3,1005,150750,151349,1.0
xmu_3,1006,150900,151499,1.0
xmu_3,1007,151050,151649,1.0
xmu_3,1008,151200,151799,1.0
xmu_3,1009,151350,151949,1.0
xmu_3,1010,151500,152099,1.0
xmu_3,1011,151650,152249,1.0
xmu_3,1012,151800,152399,1.0
xmu_3,1013,151950,152549,1.0
xmu_3,1014,152100,152699,1.0
xmu_3,1015,152250,152849,1.0
xmu_3,1016,152400,152999,1.0
xmu_3,1017,152550,153149,1.0
xmu_3,1018,152700,153299,1.0
xmu_3,1019,152850,153449,1.0
xmu_3,1020,153000,153599,1.0
xmu_3,1021,153150,153749,1.0
xmu_3,1022,153300,153899,1.0
xmu_3,1023,153450,154049,1.0
xmu_3,1024,153600,154199,1.0
xmu_3,1025,153750,154349,1.0
xmu_3,1026,153900,154499,1.0
xmu_3,1027,154050,154649,1.0
xmu_3,1028,154200,154799,1.0
xmu_3,1029,154350,154949,1.0
xmu_3,1030,154500,155099,1.0
xmu_3,1031,154650,155249,1.0
xmu_3,1032,154800,155399,1.0
xmu_3,1033,154950,155549,1.0
xmu_3,1034,155100,155699,1.0
xmu_3,1035,155250,155849,1.0
xmu_3,1036,155400,155999,1.0
xmu_3,1037,155550,156149,1.0
xmu_3,1038,155700,156299,1.0
xmu_3,1039,155850,156449,1.0
xmu_3,1040,156000,156599,1.0
xmu_3,1041,156150,156749,1.0
xmu_3,1042,156300,156899,1.0
xmu_3,1043,156450,157049,1.0
xmu_3,1044,156600,157199,1.0
xmu_3,1045,156750,157349,1.0
xmu_3,1046,156900,157499,1.0
xmu_3,1047,157050,157649,1.0
xmu_3,1048,157200,157799,1.0
xmu_3,1049,157350,157949,1.0
xmu_3,1050,157500,158099,1.0
xmu_3,1051,157650,158249,1.0
xmu_3,1052,157800,158399,1.0
xmu_3,1053,157950,158549,1.0
xmu_3,1054,158100,158699,1.0
xmu_3,1055,158250,158849,1.0
xmu_3,1056,158400,158999,1.0
xmu_3,1057,158550,159149,1.0
xmu_3,1058,158700,159299,1.0
xmu_3,1059,158850,159449,1.0
xmu_3,1060,159000,159599,1.0
xmu_3,1061,159150,159749,1.0
xmu_3,1062,159300,159899,1.0
xmu_3,1063,159450,160049,1.0
xmu_3,1064,159600,160199,1.0
xmu_3,1068,160200,160799,0.9733333587646484
xmu_3,1069,160350,160949,1.0
xmu_3,1070,160500,161099,1.0
xmu_3,1071,160650,161249,1.0
xmu_3,1072,160800,161399,1.0
xmu_3,1073,160950,161549,1.0
xmu_3,1074,161100,161699,1.0
xmu_3,1075,161250,161849,1.0
xmu_3,1076,161400,161999,1.0
xmu_3,1077,161550,162149,1.0
xmu_3,1078,161700,162299,1.0
xmu_3,1079,161850,162449,1.0
xmu_3,1080,162000,162599,1.0
xmu_3,1081,162150,162749,1.0
xmu_3,1082,162300,162899,1.0
xmu_3,1083,162450,163049,1.0
xmu_3,1084,162600,163199,1.0
xmu_3,1085,162750,163349,1.0
xmu_3,1086,162900,163499,1.0
xmu_3,1087,163050,163649,1.0
xmu_3,1088,163200,163799,1.0
xmu_3,1089,163350,163949,1.0
xmu_3,1090,163500,164099,1.0
xmu_3,1091,163650,164249,1.0
xmu_3,1092,163800,164399,1.0
xmu_3,1093,163950,164549,1.0
xmu_3,1094,164100,164699,1.0
xmu_3,1095,164250,164849,1.0
xmu_3,1096,164400,164999,1.0
xmu_3,1097,164550,165149,1.0
xmu_3,1098,164700,165299,1.0
xmu_3,1099,164850,165449,1.0
xmu_3,1100,165000,165599,1.0
xmu_3,1101,165150,165749,1.0
xmu_3,1102,165300,165899,1.0
xmu_3,1103,165450,166049,1.0
xmu_3,1104,165600,166199,1.0
xmu_3,1105,165750,166349,1.0
xmu_3,1106,165900,166499,1.0
xmu_3,1107,166050,166649,1.0
xmu_3,1108,166200,166799,1.0
xmu_3,1109,166350,166949,1.0
xmu_3,1110,166500,167099,1.0
xmu_3,1111,166650,167249,1.0
xmu_3,1112,166800,167399,1.0
xmu_3,1113,166950,167549,1.0
xmu_3,1114,167100,167699,1.0
xmu_3,1115,167250,167849,1.0
xmu_3,1116,167400,167999,1.0
xmu_3,1117,167550,168149,1.0
xmu_3,1118,167700,168299,1.0
xmu_3,1119,167850,168449,1.0
xmu_3,1120,168000,168599,1.0
xmu_3,1121,168150,168749,1.0
xmu_3,1122,168300,168899,1.0
xmu_3,1123,168450,169049,1.0
xmu_3,1124,168600,169199,1.0
xmu_3,1125,168750,169349,1.0
xmu_3,1126,168900,169499,1.0
xmu_3,1127,169050,169649,1.0
xmu_3,1128,169200,169799,1.0
xmu_3,1129,169350,169949,1.0
xmu_3,1130,169500,170099,1.0
xmu_3,1131,169650,170249,1.0
xmu_3,1132,169800,170399,1.0
xmu_3,1133,169950,170549,1.0
xmu_3,1134,170100,170699,1.0
xmu_3,1135,170250,170849,1.0
xmu_3,1136,170400,170999,1.0
xmu_3,1137,170550,171149,1.0
xmu_3,1138,170700,171299,1.0
xmu_3,1139,170850,171449,1.0
xmu_3,1140,171000,171599,1.0
xmu_3,1141,171150,171749,1.0
xmu_3,1142,171300,171899,1.0
xmu_3,1143,171450,172049,1.0
xmu_3,1144,171600,172199,1.0
xmu_3,1145,171750,172349,1.0
xmu_3,1146,171900,172499,1.0
xmu_3,1147,172050,172649,1.0
xmu_3,1148,172200,172799,1.0
xmu_3,1149,172350,172949,1.0
xmu_3,1150,172500,173099,1.0
xmu_3,1151,172650,173249,1.0
xmu_3,1152,172800,173399,1.0
xmu_3,1153,172950,173549,1.0
xmu_3,1154,173100,173699,1.0
xmu_3,1155,173250,173849,1.0
xmu_3,1156,173400,173999,1.0
xmu_3,1157,173550,174149,1.0
xmu_3,1158,173700,174299,1.0
xmu_3,1159,173850,174449,1.0
xmu_3,1160,174000,174599,1.0
xmu_3,1161,174150,174749,1.0
xmu_3,1162,174300,174899,1.0
xmu_3,1163,174450,175049,1.0
xmu_3,1164,174600,175199,1.0
xmu_3,1165,174750,175349,1.0
xmu_3,1166,174900,175499,1.0
xmu_3,1167,175050,175649,1.0
xmu_3,1168,175200,175799,1.0
xmu_3,1169,175350,175949,1.0
xmu_3,1170,175500,176099,1.0
xmu_3,1171,175650,176249,1.0
xmu_3,1172,175800,176399,1.0
xmu_3,1173,175950,176549,1.0
xmu_3,1174,176100,176699,1.0
xmu_3,1175,176250,176849,1.0
xmu_3,1176,176400,176999,1.0
xmu_3,1177,176550,177149,1.0
xmu_3,1178,176700,177299,1.0
xmu_3,1179,176850,177449,1.0
xmu_3,1180,177000,177599,1.0
xmu_3,1181,177150,177749,1.0
xmu_3,1182,177300,177899,1.0
xmu_3,1183,177450,178049,1.0
xmu_3,1184,177600,178199,1.0
xmu_3,1185,177750,178349,1.0
xmu_3,1186,177900,178499,1.0
xmu_3,1187,178050,178649,1.0
xmu_3,1188,178200,178799,1.0
xmu_3,1189,178350,178949,1.0
xmu_3,1190,178500,179099,1.0
xmu_3,1191,178650,179249,1.0
xmu_3,1192,178800,179399,1.0
xmu_3,1193,178950,179549,1.0
xmu_3,1194,179100,179699,1.0
xmu_3,1195,179250,179849,1.0
xmu_3,1196,179400,179999,1.0
xmu_3,1197,179550,180149,1.0
xmu_3,1198,179700,180299,1.0
xmu_3,1199,179850,180449,1.0
xmu_3,1200,180000,180599,1.0
xmu_3,1201,180150,180749,1.0
xmu_3,1202,180300,180899,1.0
xmu_3,1203,180450,181049,1.0
xmu_3,1204,180600,181199,1.0
xmu_3,1205,180750,181349,1.0
xmu_3,1206,180900,181499,1.0
xmu_3,1207,181050,181649,1.0
xmu_3,1208,181200,181799,1.0
xmu_3,1209,181350,181949,1.0
xmu_3,1210,181500,182099,1.0
xmu_3,1211,181650,182249,1.0
xmu_3,1212,181800,182399,1.0
xmu_3,1213,181950,182549,1.0
xmu_3,1214,182100,182699,1.0
xmu_3,1215,182250,182849,1.0
xmu_3,1216,182400,182999,1.0
xmu_3,1217,182550,183149,1.0
xmu_3,1218,182700,183299,1.0
xmu_3,1219,182850,183449,1.0
xmu_3,1220,183000,183599,1.0
xmu_3,1221,183150,183749,1.0
xmu_3,1222,183300,183899,1.0
xmu_3,1223,183450,184049,1.0
xmu_3,1224,183600,184199,1.0
xmu_3,1225,183750,184349,1.0
xmu_3,1226,183900,184499,1.0
xmu_3,1227,184050,184649,1.0
xmu_3,1228,184200,184799,1.0
xmu_3,1229,184350,184949,1.0
xmu_3,1230,184500,185099,1.0
xmu_3,1231,184650,185249,1.0
xmu_3,1232,184800,185399,1.0
xmu_3,1233,184950,185549,1.0
xmu_3,1234,185100,185699,1.0
xmu_3,1235,185250,185849,1.0
xmu_3,1236,185400,185999,1.0
xmu_3,1237,185550,186149,1.0
xmu_3,1238,185700,186299,1.0
xmu_3,1239,185850,186449,1.0
xmu_3,1240,186000,186599,1.0
xmu_3,1241,186150,186749,1.0
xmu_3,1242,186300,186899,1.0
xmu_3,1243,186450,187049,1.0
xmu_3,1244,186600,187199,1.0
xmu_3,1245,186750,187349,1.0
xmu_3,1246,186900,187499,1.0
xmu_3,1247,187050,187649,1.0
xmu_3,1248,187200,187799,1.0
xmu_3,1249,187350,187949,1.0
xmu_3,1250,187500,188099,1.0
xmu_3,1251,187650,188249,1.0
xmu_3,1252,187800,188399,1.0
xmu_3,1253,187950,188549,1.0
xmu_3,1254,188100,188699,1.0
xmu_3,1255,188250,188849,1.0
xmu_3,1256,188400,188999,1.0
xmu_3,1257,188550,189149,1.0
xmu_3,1258,188700,189299,1.0
xmu_3,1259,188850,189449,1.0
xmu_3,1260,189000,189599,1.0
xmu_3,1261,189150,189749,1.0
xmu_3,1262,189300,189899,1.0
xmu_3,1263,189450,190049,1.0
xmu_3,1264,189600,190199,1.0
xmu_3,1265,189750,190349,1.0
xmu_3,1266,189900,190499,1.0
xmu_3,1267,190050,190649,1.0
xmu_3,1268,190200,190799,1.0
xmu_3,1269,190350,190949,1.0
xmu_3,1270,190500,191099,1.0
xmu_3,1271,190650,191249,1.0
xmu_3,1272,190800,191399,1.0
xmu_3,1273,190950,191549,1.0
xmu_3,1274,191100,191699,1.0
xmu_3,1275,191250,191849,1.0
xmu_3,1276,191400,191999,1.0
xmu_3,1277,191550,192149,1.0
xmu_3,1278,191700,192299,1.0
xmu_3,1279,191850,192449,1.0
xmu_3,1280,192000,192599,1.0
xmu_3,1281,192150,192749,1.0
xmu_3,1282,192300,192899,1.0
xmu_3,1283,192450,193049,1.0
xmu_3,1284,192600,193199,1.0
xmu_3,1285,192750,193349,1.0
xmu_3,1286,192900,193499,1.0
xmu_3,1287,193050,193649,1.0
xmu_3,1288,193200,193799,1.0
xmu_3,1289,193350,193949,1.0
xmu_3,1290,193500,194099,1.0
xmu_3,1291,193650,194249,1.0
xmu_3,1292,193800,194399,1.0
xmu_3,1293,193950,194549,1.0
xmu_3,1294,194100,194699,1.0
xmu_3,1295,194250,194849,1.0
xmu_3,1296,194400,194999,1.0
xmu_3,1297,194550,195149,1.0
xmu_3,1298,194700,195299,1.0
xmu_3,1299,194850,195449,1.0
xmu_3,1300,195000,195599,1.0
xmu_3,1301,195150,195749,1.0
xmu_3,1302,195300,195899,1.0
xmu_3,1303,195450,196049,1.0
xmu_3,1304,195600,196199,1.0
xmu_3,1305,195750,196349,1.0
xmu_3,1306,195900,196499,1.0
xmu_3,1307,196050,196649,1.0
xmu_3,1308,196200,196799,1.0
xmu_3,1309,196350,196949,1.0
xmu_3,1310,196500,197099,1.0
xmu_3,1311,196650,197249,1.0
xmu_3,1312,196800,197399,1.0
xmu_3,1313,196950,197549,1.0
xmu_3,1314,197100,197699,1.0
xmu_3,1315,197250,197849,1.0
xmu_3,1316,197400,197999,1.0
xmu_3,1317,197550,198149,1.0
xmu_3,1318,197700,198299,1.0
xmu_3,1319,197850,198449,1.0
xmu_3,1320,198000,198599,1.0
xmu_3,1321,198150,198749,1.0
xmu_3,1322,198300,198899,1.0
xmu_3,1323,198450,199049,1.0
xmu_3,1324,198600,199199,1.0
xmu_3,1325,198750,199349,1.0
xmu_3,1326,198900,199499,1.0
xmu_3,1327,199050,199649,1.0
xmu_3,1328,199200,199799,1.0
xmu_3,1329,199350,199949,1.0
xmu_3,1330,199500,200099,1.0
xmu_3,1331,199650,200249,1.0
xmu_3,1332,199800,200399,1.0
xmu_3,1333,199950,200549,1.0
xmu_3,1334,200100,200699,1.0
xmu_3,1335,200250,200849,1.0
xmu_3,1336,200400,200999,1.0
xmu_3,1337,200550,201149,1.0
xmu_3,1338,200700,201299,1.0
xmu_3,1339,200850,201449,1.0
xmu_3,1340,201000,201599,1.0
xmu_3,1341,201150,201749,1.0
xmu_3,1342,201300,201899,1.0
xmu_3,1343,201450,202049,1.0
xmu_3,1344,201600,202199,1.0
xmu_3,1345,201750,202349,1.0
xmu_3,1346,201900,202499,1.0
xmu_3,1347,202050,202649,1.0
xmu_3,1348,202200,202799,1.0
xmu_3,1349,202350,202949,1.0
xmu_3,1350,202500,203099,1.0
xmu_3,1351,202650,203249,1.0
xmu_3,1352,202800,203399,1.0
xmu_3,1353,202950,203549,1.0
xmu_3,1354,203100,203699,1.0
xmu_3,1355,203250,203849,1.0
xmu_3,1356,203400,203999,1.0
xmu_3,1357,203550,204149,1.0
xmu_3,1358,203700,204299,1.0
xmu_3,1359,203850,204449,1.0
xmu_3,1360,204000,204599,1.0
xmu_3,1361,204150,204749,1.0
xmu_3,1362,204300,204899,1.0
xmu_3,1363,204450,205049,1.0
xmu_3,1364,204600,205199,1.0
xmu_3,1365,204750,205349,1.0
xmu_3,1366,204900,205499,1.0
xmu_3,1367,205050,205649,1.0
xmu_3,1368,205200,205799,1.0
xmu_3,1369,205350,205949,1.0
xmu_3,1370,205500,206099,1.0
xmu_3,1371,205650,206249,1.0
xmu_3,1372,205800,206399,1.0
xmu_3,1373,205950,206549,1.0
xmu_3,1374,206100,206699,1.0
xmu_3,1375,206250,206849,1.0
xmu_3,1376,206400,206999,1.0
xmu_3,1377,206550,207149,1.0
xmu_3,1378,206700,207299,1.0
xmu_3,1379,206850,207449,1.0
xmu_3,1380,207000,207599,1.0
xmu_3,1381,207150,207749,1.0
xmu_3,1382,207300,207899,1.0
xmu_3,1383,207450,208049,1.0
xmu_3,1384,207600,208199,1.0
xmu_3,1385,207750,208349,1.0
xmu_3,1386,207900,208499,1.0
xmu_3,1387,208050,208649,1.0
xmu_3,1388,208200,208799,1.0
xmu_3,1389,208350,208949,1.0
xmu_3,1390,208500,209099,1.0
xmu_3,1391,208650,209249,1.0
xmu_3,1392,208800,209399,1.0
xmu_3,1393,208950,209549,1.0
xmu_3,1394,209100,209699,1.0
xmu_3,1395,209250,209849,1.0
xmu_3,1396,209400,209999,1.0
xmu_3,1397,209550,210149,1.0
xmu_3,1398,209700,210299,1.0
xmu_3,1399,209850,210449,1.0
xmu_3,1400,210000,210599,1.0
xmu_3,1401,210150,210749,1.0
xmu_3,1402,210300,210899,1.0
xmu_3,1403,210450,211049,1.0
xmu_3,1404,210600,211199,1.0
xmu_3,1405,210750,211349,1.0
xmu_3,1406,210900,211499,1.0
xmu_3,1407,211050,211649,1.0
xmu_3,1408,211200,211799,1.0
xmu_3,1409,211350,211949,1.0
xmu_3,1410,211500,212099,1.0
xmu_3,1411,211650,212249,1.0
xmu_3,1412,211800,212399,1.0
xmu_3,1413,211950,212549,1.0
xmu_3,1414,212100,212699,1.0
xmu_3,1415,212250,212849,1.0
xmu_3,1416,212400,212999,1.0
xmu_3,1417,212550,213149,1.0
xmu_3,1418,212700,213299,1.0
xmu_3,1419,212850,213449,1.0
xmu_3,1420,213000,213599,1.0
xmu_3,1421,213150,213749,1.0
xmu_3,1422,213300,213899,1.0
xmu_3,1423,213450,214049,1.0
xmu_3,1424,213600,214199,1.0
xmu_3,1425,213750,214349,1.0
xmu_3,1426,213900,214499,1.0
xmu_3,1427,214050,214649,1.0
xmu_3,1428,214200,214799,1.0
xmu_3,1429,214350,214949,1.0
xmu_3,1430,214500,215099,1.0
xmu_3,1431,214650,215249,1.0
xmu_3,1432,214800,215399,1.0
xmu_3,1433,214950,215549,1.0
xmu_3,1434,215100,215699,1.0
xmu_3,1435,215250,215849,1.0
xmu_3,1436,215400,215999,1.0
xmu_3,1437,215550,216149,1.0
xmu_3,1438,215700,216299,1.0
xmu_3,1439,215850,216449,1.0
xmu_3,1440,216000,216599,1.0
xmu_3,1441,216150,216749,1.0
xmu_3,1442,216300,216899,1.0
xmu_3,1443,216450,217049,1.0
xmu_3,1444,216600,217199,1.0
xmu_3,1445,216750,217349,1.0
xmu_3,1446,216900,217499,1.0
xmu_3,1447,217050,217649,1.0
xmu_3,1448,217200,217799,1.0
xmu_3,1449,217350,217949,1.0
xmu_3,1450,217500,218099,1.0
xmu_3,1451,217650,218249,1.0
xmu_3,1452,217800,218399,1.0
xmu_3,1453,217950,218549,1.0
xmu_3,1454,218100,218699,1.0
xmu_3,1455,218250,218849,1.0
xmu_3,1456,218400,218999,1.0
xmu_3,1457,218550,219149,1.0
xmu_3,1458,218700,219299,1.0
xmu_3,1459,218850,219449,1.0
xmu_3,1460,219000,219599,1.0
xmu_3,1461,219150,219749,1.0
xmu_3,1462,219300,219899,1.0
xmu_3,1463,219450,220049,1.0
xmu_4,0,0,599,1.0
xmu_4,1,150,749,1.0
xmu_4,2,300,899,1.0
xmu_4,3,450,1049,1.0
xmu_4,4,600,1199,1.0
xmu_4,5,750,1349,1.0
xmu_4,6,900,1499,1.0
xmu_4,7,1050,1649,1.0
xmu_4,8,1200,1799,1.0
xmu_4,9,1350,1949,1.0
xmu_4,10,1500,2099,1.0
xmu_4,11,1650,2249,1.0
xmu_4,12,1800,2399,1.0
xmu_4,13,1950,2549,1.0
xmu_4,14,2100,2699,1.0
xmu_4,15,2250,2849,1.0
xmu_4,16,2400,2999,1.0
xmu_4,17,2550,3149,1.0
xmu_4,18,2700,3299,1.0
xmu_4,19,2850,3449,1.0
xmu_4,20,3000,3599,1.0
xmu_4,21,3150,3749,1.0
xmu_4,22,3300,3899,1.0
xmu_4,23,3450,4049,1.0
xmu_4,24,3600,4199,1.0
xmu_4,25,3750,4349,1.0
xmu_4,26,3900,4499,1.0
xmu_4,27,4050,4649,1.0
xmu_4,28,4200,4799,1.0
xmu_4,29,4350,4949,1.0
xmu_4,30,4500,5099,1.0
xmu_4,31,4650,5249,1.0
xmu_4,32,4800,5399,1.0
xmu_4,33,4950,5549,1.0
xmu_4,34,5100,5699,1.0
xmu_4,35,5250,5849,1.0
xmu_4,36,5400,5999,1.0
xmu_4,37,5550,6149,1.0
xmu_4,38,5700,6299,1.0
xmu_4,39,5850,6449,1.0
xmu_4,40,6000,6599,1.0
xmu_4,41,6150,6749,1.0
xmu_4,42,6300,6899,1.0
xmu_4,43,6450,7049,1.0
xmu_4,44,6600,7199,1.0
xmu_4,45,6750,7349,1.0
xmu_4,46,6900,7499,1.0
xmu_4,47,7050,7649,1.0
xmu_4,48,7200,7799,1.0
xmu_4,49,7350,7949,1.0
xmu_4,50,7500,8099,1.0
xmu_4,51,7650,8249,1.0
xmu_4,52,7800,8399,1.0
xmu_4,53,7950,8549,1.0
xmu_4,54,8100,8699,1.0
xmu_4,55,8250,8849,1.0
xmu_4,56,8400,8999,1.0
xmu_4,57,8550,9149,1.0
xmu_4,58,8700,9299,1.0
xmu_4,59,8850,9449,1.0
xmu_4,60,9000,9599,1.0
xmu_4,61,9150,9749,1.0
xmu_4,62,9300,9899,1.0
xmu_4,63,9450,10049,1.0
xmu_4,64,9600,10199,1.0
xmu_4,65,9750,10349,1.0
xmu_4,66,9900,10499,1.0
xmu_4,67,10050,10649,1.0
xmu_4,68,10200,10799,1.0
xmu_4,69,10350,10949,1.0
xmu_4,70,10500,11099,1.0
xmu_4,71,10650,11249,1.0
xmu_4,72,10800,11399,1.0
xmu_4,73,10950,11549,1.0
xmu_4,74,11100,11699,1.0
xmu_4,75,11250,11849,1.0
xmu_4,76,11400,11999,1.0
xmu_4,77,11550,12149,1.0
xmu_4,78,11700,12299,1.0
xmu_4,79,11850,12449,1.0
xmu_4,80,12000,12599,1.0
xmu_4,81,12150,12749,1.0
xmu_4,82,12300,12899,1.0
xmu_4,83,12450,13049,1.0
xmu_4,84,12600,13199,1.0
xmu_4,85,12750,13349,1.0
xmu_4,86,12900,13499,1.0
xmu_4,87,13050,13649,1.0
xmu_4,88,13200,13799,1.0
xmu_4,89,13350,13949,1.0
xmu_4,90,13500,14099,1.0
xmu_4,91,13650,14249,1.0
xmu_4,92,13800,14399,1.0
xmu_4,93,13950,14549,1.0
xmu_4,94,14100,14699,1.0
xmu_4,95,14250,14849,1.0
xmu_4,96,14400,14999,1.0
xmu_4,97,14550,15149,1.0
xmu_4,98,14700,15299,1.0
xmu_4,99,14850,15449,1.0
xmu_4,100,15000,15599,1.0
xmu_4,101,15150,15749,1.0
xmu_4,102,15300,15899,1.0
xmu_4,103,15450,16049,1.0
xmu_4,104,15600,16199,1.0
xmu_4,105,15750,16349,1.0
xmu_4,106,15900,16499,1.0
xmu_4,107,16050,16649,1.0
xmu_4,108,16200,16799,1.0
xmu_4,109,16350,16949,1.0
xmu_4,110,16500,17099,1.0
xmu_4,111,16650,17249,1.0
xmu_4,112,16800,17399,1.0
xmu_4,113,16950,17549,1.0
xmu_4,114,17100,17699,1.0
xmu_4,115,17250,17849,1.0
xmu_4,116,17400,17999,1.0
xmu_4,117,17550,18149,1.0
xmu_4,118,17700,18299,1.0
xmu_4,119,17850,18449,1.0
xmu_4,120,18000,18599,1.0
xmu_4,121,18150,18749,1.0
xmu_4,122,18300,18899,1.0
xmu_4,123,18450,19049,1.0
xmu_4,124,18600,19199,1.0
xmu_4,125,18750,19349,1.0
xmu_4,126,18900,19499,1.0
xmu_4,127,19050,19649,1.0
xmu_4,128,19200,19799,1.0
xmu_4,129,19350,19949,1.0
xmu_4,130,19500,20099,1.0
xmu_4,131,19650,20249,1.0
xmu_4,132,19800,20399,1.0
xmu_4,133,19950,20549,1.0
xmu_4,134,20100,20699,1.0
xmu_4,135,20250,20849,1.0
xmu_4,136,20400,20999,1.0
xmu_4,137,20550,21149,1.0
xmu_4,138,20700,21299,1.0
xmu_4,139,20850,21449,1.0
xmu_4,140,21000,21599,1.0
xmu_4,141,21150,21749,1.0
xmu_4,142,21300,21899,1.0
xmu_4,143,21450,22049,1.0
xmu_4,144,21600,22199,1.0
xmu_4,145,21750,22349,1.0
xmu_4,146,21900,22499,1.0
xmu_4,147,22050,22649,1.0
xmu_4,148,22200,22799,1.0
xmu_4,149,22350,22949,1.0
xmu_4,150,22500,23099,1.0
xmu_4,151,22650,23249,1.0
xmu_4,152,22800,23399,1.0
xmu_4,153,22950,23549,1.0
xmu_4,154,23100,23699,1.0
xmu_4,155,23250,23849,1.0
xmu_4,156,23400,23999,1.0
xmu_4,157,23550,24149,1.0
xmu_4,158,23700,24299,1.0
xmu_4,159,23850,24449,1.0
xmu_4,160,24000,24599,1.0
xmu_4,161,24150,24749,1.0
xmu_4,162,24300,24899,1.0
xmu_4,163,24450,25049,1.0
xmu_4,164,24600,25199,1.0
xmu_4,165,24750,25349,1.0
xmu_4,166,24900,25499,1.0
xmu_4,167,25050,25649,1.0
xmu_4,168,25200,25799,0.9599999785423279
xmu_4,172,25800,26399,1.0
xmu_4,173,25950,26549,1.0
xmu_4,174,26100,26699,1.0
xmu_4,175,26250,26849,1.0
xmu_4,176,26400,26999,1.0
xmu_4,177,26550,27149,1.0
xmu_4,178,26700,27299,1.0
xmu_4,179,26850,27449,1.0
xmu_4,180,27000,27599,1.0
xmu_4,181,27150,27749,1.0
xmu_4,182,27300,27899,1.0
xmu_4,183,27450,28049,1.0
xmu_4,184,27600,28199,1.0
xmu_4,185,27750,28349,1.0
xmu_4,186,27900,28499,1.0
xmu_4,187,28050,28649,1.0
xmu_4,188,28200,28799,1.0
xmu_4,189,28350,28949,1.0
xmu_4,190,28500,29099,1.0
xmu_4,191,28650,29249,1.0
xmu_4,192,28800,29399,1.0
xmu_4,193,28950,29549,1.0
xmu_4,194,29100,29699,1.0
xmu_4,195,29250,29849,1.0
xmu_4,196,29400,29999,1.0
xmu_4,197,29550,30149,1.0
xmu_4,198,29700,30299,1.0
xmu_4,199,29850,30449,1.0
xmu_4,200,30000,30599,1.0
xmu_4,201,30150,30749,1.0
xmu_4,202,30300,30899,1.0
xmu_4,207,31050,31649,1.0
xmu_4,208,31200,31799,1.0
xmu_4,209,31350,31949,1.0
xmu_4,210,31500,32099,1.0
xmu_4,211,31650,32249,1.0
xmu_4,212,31800,32399,1.0
xmu_4,213,31950,32549,1.0
xmu_4,214,32100,32699,1.0
xmu_4,215,32250,32849,1.0
xmu_4,216,32400,32999,1.0
xmu_4,217,32550,33149,1.0
xmu_4,218,32700,33299,1.0
xmu_4,219,32850,33449,1.0
xmu_4,220,33000,33599,1.0
xmu_4,221,33150,33749,1.0
xmu_4,222,33300,33899,1.0
xmu_4,223,33450,34049,1.0
xmu_4,227,34050,34649,0.925000011920929
xmu_4,228,34200,34799,1.0
xmu_4,229,34350,34949,1.0
xmu_4,230,34500,35099,1.0
xmu_4,231,34650,35249,1.0
xmu_4,232,34800,35399,1.0
xmu_4,233,34950,35549,1.0
xmu_4,234,35100,35699,1.0
xmu_4,235,35250,35849,1.0
xmu_4,236,35400,35999,1.0
xmu_4,237,35550,36149,1.0
xmu_4,238,35700,36299,1.0
xmu_4,239,35850,36449,1.0
xmu_4,240,36000,36599,1.0
xmu_4,241,36150,36749,1.0
xmu_4,242,36300,36899,1.0
xmu_4,243,36450,37049,1.0
xmu_4,244,36600,37199,1.0
xmu_4,245,36750,37349,1.0
xmu_4,246,36900,37499,1.0
xmu_4,247,37050,37649,1.0
xmu_4,248,37200,37799,1.0
xmu_4,249,37350,37949,1.0
xmu_4,250,37500,38099,1.0
xmu_4,251,37650,38249,1.0
xmu_4,252,37800,38399,1.0
xmu_4,253,37950,38549,1.0
xmu_4,254,38100,38699,1.0
xmu_4,255,38250,38849,0.9200000166893005
xmu_4,259,38850,39449,1.0
xmu_4,260,39000,39599,1.0
xmu_4,261,39150,39749,1.0
xmu_4,262,39300,39899,1.0
xmu_4,263,39450,40049,1.0
xmu_4,264,39600,40199,1.0
xmu_4,265,39750,40349,1.0
xmu_4,266,39900,40499,1.0
xmu_4,267,40050,40649,1.0
xmu_4,268,40200,40799,1.0
xmu_4,269,40350,40949,1.0
xmu_4,270,40500,41099,1.0
xmu_4,271,40650,41249,1.0
xmu_4,272,40800,41399,1.0
xmu_4,273,40950,41549,1.0
xmu_4,274,41100,41699,1.0
xmu_4,275,41250,41849,1.0
xmu_4,276,41400,41999,1.0
xmu_4,277,41550,42149,1.0
xmu_4,278,41700,42299,1.0
xmu_4,279,41850,42449,1.0
xmu_4,280,42000,42599,1.0
xmu_4,281,42150,42749,1.0
xmu_4,282,42300,42899,1.0
xmu_4,283,42450,43049,1.0
xmu_4,284,42600,43199,1.0
xmu_4,285,42750,43349,1.0
xmu_4,286,42900,43499,1.0
xmu_4,287,43050,43649,1.0
xmu_4,288,43200,43799,1.0
xmu_4,289,43350,43949,1.0
xmu_4,290,43500,44099,1.0
xmu_4,291,43650,44249,1.0
xmu_4,292,43800,44399,1.0
xmu_4,293,43950,44549,1.0
xmu_4,294,44100,44699,1.0
xmu_4,295,44250,44849,1.0
xmu_4,296,44400,44999,1.0
xmu_4,297,44550,45149,1.0
xmu_4,298,44700,45299,1.0
xmu_4,299,44850,45449,1.0
xmu_4,300,45000,45599,1.0
xmu_4,301,45150,45749,1.0
xmu_4,302,45300,45899,1.0
xmu_4,303,45450,46049,1.0
xmu_4,304,45600,46199,1.0
xmu_4,305,45750,46349,1.0
xmu_4,306,45900,46499,1.0
xmu_4,307,46050,46649,1.0
xmu_4,308,46200,46799,1.0
xmu_4,309,46350,46949,1.0
xmu_4,310,46500,47099,1.0
xmu_4,311,46650,47249,1.0
xmu_4,312,46800,47399,1.0
xmu_4,313,46950,47549,1.0
xmu_4,314,47100,47699,1.0
xmu_4,315,47250,47849,1.0
xmu_4,316,47400,47999,1.0
xmu_4,317,47550,48149,1.0
xmu_4,318,47700,48299,1.0
xmu_4,319,47850,48449,1.0
xmu_4,320,48000,48599,1.0
xmu_4,321,48150,48749,1.0
xmu_4,322,48300,48899,1.0
xmu_4,323,48450,49049,1.0
xmu_4,324,48600,49199,1.0
xmu_4,325,48750,49349,1.0
xmu_4,326,48900,49499,1.0
xmu_4,327,49050,49649,1.0
xmu_4,328,49200,49799,1.0
xmu_4,329,49350,49949,1.0
xmu_4,330,49500,50099,1.0
xmu_4,331,49650,50249,1.0
xmu_4,332,49800,50399,1.0
xmu_4,333,49950,50549,1.0
xmu_4,334,50100,50699,1.0
xmu_4,335,50250,50849,1.0
xmu_4,336,50400,50999,1.0
xmu_4,337,50550,51149,1.0
xmu_4,338,50700,51299,1.0
xmu_4,339,50850,51449,1.0
xmu_4,340,51000,51599,1.0
xmu_4,341,51150,51749,1.0
xmu_4,342,51300,51899,1.0
xmu_4,343,51450,52049,1.0
xmu_4,344,51600,52199,1.0
xmu_4,345,51750,52349,1.0
xmu_4,346,51900,52499,1.0
xmu_4,347,52050,52649,1.0
xmu_4,348,52200,52799,1.0
xmu_4,349,52350,52949,1.0
xmu_4,350,52500,53099,1.0
xmu_4,351,52650,53249,1.0
xmu_4,352,52800,53399,1.0
xmu_4,353,52950,53549,1.0
xmu_4,354,53100,53699,1.0
xmu_4,355,53250,53849,1.0
xmu_4,356,53400,53999,1.0
xmu_4,357,53550,54149,1.0
xmu_4,358,53700,54299,1.0
xmu_4,359,53850,54449,1.0
xmu_4,360,54000,54599,1.0
xmu_4,361,54150,54749,1.0
xmu_4,362,54300,54899,1.0
xmu_4,363,54450,55049,1.0
xmu_4,364,54600,55199,1.0
xmu_4,365,54750,55349,1.0
xmu_4,366,54900,55499,1.0
xmu_4,367,55050,55649,1.0
xmu_4,368,55200,55799,1.0
xmu_4,369,55350,55949,1.0
xmu_4,370,55500,56099,1.0
xmu_4,371,55650,56249,1.0
xmu_4,372,55800,56399,1.0
xmu_4,373,55950,56549,1.0
xmu_4,374,56100,56699,1.0
xmu_4,375,56250,56849,1.0
xmu_4,376,56400,56999,1.0
xmu_4,377,56550,57149,1.0
xmu_4,378,56700,57299,1.0
xmu_4,379,56850,57449,1.0
xmu_4,380,57000,57599,1.0
xmu_4,381,57150,57749,1.0
xmu_4,382,57300,57899,1.0
xmu_4,383,57450,58049,1.0
xmu_4,384,57600,58199,1.0
xmu_4,385,57750,58349,1.0
xmu_4,386,57900,58499,1.0
xmu_4,387,58050,58649,1.0
xmu_4,388,58200,58799,1.0
xmu_4,389,58350,58949,1.0
xmu_4,390,58500,59099,1.0
xmu_4,391,58650,59249,1.0
xmu_4,392,58800,59399,1.0
xmu_4,393,58950,59549,1.0
xmu_4,394,59100,59699,1.0
xmu_4,395,59250,59849,1.0
xmu_4,396,59400,59999,1.0
xmu_4,397,59550,60149,1.0
xmu_4,398,59700,60299,1.0
xmu_4,399,59850,60449,1.0
xmu_4,400,60000,60599,1.0
xmu_4,401,60150,60749,0.9366666674613953
xmu_4,405,60750,61349,1.0
xmu_4,406,60900,61499,1.0
xmu_4,407,61050,61649,1.0
xmu_4,408,61200,61799,1.0
xmu_4,409,61350,61949,1.0
xmu_4,410,61500,62099,1.0
xmu_4,411,61650,62249,1.0
xmu_4,412,61800,62399,1.0
xmu_4,413,61950,62549,1.0
xmu_4,414,62100,62699,1.0
xmu_4,415,62250,62849,1.0
xmu_4,416,62400,62999,1.0
xmu_4,417,62550,63149,0.9266666769981384
xmu_4,421,63150,63749,1.0
xmu_4,422,63300,63899,1.0
xmu_4,423,63450,64049,1.0
xmu_4,424,63600,64199,1.0
xmu_4,425,63750,64349,1.0
xmu_4,426,63900,64499,1.0
xmu_4,427,64050,64649,1.0
xmu_4,428,64200,64799,1.0
xmu_4,429,64350,64949,1.0
xmu_4,430,64500,65099,1.0
xmu_4,431,64650,65249,1.0
xmu_4,432,64800,65399,1.0
xmu_4,433,64950,65549,1.0
xmu_4,434,65100,65699,1.0
xmu_4,435,65250,65849,1.0
xmu_4,436,65400,65999,1.0
xmu_4,437,65550,66149,1.0
xmu_4,438,65700,66299,1.0
xmu_4,439,65850,66449,1.0
xmu_4,440,66000,66599,1.0
xmu_4,441,66150,66749,1.0
xmu_4,442,66300,66899,1.0
xmu_4,443,66450,67049,1.0
xmu_4,444,66600,67199,1.0
xmu_4,445,66750,67349,1.0
xmu_4,446,66900,67499,1.0
xmu_4,447,67050,67649,1.0
xmu_4,448,67200,67799,1.0
xmu_4,449,67350,67949,1.0
xmu_4,450,67500,68099,1.0
xmu_4,451,67650,68249,1.0
xmu_4,452,67800,68399,1.0
xmu_4,453,67950,68549,1.0
xmu_4,454,68100,68699,1.0
xmu_4,455,68250,68849,1.0
xmu_4,456,68400,68999,1.0
xmu_4,457,68550,69149,1.0
xmu_4,458,68700,69299,1.0
xmu_4,459,68850,69449,1.0
xmu_4,460,69000,69599,1.0
xmu_4,461,69150,69749,1.0
xmu_4,462,69300,69899,1.0
xmu_4,463,69450,70049,1.0
xmu_4,464,69600,70199,1.0
xmu_4,465,69750,70349,1.0
xmu_4,466,69900,70499,1.0
xmu_4,467,70050,70649,1.0
xmu_4,468,70200,70799,1.0
xmu_4,469,70350,70949,1.0
xmu_4,470,70500,71099,1.0
xmu_4,471,70650,71249,1.0
xmu_4,472,70800,71399,1.0
xmu_4,473,70950,71549,1.0
xmu_4,474,71100,71699,1.0
xmu_4,475,71250,71849,1.0
xmu_4,476,71400,71999,1.0
xmu_4,477,71550,72149,1.0
xmu_4,478,71700,72299,1.0
xmu_4,479,71850,72449,1.0
xmu_4,480,72000,72599,1.0
xmu_4,481,72150,72749,1.0
xmu_4,482,72300,72899,1.0
xmu_4,483,72450,73049,1.0
xmu_4,484,72600,73199,1.0
xmu_4,485,72750,73349,1.0
xmu_4,486,72900,73499,1.0
xmu_4,487,73050,73649,1.0
xmu_4,488,73200,73799,1.0
xmu_4,489,73350,73949,1.0
xmu_4,490,73500,74099,1.0
xmu_4,491,73650,74249,1.0
xmu_4,492,73800,74399,1.0
xmu_4,493,73950,74549,1.0
xmu_4,494,74100,74699,1.0
xmu_4,495,74250,74849,1.0
xmu_4,496,74400,74999,1.0
xmu_4,497,74550,75149,1.0
xmu_4,498,74700,75299,1.0
xmu_4,499,74850,75449,1.0
xmu_4,500,75000,75599,1.0
xmu_4,501,75150,75749,1.0
xmu_4,502,75300,75899,1.0
xmu_4,503,75450,76049,1.0
xmu_4,504,75600,76199,1.0
xmu_4,505,75750,76349,1.0
xmu_4,506,75900,76499,1.0
xmu_4,507,76050,76649,1.0
xmu_4,508,76200,76799,1.0
xmu_4,509,76350,76949,1.0
xmu_4,510,76500,77099,1.0
xmu_4,511,76650,77249,1.0
xmu_4,512,76800,77399,1.0
xmu_4,513,76950,77549,1.0
xmu_4,514,77100,77699,1.0
xmu_4,515,77250,77849,1.0
xmu_4,516,77400,77999,1.0
xmu_4,517,77550,78149,1.0
xmu_4,518,77700,78299,1.0
xmu_4,519,77850,78449,1.0
xmu_4,520,78000,78599,1.0
xmu_4,521,78150,78749,1.0
xmu_4,522,78300,78899,1.0
xmu_4,523,78450,79049,1.0
xmu_4,524,78600,79199,1.0
xmu_4,525,78750,79349,1.0
xmu_4,526,78900,79499,1.0
xmu_4,527,79050,79649,1.0
xmu_4,528,79200,79799,1.0
xmu_4,529,79350,79949,1.0
xmu_4,530,79500,80099,1.0
xmu_4,531,79650,80249,1.0
xmu_4,532,79800,80399,1.0
xmu_4,533,79950,80549,1.0
xmu_4,534,80100,80699,1.0
xmu_4,535,80250,80849,1.0
xmu_4,536,80400,80999,1.0
xmu_4,537,80550,81149,1.0
xmu_4,538,80700,81299,1.0
xmu_4,539,80850,81449,1.0
xmu_4,540,81000,81599,1.0
xmu_4,541,81150,81749,1.0
xmu_4,542,81300,81899,1.0
xmu_4,543,81450,82049,1.0
xmu_4,544,81600,82199,1.0
xmu_4,545,81750,82349,1.0
xmu_4,546,81900,82499,1.0
xmu_4,547,82050,82649,1.0
xmu_4,548,82200,82799,1.0
xmu_4,549,82350,82949,1.0
xmu_4,550,82500,83099,1.0
xmu_4,551,82650,83249,1.0
xmu_4,552,82800,83399,1.0
xmu_4,553,82950,83549,1.0
xmu_4,554,83100,83699,1.0
xmu_4,555,83250,83849,1.0
xmu_4,556,83400,83999,1.0
xmu_4,557,83550,84149,1.0
xmu_4,558,83700,84299,1.0
xmu_4,559,83850,84449,1.0
xmu_4,560,84000,84599,1.0
xmu_4,561,84150,84749,1.0
xmu_4,562,84300,84899,1.0
xmu_4,563,84450,85049,1.0
xmu_4,564,84600,85199,1.0
xmu_4,565,84750,85349,1.0
xmu_4,566,84900,85499,1.0
xmu_4,567,85050,85649,1.0
xmu_4,568,85200,85799,1.0
xmu_4,569,85350,85949,1.0
xmu_4,570,85500,86099,1.0
xmu_4,571,85650,86249,1.0
xmu_4,572,85800,86399,1.0
xmu_4,573,85950,86549,1.0
xmu_4,574,86100,86699,1.0
xmu_4,578,86700,87299,0.9483333230018616
xmu_4,579,86850,87449,1.0
xmu_4,580,87000,87599,1.0
xmu_4,581,87150,87749,1.0
xmu_4,582,87300,87899,1.0
xmu_4,583,87450,88049,1.0
xmu_4,584,87600,88199,1.0
xmu_4,585,87750,88349,1.0
xmu_4,586,87900,88499,1.0
xmu_4,587,88050,88649,1.0
xmu_4,588,88200,88799,1.0
xmu_4,589,88350,88949,1.0
xmu_4,590,88500,89099,1.0
xmu_4,591,88650,89249,1.0
xmu_4,592,88800,89399,1.0
xmu_4,593,88950,89549,1.0
xmu_4,594,89100,89699,1.0
xmu_4,595,89250,89849,1.0
xmu_4,596,89400,89999,1.0
xmu_4,597,89550,90149,1.0
xmu_4,598,89700,90299,1.0
xmu_4,599,89850,90449,1.0
xmu_4,600,90000,90599,1.0
xmu_4,601,90150,90749,1.0
xmu_4,602,90300,90899,1.0
xmu_4,603,90450,91049,1.0
xmu_4,604,90600,91199,1.0
xmu_4,605,90750,91349,1.0
xmu_4,606,90900,91499,1.0
xmu_4,607,91050,91649,1.0
xmu_4,608,91200,91799,1.0
xmu_4,609,91350,91949,1.0
xmu_4,610,91500,92099,1.0
xmu_4,611,91650,92249,1.0
xmu_4,612,91800,92399,1.0
xmu_4,613,91950,92549,1.0
xmu_4,614,92100,92699,1.0
xmu_4,615,92250,92849,1.0
xmu_4,616,92400,92999,1.0
xmu_4,617,92550,93149,1.0
xmu_4,618,92700,93299,1.0
xmu_4,619,92850,93449,1.0
xmu_4,620,93000,93599,1.0
xmu_4,621,93150,93749,1.0
xmu_4,622,93300,93899,1.0
xmu_4,623,93450,94049,1.0
xmu_4,624,93600,94199,1.0
xmu_4,625,93750,94349,1.0
xmu_4,626,93900,94499,1.0
xmu_4,627,94050,94649,1.0
xmu_4,628,94200,94799,1.0
xmu_4,629,94350,94949,1.0
xmu_4,630,94500,95099,1.0
xmu_4,631,94650,95249,1.0
xmu_4,632,94800,95399,1.0
xmu_4,633,94950,95549,1.0
xmu_4,634,95100,95699,1.0
xmu_4,635,95250,95849,1.0
xmu_4,636,95400,95999,1.0
xmu_4,637,95550,96149,1.0
xmu_4,638,95700,96299,1.0
xmu_4,639,95850,96449,1.0
xmu_4,640,96000,96599,1.0
xmu_4,641,96150,96749,1.0
xmu_4,642,96300,96899,1.0
xmu_4,643,96450,97049,1.0
xmu_4,644,96600,97199,1.0
xmu_4,645,96750,97349,1.0
xmu_4,646,96900,97499,1.0
xmu_4,647,97050,97649,1.0
xmu_4,648,97200,97799,1.0
xmu_4,649,97350,97949,1.0
xmu_4,650,97500,98099,1.0
xmu_4,651,97650,98249,1.0
xmu_4,656,98400,98999,1.0
xmu_4,657,98550,99149,1.0
xmu_4,658,98700,99299,1.0
xmu_4,659,98850,99449,1.0
xmu_4,660,99000,99599,1.0
xmu_4,661,99150,99749,1.0
xmu_4,662,99300,99899,1.0
xmu_4,663,99450,100049,1.0
xmu_4,664,99600,100199,1.0
xmu_4,665,99750,100349,1.0
xmu_4,666,99900,100499,1.0
xmu_4,667,100050,100649,1.0
xmu_4,668,100200,100799,1.0
xmu_4,669,100350,100949,1.0
xmu_4,670,100500,101099,1.0
xmu_4,671,100650,101249,1.0
xmu_4,672,100800,101399,1.0
xmu_4,673,100950,101549,1.0
xmu_4,674,101100,101699,1.0
xmu_4,675,101250,101849,1.0
xmu_4,676,101400,101999,1.0
xmu_4,677,101550,102149,1.0
xmu_4,678,101700,102299,1.0
xmu_4,679,101850,102449,1.0
xmu_4,680,102000,102599,1.0
xmu_4,681,102150,102749,1.0
xmu_4,682,102300,102899,1.0
xmu_4,683,102450,103049,1.0
xmu_4,684,102600,103199,1.0
xmu_4,685,102750,103349,1.0
xmu_4,686,102900,103499,1.0
xmu_4,687,103050,103649,1.0
xmu_4,688,103200,103799,1.0
xmu_4,689,103350,103949,1.0
xmu_4,690,103500,104099,1.0
xmu_4,691,103650,104249,1.0
xmu_4,692,103800,104399,1.0
xmu_4,693,103950,104549,1.0
xmu_4,694,104100,104699,1.0
xmu_4,695,104250,104849,1.0
xmu_4,696,104400,104999,1.0
xmu_4,697,104550,105149,1.0
xmu_4,698,104700,105299,1.0
xmu_4,699,104850,105449,1.0
xmu_4,700,105000,105599,1.0
xmu_4,701,105150,105749,1.0
xmu_4,702,105300,105899,1.0
xmu_4,703,105450,106049,1.0
xmu_4,704,105600,106199,1.0
xmu_4,705,105750,106349,1.0
xmu_4,706,105900,106499,1.0
xmu_4,707,106050,106649,1.0
xmu_4,708,106200,106799,1.0
xmu_4,709,106350,106949,1.0
xmu_4,710,106500,107099,1.0
xmu_4,711,106650,107249,1.0
xmu_4,712,106800,107399,0.9150000214576721
xmu_4,716,107400,107999,1.0
xmu_4,717,107550,108149,1.0
xmu_4,718,107700,108299,1.0
xmu_4,719,107850,108449,1.0
xmu_4,720,108000,108599,1.0
xmu_4,721,108150,108749,1.0
xmu_4,722,108300,108899,1.0
xmu_4,723,108450,109049,1.0
xmu_4,724,108600,109199,1.0
xmu_4,725,108750,109349,1.0
xmu_4,726,108900,109499,1.0
xmu_4,727,109050,109649,1.0
xmu_4,728,109200,109799,1.0
xmu_4,729,109350,109949,1.0
xmu_4,730,109500,110099,1.0
xmu_4,731,109650,110249,1.0
xmu_4,732,109800,110399,1.0
xmu_4,733,109950,110549,1.0
xmu_4,734,110100,110699,1.0
xmu_4,735,110250,110849,1.0
xmu_4,736,110400,110999,1.0
xmu_4,737,110550,111149,1.0
xmu_4,738,110700,111299,1.0
xmu_4,739,110850,111449,1.0
xmu_4,740,111000,111599,1.0
xmu_4,741,111150,111749,1.0
xmu_4,742,111300,111899,1.0
xmu_4,743,111450,112049,1.0
xmu_4,744,111600,112199,1.0
xmu_4,745,111750,112349,1.0
xmu_4,746,111900,112499,1.0
xmu_4,747,112050,112649,1.0
xmu_4,748,112200,112799,1.0
xmu_4,749,112350,112949,1.0
xmu_4,750,112500,113099,1.0
xmu_4,751,112650,113249,1.0
xmu_4,752,112800,113399,1.0
xmu_4,753,112950,113549,1.0
xmu_4,754,113100,113699,1.0
xmu_4,755,113250,113849,1.0
xmu_4,756,113400,113999,1.0
xmu_4,757,113550,114149,1.0
xmu_4,758,113700,114299,1.0
xmu_4,759,113850,114449,1.0
xmu_4,760,114000,114599,1.0
xmu_4,761,114150,114749,1.0
xmu_4,762,114300,114899,1.0
xmu_4,763,114450,115049,1.0
xmu_4,764,114600,115199,1.0
xmu_4,765,114750,115349,1.0
xmu_4,766,114900,115499,1.0
xmu_4,767,115050,115649,1.0
xmu_4,768,115200,115799,1.0
xmu_4,769,115350,115949,1.0
xmu_4,770,115500,116099,1.0
xmu_4,771,115650,116249,1.0
xmu_4,772,115800,116399,1.0
xmu_4,773,115950,116549,1.0
xmu_4,774,116100,116699,1.0
xmu_4,775,116250,116849,1.0
xmu_4,776,116400,116999,1.0
xmu_4,777,116550,117149,1.0
xmu_4,778,116700,117299,1.0
xmu_4,779,116850,117449,1.0
xmu_4,780,117000,117599,1.0
xmu_4,781,117150,117749,1.0
xmu_4,782,117300,117899,1.0
xmu_4,783,117450,118049,1.0
xmu_4,784,117600,118199,1.0
xmu_4,785,117750,118349,1.0
xmu_4,786,117900,118499,1.0
xmu_4,787,118050,118649,1.0
xmu_4,788,118200,118799,1.0
xmu_4,789,118350,118949,1.0
xmu_4,790,118500,119099,1.0
xmu_4,791,118650,119249,1.0
xmu_4,792,118800,119399,1.0
xmu_4,793,118950,119549,1.0
xmu_4,794,119100,119699,1.0
xmu_4,795,119250,119849,1.0
xmu_4,796,119400,119999,1.0
xmu_4,797,119550,120149,1.0
xmu_4,798,119700,120299,1.0
xmu_4,799,119850,120449,1.0
xmu_4,800,120000,120599,1.0
xmu_4,801,120150,120749,1.0
xmu_4,802,120300,120899,1.0
xmu_4,803,120450,121049,1.0
xmu_4,804,120600,121199,1.0
xmu_4,805,120750,121349,1.0
xmu_4,806,120900,121499,1.0
xmu_4,807,121050,121649,1.0
xmu_4,808,121200,121799,1.0
xmu_4,809,121350,121949,1.0
xmu_4,810,121500,122099,1.0
xmu_4,811,121650,122249,1.0
xmu_4,812,121800,122399,1.0
xmu_4,813,121950,122549,1.0
xmu_4,814,122100,122699,1.0
xmu_4,815,122250,122849,1.0
xmu_4,816,122400,122999,1.0
xmu_4,817,122550,123149,1.0
xmu_4,818,122700,123299,1.0
xmu_4,819,122850,123449,1.0
xmu_4,820,123000,123599,1.0
xmu_4,821,123150,123749,1.0
xmu_4,822,123300,123899,1.0
xmu_4,823,123450,124049,1.0
xmu_4,824,123600,124199,1.0
xmu_4,825,123750,124349,1.0
xmu_4,826,123900,124499,1.0
xmu_4,827,124050,124649,1.0
xmu_4,828,124200,124799,1.0
xmu_4,829,124350,124949,1.0
xmu_4,830,124500,125099,1.0
xmu_4,831,124650,125249,1.0
xmu_4,832,124800,125399,1.0
xmu_4,833,124950,125549,1.0
xmu_4,834,125100,125699,1.0
xmu_4,835,125250,125849,1.0
xmu_4,836,125400,125999,1.0
xmu_4,837,125550,126149,1.0
xmu_4,838,125700,126299,1.0
xmu_4,839,125850,126449,1.0
xmu_4,840,126000,126599,1.0
xmu_4,841,126150,126749,1.0
xmu_4,842,126300,126899,1.0
xmu_4,843,126450,127049,1.0
xmu_4,844,126600,127199,1.0
xmu_4,845,126750,127349,1.0
xmu_4,846,126900,127499,1.0
xmu_4,847,127050,127649,1.0
xmu_4,848,127200,127799,1.0
xmu_4,849,127350,127949,1.0
xmu_4,850,127500,128099,1.0
xmu_4,851,127650,128249,1.0
xmu_4,852,127800,128399,1.0
xmu_4,853,127950,128549,1.0
xmu_4,854,128100,128699,1.0
xmu_4,855,128250,128849,1.0
xmu_4,856,128400,128999,1.0
xmu_4,857,128550,129149,1.0
xmu_4,858,128700,129299,1.0
xmu_4,859,128850,129449,1.0
xmu_4,860,129000,129599,1.0
xmu_4,861,129150,129749,1.0
xmu_4,862,129300,129899,1.0
xmu_4,863,129450,130049,1.0
xmu_4,864,129600,130199,1.0
xmu_4,865,129750,130349,1.0
xmu_4,866,129900,130499,1.0
xmu_4,867,130050,130649,1.0
xmu_4,868,130200,130799,1.0
xmu_4,869,130350,130949,1.0
xmu_4,870,130500,131099,1.0
xmu_4,871,130650,131249,1.0
xmu_4,872,130800,131399,1.0
xmu_4,873,130950,131549,1.0
xmu_4,874,131100,131699,1.0
xmu_4,875,131250,131849,1.0
xmu_4,876,131400,131999,1.0
xmu_4,877,131550,132149,1.0
xmu_4,878,131700,132299,1.0
xmu_4,879,131850,132449,1.0
xmu_4,883,132450,133049,0.9266666769981384
xmu_4,884,132600,133199,1.0
xmu_4,885,132750,133349,1.0
xmu_4,886,132900,133499,1.0
xmu_4,887,133050,133649,1.0
xmu_4,888,133200,133799,1.0
xmu_4,889,133350,133949,1.0
xmu_4,890,133500,134099,1.0
xmu_4,891,133650,134249,1.0
xmu_4,892,133800,134399,1.0
xmu_4,893,133950,134549,1.0
xmu_4,894,134100,134699,1.0
xmu_4,895,134250,134849,1.0
xmu_4,896,134400,134999,1.0
xmu_4,897,134550,135149,1.0
xmu_4,898,134700,135299,1.0
xmu_4,899,134850,135449,1.0
xmu_4,900,135000,135599,1.0
xmu_4,901,135150,135749,1.0
xmu_4,902,135300,135899,1.0
xmu_4,903,135450,136049,1.0
xmu_4,904,135600,136199,1.0
xmu_4,905,135750,136349,1.0
xmu_4,906,135900,136499,1.0
xmu_4,907,136050,136649,1.0
xmu_4,908,136200,136799,1.0
xmu_4,909,136350,136949,1.0
xmu_4,910,136500,137099,1.0
xmu_4,911,136650,137249,1.0
xmu_4,912,136800,137399,1.0
xmu_4,913,136950,137549,1.0
xmu_4,914,137100,137699,1.0
xmu_4,915,137250,137849,1.0
xmu_4,916,137400,137999,1.0
xmu_4,917,137550,138149,1.0
xmu_4,918,137700,138299,1.0
xmu_4,919,137850,138449,1.0
xmu_4,920,138000,138599,1.0
xmu_4,921,138150,138749,1.0
xmu_4,922,138300,138899,1.0
xmu_4,923,138450,139049,1.0
xmu_4,924,138600,139199,1.0
xmu_4,925,138750,139349,1.0
xmu_4,926,138900,139499,1.0
xmu_4,927,139050,139649,1.0
xmu_4,928,139200,139799,1.0
xmu_4,929,139350,139949,1.0
xmu_4,930,139500,140099,1.0
xmu_4,931,139650,140249,1.0
xmu_4,932,139800,140399,1.0
xmu_4,933,139950,140549,1.0
xmu_4,934,140100,140699,1.0
xmu_4,935,140250,140849,1.0
xmu_4,936,140400,140999,1.0
xmu_4,937,140550,141149,1.0
xmu_4,938,140700,141299,1.0
xmu_4,939,140850,141449,1.0
xmu_4,940,141000,141599,1.0
xmu_4,941,141150,141749,1.0
xmu_4,942,141300,141899,1.0
xmu_4,943,141450,142049,1.0
xmu_4,944,141600,142199,1.0
xmu_4,945,141750,142349,1.0
xmu_4,946,141900,142499,1.0
xmu_4,947,142050,142649,1.0
xmu_4,948,142200,142799,1.0
xmu_4,949,142350,142949,1.0
xmu_4,950,142500,143099,1.0
xmu_4,951,142650,143249,1.0
xmu_4,952,142800,143399,1.0
xmu_4,953,142950,143549,1.0
xmu_4,954,143100,143699,1.0
xmu_4,955,143250,143849,1.0
xmu_4,956,143400,143999,1.0
xmu_4,957,143550,144149,1.0
xmu_4,958,143700,144299,1.0
xmu_4,959,143850,144449,1.0
xmu_4,960,144000,144599,1.0
xmu_4,961,144150,144749,1.0
xmu_4,962,144300,144899,1.0
xmu_4,963,144450,145049,1.0
xmu_4,964,144600,145199,1.0
xmu_4,965,144750,145349,1.0
xmu_4,966,144900,145499,1.0
xmu_4,967,145050,145649,1.0
xmu_4,968,145200,145799,1.0
xmu_4,969,145350,145949,1.0
xmu_4,970,145500,146099,1.0
xmu_4,971,145650,146249,1.0
xmu_4,972,145800,146399,1.0
xmu_4,973,145950,146549,1.0
xmu_4,974,146100,146699,1.0
xmu_4,975,146250,146849,1.0
xmu_4,976,146400,146999,1.0
xmu_4,977,146550,147149,1.0
xmu_4,978,146700,147299,1.0
xmu_4,979,146850,147449,1.0
xmu_4,980,147000,147599,1.0
xmu_4,981,147150,147749,1.0
xmu_4,982,147300,147899,1.0
xmu_4,983,147450,148049,1.0
xmu_4,984,147600,148199,1.0
xmu_4,985,147750,148349,1.0
xmu_4,986,147900,148499,1.0
xmu_4,987,148050,148649,1.0
xmu_4,988,148200,148799,1.0
xmu_4,989,148350,148949,1.0
xmu_4,990,148500,149099,1.0
xmu_4,991,148650,149249,1.0
xmu_4,992,148800,149399,1.0
xmu_4,993,148950,149549,1.0
xmu_4,994,149100,149699,1.0
xmu_4,995,149250,149849,1.0
xmu_4,996,149400,149999,1.0
xmu_4,997,149550,150149,1.0
xmu_4,998,149700,150299,1.0
xmu_4,999,149850,150449,1.0
xmu_4,1000,150000,150599,1.0
xmu_4,1001,150150,150749,1.0
xmu_4,1002,150300,150899,1.0
xmu_4,1003,150450,151049,1.0
xmu_4,1004,150600,151199,1.0
xmu_4,1005,150750,151349,1.0
xmu_4,1006,150900,151499,1.0
xmu_4,1007,151050,151649,1.0
xmu_4,1008,151200,151799,1.0
xmu_4,1009,151350,151949,1.0
xmu_4,1010,151500,152099,1.0
xmu_4,1011,151650,152249,1.0
xmu_4,1012,151800,152399,1.0
xmu_4,1013,151950,152549,1.0
xmu_4,1014,152100,152699,1.0
xmu_4,1015,152250,152849,1.0
xmu_4,1016,152400,152999,1.0
xmu_4,1017,152550,153149,1.0
xmu_4,1018,152700,153299,1.0
xmu_4,1019,152850,153449,1.0
xmu_4,1020,153000,153599,1.0
xmu_4,1021,153150,153749,1.0
xmu_4,1022,153300,153899,1.0
xmu_4,1023,153450,154049,1.0
xmu_4,1024,153600,154199,1.0
xmu_4,1025,153750,154349,1.0
xmu_4,1026,153900,154499,1.0
xmu_4,1027,154050,154649,1.0
xmu_4,1028,154200,154799,1.0
xmu_4,1029,154350,154949,1.0
xmu_4,1030,154500,155099,1.0
xmu_4,1031,154650,155249,1.0
xmu_4,1032,154800,155399,1.0
xmu_4,1033,154950,155549,1.0
xmu_4,1034,155100,155699,1.0
xmu_4,1035,155250,155849,1.0
xmu_4,1036,155400,155999,1.0
xmu_4,1037,155550,156149,1.0
xmu_4,1038,155700,156299,1.0
xmu_4,1039,155850,156449,1.0
xmu_4,1040,156000,156599,1.0
xmu_4,1041,156150,156749,1.0
xmu_4,1042,156300,156899,1.0
xmu_4,1043,156450,157049,1.0
xmu_4,1044,156600,157199,1.0
xmu_4,1045,156750,157349,1.0
xmu_4,1046,156900,157499,1.0
xmu_4,1047,157050,157649,1.0
xmu_4,1048,157200,157799,1.0
xmu_4,1049,157350,157949,1.0
xmu_4,1050,157500,158099,1.0
xmu_4,1051,157650,158249,1.0
xmu_4,1052,157800,158399,1.0
xmu_4,1053,157950,158549,1.0
xmu_4,1054,158100,158699,1.0
xmu_4,1055,158250,158849,1.0
xmu_4,1056,158400,158999,1.0
xmu_4,1057,158550,159149,1.0
xmu_4,1058,158700,159299,1.0
xmu_4,1059,158850,159449,1.0
xmu_4,1060,159000,159599,1.0
xmu_4,1061,159150,159749,1.0
xmu_4,1062,159300,159899,1.0
xmu_4,1063,159450,160049,1.0
xmu_4,1064,159600,160199,1.0
xmu_4,1065,159750,160349,1.0
xmu_4,1066,159900,160499,1.0
xmu_4,1067,160050,160649,1.0
xmu_4,1068,160200,160799,1.0
xmu_4,1069,160350,160949,1.0
xmu_4,1070,160500,161099,1.0
xmu_4,1071,160650,161249,1.0
xmu_4,1072,160800,161399,1.0
xmu_4,1073,160950,161549,1.0
xmu_4,1074,161100,161699,1.0
xmu_4,1075,161250,161849,1.0
xmu_4,1076,161400,161999,1.0
xmu_4,1077,161550,162149,1.0
xmu_4,1078,161700,162299,1.0
xmu_4,1079,161850,162449,1.0
xmu_4,1080,162000,162599,1.0
xmu_4,1081,162150,162749,1.0
xmu_4,1082,162300,162899,1.0
xmu_4,1083,162450,163049,1.0
xmu_4,1084,162600,163199,1.0
xmu_4,1085,162750,163349,1.0
xmu_4,1086,162900,163499,1.0
xmu_4,1087,163050,163649,1.0
xmu_4,1088,163200,163799,1.0
xmu_4,1089,163350,163949,1.0
xmu_4,1090,163500,164099,1.0
xmu_4,1091,163650,164249,1.0
xmu_4,1092,163800,164399,1.0
xmu_4,1093,163950,164549,1.0
xmu_4,1094,164100,164699,1.0
xmu_4,1095,164250,164849,1.0
xmu_4,1096,164400,164999,1.0
xmu_4,1097,164550,165149,1.0
xmu_4,1098,164700,165299,1.0
xmu_4,1099,164850,165449,1.0
xmu_4,1100,165000,165599,1.0
xmu_4,1101,165150,165749,1.0
xmu_4,1102,165300,165899,1.0
xmu_4,1103,165450,166049,1.0
xmu_4,1104,165600,166199,1.0
xmu_4,1105,165750,166349,1.0
xmu_4,1106,165900,166499,1.0
xmu_4,1107,166050,166649,1.0
xmu_4,1108,166200,166799,1.0
xmu_4,1109,166350,166949,1.0
xmu_4,1110,166500,167099,1.0
xmu_4,1111,166650,167249,1.0
xmu_4,1112,166800,167399,1.0
xmu_4,1113,166950,167549,1.0
xmu_4,1114,167100,167699,1.0
xmu_4,1115,167250,167849,1.0
xmu_4,1116,167400,167999,1.0
xmu_4,1117,167550,168149,1.0
xmu_4,1118,167700,168299,1.0
xmu_4,1119,167850,168449,1.0
xmu_4,1120,168000,168599,1.0
xmu_4,1121,168150,168749,1.0
xmu_4,1122,168300,168899,1.0
xmu_4,1123,168450,169049,1.0
xmu_4,1124,168600,169199,1.0
xmu_4,1125,168750,169349,1.0
xmu_4,1126,168900,169499,1.0
xmu_4,1127,169050,169649,1.0
xmu_4,1128,169200,169799,1.0
xmu_4,1129,169350,169949,1.0
xmu_4,1130,169500,170099,1.0
xmu_4,1131,169650,170249,1.0
xmu_4,1132,169800,170399,1.0
xmu_4,1133,169950,170549,1.0
xmu_4,1134,170100,170699,1.0
xmu_4,1135,170250,170849,1.0
xmu_4,1136,170400,170999,1.0
xmu_4,1137,170550,171149,1.0
xmu_4,1138,170700,171299,1.0
xmu_4,1139,170850,171449,1.0
xmu_4,1140,171000,171599,1.0
xmu_4,1141,171150,171749,1.0
xmu_4,1142,171300,171899,1.0
xmu_4,1143,171450,172049,1.0
xmu_4,1144,171600,172199,1.0
xmu_4,1145,171750,172349,1.0
xmu_4,1146,171900,172499,1.0
xmu_4,1147,172050,172649,1.0
xmu_4,1148,172200,172799,1.0
xmu_4,1149,172350,172949,1.0
xmu_4,1150,172500,173099,1.0
xmu_4,1151,172650,173249,1.0
xmu_4,1152,172800,173399,1.0
xmu_4,1153,172950,173549,1.0
xmu_4,1154,173100,173699,1.0
xmu_4,1155,173250,173849,1.0
xmu_4,1156,173400,173999,1.0
xmu_4,1157,173550,174149,1.0
xmu_4,1158,173700,174299,1.0
xmu_4,1159,173850,174449,1.0
xmu_4,1160,174000,174599,1.0
xmu_4,1161,174150,174749,1.0
xmu_4,1162,174300,174899,1.0
xmu_4,1163,174450,175049,1.0
xmu_4,1164,174600,175199,1.0
xmu_4,1165,174750,175349,1.0
xmu_4,1166,174900,175499,1.0
xmu_4,1167,175050,175649,1.0
xmu_4,1168,175200,175799,1.0
xmu_4,1169,175350,175949,1.0
xmu_4,1170,175500,176099,1.0
xmu_4,1171,175650,176249,1.0
xmu_4,1172,175800,176399,1.0
xmu_4,1173,175950,176549,1.0
xmu_4,1174,176100,176699,1.0
xmu_4,1175,176250,176849,1.0
xmu_4,1176,176400,176999,1.0
xmu_4,1177,176550,177149,1.0
xmu_4,1178,176700,177299,1.0
xmu_4,1179,176850,177449,1.0
xmu_4,1180,177000,177599,1.0
xmu_4,1181,177150,177749,1.0
xmu_4,1182,177300,177899,1.0
xmu_4,1183,177450,178049,1.0
xmu_4,1184,177600,178199,1.0
xmu_4,1185,177750,178349,1.0
xmu_4,1186,177900,178499,1.0
xmu_4,1187,178050,178649,1.0
xmu_4,1188,178200,178799,1.0
xmu_4,1189,178350,178949,1.0
xmu_4,1190,178500,179099,1.0
xmu_4,1191,178650,179249,1.0
xmu_4,1192,178800,179399,1.0
xmu_4,1193,178950,179549,1.0
xmu_4,1194,179100,179699,1.0
xmu_4,1195,179250,179849,1.0
xmu_4,1196,179400,179999,1.0
xmu_4,1197,179550,180149,1.0
xmu_4,1198,179700,180299,1.0
xmu_4,1199,179850,180449,1.0
xmu_4,1200,180000,180599,1.0
xmu_4,1201,180150,180749,1.0
xmu_4,1202,180300,180899,1.0
xmu_4,1203,180450,181049,1.0
xmu_4,1204,180600,181199,1.0
xmu_4,1205,180750,181349,1.0
xmu_4,1206,180900,181499,1.0
xmu_4,1207,181050,181649,1.0
xmu_4,1208,181200,181799,1.0
xmu_4,1209,181350,181949,1.0
xmu_4,1210,181500,182099,1.0
xmu_4,1211,181650,182249,1.0
xmu_4,1212,181800,182399,1.0
xmu_4,1213,181950,182549,1.0
xmu_4,1214,182100,182699,1.0
xmu_4,1215,182250,182849,1.0
xmu_4,1216,182400,182999,1.0
xmu_4,1217,182550,183149,1.0
xmu_4,1218,182700,183299,1.0
xmu_4,1219,182850,183449,1.0
xmu_4,1220,183000,183599,1.0
xmu_4,1221,183150,183749,1.0
xmu_4,1222,183300,183899,1.0
xmu_4,1223,183450,184049,1.0
xmu_4,1224,183600,184199,1.0
xmu_4,1225,183750,184349,1.0
xmu_4,1226,183900,184499,1.0
xmu_4,1227,184050,184649,1.0
xmu_4,1228,184200,184799,1.0
xmu_4,1229,184350,184949,1.0
xmu_4,1230,184500,185099,1.0
xmu_4,1231,184650,185249,1.0
xmu_4,1232,184800,185399,1.0
xmu_4,1233,184950,185549,1.0
xmu_4,1234,185100,185699,1.0
xmu_4,1235,185250,185849,1.0
xmu_4,1236,185400,185999,1.0
xmu_4,1237,185550,186149,1.0
xmu_4,1238,185700,186299,1.0
xmu_4,1239,185850,186449,1.0
xmu_4,1240,186000,186599,1.0
xmu_4,1241,186150,186749,1.0
xmu_4,1242,186300,186899,1.0
xmu_4,1243,186450,187049,1.0
xmu_4,1244,186600,187199,1.0
xmu_4,1245,186750,187349,1.0
xmu_4,1246,186900,187499,1.0
xmu_4,1247,187050,187649,1.0
xmu_4,1248,187200,187799,1.0
xmu_4,1249,187350,187949,1.0
xmu_4,1250,187500,188099,1.0
xmu_4,1255,188250,188849,1.0
xmu_4,1256,188400,188999,1.0
xmu_4,1257,188550,189149,1.0
xmu_4,1258,188700,189299,1.0
xmu_4,1259,188850,189449,1.0
xmu_4,1260,189000,189599,1.0
xmu_4,1261,189150,189749,1.0
xmu_4,1262,189300,189899,1.0
xmu_4,1263,189450,190049,1.0
xmu_4,1264,189600,190199,1.0
xmu_4,1265,189750,190349,1.0
xmu_4,1266,189900,190499,1.0
xmu_4,1267,190050,190649,1.0
xmu_4,1268,190200,190799,1.0
xmu_4,1269,190350,190949,1.0
xmu_4,1270,190500,191099,1.0
xmu_4,1271,190650,191249,1.0
xmu_4,1272,190800,191399,1.0
xmu_4,1273,190950,191549,1.0
xmu_4,1274,191100,191699,1.0
xmu_4,1275,191250,191849,1.0
xmu_4,1276,191400,191999,1.0
xmu_4,1277,191550,192149,1.0
xmu_4,1278,191700,192299,1.0
xmu_4,1279,191850,192449,1.0
xmu_4,1280,192000,192599,1.0
xmu_4,1281,192150,192749,1.0
xmu_4,1282,192300,192899,1.0
xmu_4,1283,192450,193049,1.0
xmu_4,1284,192600,193199,1.0
xmu_4,1285,192750,193349,1.0
xmu_4,1286,192900,193499,1.0
xmu_4,1287,193050,193649,1.0
xmu_4,1288,193200,193799,1.0
xmu_4,1289,193350,193949,1.0
xmu_4,1290,193500,194099,1.0
xmu_4,1291,193650,194249,1.0
xmu_4,1292,193800,194399,1.0
xmu_4,1293,193950,194549,1.0
xmu_4,1294,194100,194699,1.0
xmu_4,1295,194250,194849,1.0
xmu_4,1296,194400,194999,1.0
xmu_4,1297,194550,195149,1.0
xmu_4,1298,194700,195299,1.0
xmu_4,1299,194850,195449,1.0
xmu_4,1300,195000,195599,1.0
xmu_4,1301,195150,195749,1.0
xmu_4,1302,195300,195899,1.0
xmu_4,1303,195450,196049,1.0
xmu_4,1304,195600,196199,1.0
xmu_4,1305,195750,196349,1.0
xmu_4,1306,195900,196499,1.0
xmu_4,1307,196050,196649,1.0
xmu_4,1308,196200,196799,1.0
xmu_4,1309,196350,196949,1.0
xmu_4,1310,196500,197099,1.0
xmu_4,1311,196650,197249,1.0
xmu_4,1312,196800,197399,1.0
xmu_4,1313,196950,197549,1.0
xmu_4,1314,197100,197699,1.0
xmu_4,1315,197250,197849,1.0
xmu_4,1316,197400,197999,1.0
xmu_4,1317,197550,198149,1.0
xmu_4,1318,197700,198299,1.0
xmu_4,1319,197850,198449,1.0
xmu_4,1320,198000,198599,1.0
xmu_4,1321,198150,198749,1.0
xmu_4,1322,198300,198899,1.0
xmu_4,1323,198450,199049,1.0
xmu_4,1324,198600,199199,1.0
xmu_4,1325,198750,199349,1.0
xmu_4,1326,198900,199499,1.0
xmu_4,1327,199050,199649,1.0
xmu_4,1328,199200,199799,1.0
xmu_4,1329,199350,199949,1.0
xmu_4,1330,199500,200099,1.0
xmu_4,1331,199650,200249,1.0
xmu_4,1332,199800,200399,1.0
xmu_4,1333,199950,200549,1.0
xmu_4,1334,200100,200699,1.0
xmu_4,1335,200250,200849,1.0
xmu_4,1336,200400,200999,1.0
xmu_4,1337,200550,201149,1.0
xmu_4,1338,200700,201299,1.0
xmu_4,1339,200850,201449,1.0
xmu_4,1340,201000,201599,1.0
xmu_4,1341,201150,201749,1.0
xmu_4,1342,201300,201899,1.0
xmu_4,1343,201450,202049,1.0
xmu_4,1344,201600,202199,1.0
xmu_4,1345,201750,202349,1.0
xmu_4,1346,201900,202499,1.0
xmu_4,1347,202050,202649,1.0
xmu_4,1348,202200,202799,1.0
xmu_4,1349,202350,202949,1.0
xmu_4,1350,202500,203099,1.0
xmu_4,1351,202650,203249,1.0
xmu_4,1352,202800,203399,1.0
xmu_4,1353,202950,203549,1.0
xmu_4,1354,203100,203699,1.0
xmu_4,1355,203250,203849,1.0
xmu_4,1356,203400,203999,1.0
xmu_4,1357,203550,204149,1.0
xmu_4,1358,203700,204299,1.0
xmu_4,1359,203850,204449,1.0
xmu_4,1360,204000,204599,1.0
xmu_4,1361,204150,204749,1.0
xmu_4,1362,204300,204899,1.0
xmu_4,1363,204450,205049,1.0
xmu_4,1364,204600,205199,1.0
xmu_4,1365,204750,205349,1.0
xmu_4,1366,204900,205499,1.0
xmu_4,1367,205050,205649,1.0
xmu_4,1368,205200,205799,1.0
xmu_4,1369,205350,205949,1.0
xmu_4,1370,205500,206099,1.0
xmu_4,1371,205650,206249,1.0
xmu_4,1372,205800,206399,1.0
xmu_4,1373,205950,206549,1.0
xmu_4,1374,206100,206699,1.0
xmu_4,1375,206250,206849,1.0
xmu_4,1376,206400,206999,1.0
xmu_4,1377,206550,207149,1.0
xmu_4,1378,206700,207299,1.0
xmu_4,1379,206850,207449,1.0
xmu_4,1380,207000,207599,1.0
xmu_4,1381,207150,207749,1.0
xmu_4,1382,207300,207899,1.0
xmu_4,1383,207450,208049,1.0
xmu_4,1384,207600,208199,1.0
xmu_4,1385,207750,208349,1.0
xmu_4,1386,207900,208499,1.0
xmu_4,1387,208050,208649,1.0
xmu_4,1388,208200,208799,1.0
xmu_4,1389,208350,208949,1.0
xmu_4,1390,208500,209099,1.0
xmu_4,1391,208650,209249,1.0
xmu_4,1392,208800,209399,1.0
xmu_4,1393,208950,209549,1.0
xmu_4,1394,209100,209699,1.0
xmu_4,1395,209250,209849,1.0
xmu_4,1396,209400,209999,1.0
xmu_4,1397,209550,210149,1.0
xmu_4,1398,209700,210299,1.0
xmu_4,1399,209850,210449,1.0
xmu_4,1400,210000,210599,1.0
xmu_4,1401,210150,210749,1.0
xmu_4,1402,210300,210899,1.0
xmu_4,1403,210450,211049,1.0
xmu_4,1404,210600,211199,1.0
xmu_4,1405,210750,211349,1.0
xmu_4,1406,210900,211499,1.0
xmu_4,1407,211050,211649,1.0
xmu_4,1408,211200,211799,1.0
xmu_4,1409,211350,211949,1.0
xmu_4,1410,211500,212099,1.0
xmu_4,1411,211650,212249,1.0
xmu_4,1412,211800,212399,1.0
xmu_4,1413,211950,212549,1.0
xmu_4,1414,212100,212699,1.0
xmu_4,1415,212250,212849,1.0
xmu_4,1416,212400,212999,1.0
xmu_4,1417,212550,213149,1.0
xmu_4,1418,212700,213299,1.0
xmu_4,1419,212850,213449,1.0
xmu_4,1420,213000,213599,1.0
xmu_4,1421,213150,213749,1.0
xmu_4,1422,213300,213899,1.0
xmu_4,1423,213450,214049,1.0
xmu_4,1424,213600,214199,1.0
xmu_4,1425,213750,214349,1.0
xmu_4,1426,213900,214499,1.0
xmu_4,1427,214050,214649,1.0
xmu_4,1428,214200,214799,1.0
xmu_4,1429,214350,214949,1.0
xmu_4,1430,214500,215099,1.0
xmu_4,1431,214650,215249,1.0
xmu_4,1432,214800,215399,1.0
xmu_4,1433,214950,215549,1.0
xmu_4,1434,215100,215699,1.0
xmu_4,1435,215250,215849,1.0
xmu_4,1436,215400,215999,1.0
xmu_4,1437,215550,216149,1.0
xmu_4,1438,215700,216299,1.0
xmu_4,1439,215850,216449,1.0
xmu_4,1440,216000,216599,1.0
xmu_4,1441,216150,216749,1.0
xmu_4,1442,216300,216899,1.0
xmu_4,1443,216450,217049,1.0
xmu_4,1444,216600,217199,1.0
xmu_4,1445,216750,217349,1.0
xmu_4,1446,216900,217499,1.0
xmu_4,1447,217050,217649,1.0
xmu_4,1448,217200,217799,1.0
xmu_4,1449,217350,217949,1.0
xmu_4,1450,217500,218099,1.0
xmu_4,1451,217650,218249,1.0
xmu_4,1452,217800,218399,1.0
xmu_4,1453,217950,218549,1.0
xmu_4,1454,218100,218699,1.0
xmu_4,1455,218250,218849,1.0
xmu_4,1456,218400,218999,1.0
xmu_4,1457,218550,219149,1.0
xmu_4,1458,218700,219299,1.0
xmu_4,1459,218850,219449,1.0
xmu_4,1460,219000,219599,1.0
xmu_4,1461,219150,219749,1.0
xmu_4,1462,219300,219899,1.0
xmu_4,1463,219450,220049,1.0
xmu_4,1464,219600,220199,1.0
xmu_4,1465,219750,220349,1.0
xmu_4,1466,219900,220499,1.0
xmu_4,1467,220050,220649,1.0
xmu_4,1468,220200,220799,1.0
xmu_4,1469,220350,220949,1.0
xmu_4,1470,220500,221099,1.0
xmu_4,1471,220650,221249,1.0
xmu_4,1472,220800,221399,1.0
xmu_4,1473,220950,221549,1.0
xmu_4,1474,221100,221699,1.0
xmu_4,1475,221250,221849,1.0
xmu_4,1476,221400,221999,1.0
xmu_4,1477,221550,222149,1.0
xmu_4,1478,221700,222299,1.0
xmu_4,1479,221850,222449,1.0
xmu_4,1480,222000,222599,1.0
xmu_4,1481,222150,222749,1.0
xmu_4,1482,222300,222899,1.0
xmu_4,1483,222450,223049,1.0
xmu_4,1484,222600,223199,1.0
xmu_4,1485,222750,223349,1.0
xmu_4,1486,222900,223499,1.0
xmu_4,1487,223050,223649,1.0
xmu_4,1488,223200,223799,1.0
xmu_4,1489,223350,223949,1.0
xmu_4,1490,223500,224099,1.0
xmu_4,1491,223650,224249,1.0
xmu_4,1492,223800,224399,1.0
xmu_4,1493,223950,224549,1.0
xmu_4,1494,224100,224699,1.0
xmu_4,1495,224250,224849,1.0
xmu_4,1496,224400,224999,1.0
xmu_4,1497,224550,225149,1.0
xmu_4,1498,224700,225299,1.0
xmu_4,1499,224850,225449,1.0
xmu_4,1500,225000,225599,1.0
xmu_4,1501,225150,225749,1.0
xmu_4,1502,225300,225899,1.0
xmu_4,1503,225450,226049,1.0
xmu_4,1504,225600,226199,1.0
xmu_4,1505,225750,226349,1.0
xmu_4,1506,225900,226499,1.0
xmu_4,1507,226050,226649,1.0
xmu_4,1508,226200,226799,1.0
xmu_4,1509,226350,226949,1.0
xmu_4,1510,226500,227099,1.0
xmu_4,1511,226650,227249,1.0
xmu_4,1512,226800,227399,1.0
xmu_4,1513,226950,227549,1.0
xmu_4,1514,227100,227699,1.0
xmu_4,1515,227250,227849,1.0
xmu_4,1516,227400,227999,1.0
xmu_4,1517,227550,228149,1.0
xmu_4,1518,227700,228299,1.0
xmu_4,1519,227850,228449,1.0
xmu_4,1520,228000,228599,1.0
xmu_4,1521,228150,228749,1.0
xmu_4,1522,228300,228899,1.0
xmu_4,1523,228450,229049,1.0
xmu_4,1524,228600,229199,1.0
xmu_4,1525,228750,229349,1.0
xmu_4,1526,228900,229499,1.0
xmu_4,1527,229050,229649,1.0
xmu_4,1528,229200,229799,1.0
xmu_4,1529,229350,229949,1.0
xmu_4,1530,229500,230099,1.0
xmu_4,1531,229650,230249,1.0
xmu_4,1532,229800,230399,1.0
xmu_4,1533,229950,230549,1.0
xmu_4,1534,230100,230699,1.0
xmu_4,1535,230250,230849,1.0
xmu_4,1536,230400,230999,1.0
xmu_4,1537,230550,231149,1.0
xmu_4,1538,230700,231299,1.0
xmu_4,1539,230850,231449,1.0
xmu_4,1540,231000,231599,1.0
xmu_4,1541,231150,231749,1.0
xmu_4,1542,231300,231899,1.0
xmu_4,1543,231450,232049,1.0
xmu_4,1544,231600,232199,1.0
xmu_4,1545,231750,232349,1.0
xmu_4,1546,231900,232499,1.0
xmu_4,1547,232050,232649,1.0
xmu_4,1548,232200,232799,1.0
xmu_4,1549,232350,232949,1.0
xmu_4,1550,232500,233099,1.0
xmu_4,1551,232650,233249,1.0
xmu_4,1552,232800,233399,1.0
xmu_4,1553,232950,233549,1.0
xmu_4,1554,233100,233699,1.0
xmu_4,1555,233250,233849,1.0
xmu_4,1556,233400,233999,1.0
xmu_4,1557,233550,234149,1.0
xmu_4,1558,233700,234299,1.0
xmu_4,1559,233850,234449,1.0
xmu_4,1560,234000,234599,1.0
xmu_4,1561,234150,234749,1.0
xmu_4,1562,234300,234899,1.0
xmu_4,1563,234450,235049,1.0
xmu_4,1564,234600,235199,1.0
xmu_4,1565,234750,235349,1.0
xmu_4,1566,234900,235499,1.0
xmu_4,1567,235050,235649,1.0
xmu_4,1568,235200,235799,1.0
xmu_4,1569,235350,235949,1.0
xmu_4,1570,235500,236099,1.0
xmu_4,1571,235650,236249,1.0
xmu_4,1572,235800,236399,1.0
xmu_4,1573,235950,236549,1.0
xmu_4,1574,236100,236699,1.0
xmu_4,1575,236250,236849,1.0
xmu_4,1576,236400,236999,1.0
xmu_4,1577,236550,237149,1.0
xmu_4,1578,236700,237299,1.0
xmu_4,1579,236850,237449,1.0
xmu_4,1580,237000,237599,1.0
xmu_4,1581,237150,237749,1.0
xmu_4,1582,237300,237899,1.0
xmu_4,1583,237450,238049,1.0
xmu_4,1584,237600,238199,1.0
xmu_4,1585,237750,238349,1.0
xmu_4,1586,237900,238499,1.0
xmu_4,1587,238050,238649,1.0
xmu_4,1588,238200,238799,1.0
xmu_4,1589,238350,238949,1.0
xmu_4,1590,238500,239099,1.0
xmu_4,1591,238650,239249,1.0
xmu_4,1592,238800,239399,1.0
xmu_4,1593,238950,239549,1.0
xmu_4,1594,239100,239699,1.0
xmu_4,1595,239250,239849,1.0
xmu_4,1596,239400,239999,1.0
xmu_4,1597,239550,240149,1.0
xmu_4,1598,239700,240299,1.0
xmu_4,1599,239850,240449,1.0
xmu_4,1600,240000,240599,1.0
xmu_4,1601,240150,240749,1.0
xmu_4,1602,240300,240899,1.0
xmu_4,1603,240450,241049,1.0
xmu_4,1604,240600,241199,1.0
xmu_4,1605,240750,241349,1.0
xmu_4,1606,240900,241499,1.0
xmu_4,1607,241050,241649,1.0
xmu_4,1608,241200,241799,1.0
xmu_4,1609,241350,241949,1.0
xmu_4,1610,241500,242099,1.0
xmu_4,1611,241650,242249,1.0
xmu_4,1612,241800,242399,1.0
xmu_4,1613,241950,242549,1.0
xmu_4,1614,242100,242699,1.0
xmu_4,1615,242250,242849,1.0
xmu_4,1616,242400,242999,1.0
xmu_4,1617,242550,243149,1.0
xmu_4,1618,242700,243299,1.0
xmu_4,1619,242850,243449,1.0
xmu_4,1620,243000,243599,1.0
xmu_4,1621,243150,243749,1.0
xmu_4,1622,243300,243899,1.0
xmu_4,1623,243450,244049,1.0
xmu_4,1624,243600,244199,1.0
xmu_4,1625,243750,244349,1.0
xmu_4,1626,243900,244499,1.0
xmu_4,1627,244050,244649,1.0
xmu_4,1628,244200,244799,1.0
xmu_4,1629,244350,244949,1.0
xmu_4,1630,244500,245099,1.0
xmu_4,1631,244650,245249,1.0
xmu_4,1632,244800,245399,1.0
xmu_4,1633,244950,245549,1.0
xmu_4,1634,245100,245699,1.0
xmu_4,1635,245250,245849,1.0
xmu_4,1636,245400,245999,1.0
xmu_4,1637,245550,246149,1.0
xmu_4,1638,245700,246299,1.0
xmu_4,1639,245850,246449,1.0
xmu_4,1640,246000,246599,1.0
xmu_4,1641,246150,246749,1.0
xmu_4,1642,246300,246899,1.0
xmu_4,1643,246450,247049,1.0
xmu_4,1644,246600,247199,1.0
xmu_4,1645,246750,247349,1.0
xmu_4,1646,246900,247499,1.0
xmu_4,1647,247050,247649,1.0
xmu_4,1648,247200,247799,1.0
xmu_4,1649,247350,247949,1.0
xmu_4,1650,247500,248099,1.0
xmu_4,1651,247650,248249,1.0
xmu_4,1652,247800,248399,1.0
xmu_4,1653,247950,248549,1.0
xmu_4,1654,248100,248699,1.0
xmu_4,1655,248250,248849,1.0
xmu_4,1656,248400,248999,1.0
xmu_4,1657,248550,249149,1.0
xmu_4,1658,248700,249299,1.0
xmu_4,1659,248850,249449,1.0
xmu_4,1660,249000,249599,1.0
xmu_4,1661,249150,249749,1.0
xmu_4,1662,249300,249899,1.0
xmu_4,1663,249450,250049,1.0
xmu_4,1664,249600,250199,1.0
xmu_4,1665,249750,250349,1.0
xmu_5,0,0,599,1.0
xmu_5,1,150,749,1.0
xmu_5,2,300,899,1.0
xmu_5,3,450,1049,1.0
xmu_5,4,600,1199,1.0
xmu_5,5,750,1349,1.0
xmu_5,6,900,1499,1.0
xmu_5,7,1050,1649,1.0
xmu_5,8,1200,1799,1.0
xmu_5,9,1350,1949,1.0
xmu_5,10,1500,2099,1.0
xmu_5,11,1650,2249,1.0
xmu_5,12,1800,2399,1.0
xmu_5,13,1950,2549,1.0
xmu_5,14,2100,2699,1.0
xmu_5,15,2250,2849,1.0
xmu_5,16,2400,2999,1.0
xmu_5,17,2550,3149,1.0
xmu_5,18,2700,3299,1.0
xmu_5,19,2850,3449,1.0
xmu_5,20,3000,3599,1.0
xmu_5,21,3150,3749,1.0
xmu_5,22,3300,3899,1.0
xmu_5,23,3450,4049,1.0
xmu_5,24,3600,4199,1.0
xmu_5,25,3750,4349,1.0
xmu_5,26,3900,4499,1.0
xmu_5,27,4050,4649,1.0
xmu_5,28,4200,4799,1.0
xmu_5,29,4350,4949,1.0
xmu_5,30,4500,5099,1.0
xmu_5,31,4650,5249,1.0
xmu_5,32,4800,5399,1.0
xmu_5,33,4950,5549,1.0
xmu_5,34,5100,5699,1.0
xmu_5,35,5250,5849,1.0
xmu_5,36,5400,5999,1.0
xmu_5,37,5550,6149,1.0
xmu_5,38,5700,6299,1.0
xmu_5,39,5850,6449,1.0
xmu_5,40,6000,6599,1.0
xmu_5,41,6150,6749,1.0
xmu_5,42,6300,6899,1.0
xmu_5,43,6450,7049,1.0
xmu_5,47,7050,7649,0.9233333468437195
xmu_5,48,7200,7799,1.0
xmu_5,49,7350,7949,1.0
xmu_5,50,7500,8099,1.0
xmu_5,51,7650,8249,1.0
xmu_5,52,7800,8399,1.0
xmu_5,53,7950,8549,1.0
xmu_5,54,8100,8699,1.0
xmu_5,55,8250,8849,1.0
xmu_5,56,8400,8999,1.0
xmu_5,57,8550,9149,1.0
xmu_5,58,8700,9299,1.0
xmu_5,59,8850,9449,1.0
xmu_5,60,9000,9599,1.0
xmu_5,61,9150,9749,1.0
xmu_5,62,9300,9899,1.0
xmu_5,63,9450,10049,1.0
xmu_5,64,9600,10199,1.0
xmu_5,65,9750,10349,1.0
xmu_5,66,9900,10499,1.0
xmu_5,67,10050,10649,1.0
xmu_5,68,10200,10799,1.0
xmu_5,69,10350,10949,1.0
xmu_5,70,10500,11099,1.0
xmu_5,71,10650,11249,1.0
xmu_5,72,10800,11399,1.0
xmu_5,73,10950,11549,1.0
xmu_5,74,11100,11699,1.0
xmu_5,75,11250,11849,1.0
xmu_5,76,11400,11999,1.0
xmu_5,77,11550,12149,1.0
xmu_5,78,11700,12299,1.0
xmu_5,79,11850,12449,1.0
xmu_5,80,12000,12599,1.0
xmu_5,81,12150,12749,1.0
xmu_5,82,12300,12899,1.0
xmu_5,83,12450,13049,1.0
xmu_5,84,12600,13199,1.0
xmu_5,85,12750,13349,1.0
xmu_5,86,12900,13499,1.0
xmu_5,87,13050,13649,1.0
xmu_5,88,13200,13799,1.0
xmu_5,89,13350,13949,1.0
xmu_5,90,13500,14099,1.0
xmu_5,91,13650,14249,1.0
xmu_5,92,13800,14399,1.0
xmu_5,93,13950,14549,1.0
xmu_5,94,14100,14699,1.0
xmu_5,95,14250,14849,1.0
xmu_5,96,14400,14999,1.0
xmu_5,97,14550,15149,1.0
xmu_5,98,14700,15299,1.0
xmu_5,99,14850,15449,1.0
xmu_5,100,15000,15599,1.0
xmu_5,101,15150,15749,1.0
xmu_5,102,15300,15899,1.0
xmu_5,103,15450,16049,1.0
xmu_5,104,15600,16199,1.0
xmu_5,105,15750,16349,1.0
xmu_5,106,15900,16499,1.0
xmu_5,107,16050,16649,1.0
xmu_5,108,16200,16799,1.0
xmu_5,109,16350,16949,1.0
xmu_5,110,16500,17099,1.0
xmu_5,111,16650,17249,1.0
xmu_5,112,16800,17399,1.0
xmu_5,113,16950,17549,1.0
xmu_5,114,17100,17699,1.0
xmu_5,115,17250,17849,1.0
xmu_5,116,17400,17999,1.0
xmu_5,117,17550,18149,1.0
xmu_5,118,17700,18299,1.0
xmu_5,119,17850,18449,1.0
xmu_5,120,18000,18599,1.0
xmu_5,121,18150,18749,1.0
xmu_5,122,18300,18899,1.0
xmu_5,123,18450,19049,1.0
xmu_5,124,18600,19199,1.0
xmu_5,125,18750,19349,1.0
xmu_5,126,18900,19499,1.0
xmu_5,127,19050,19649,1.0
xmu_5,128,19200,19799,1.0
xmu_5,129,19350,19949,1.0
xmu_5,130,19500,20099,1.0
xmu_5,131,19650,20249,1.0
xmu_5,132,19800,20399,1.0
xmu_5,133,19950,20549,1.0
xmu_5,134,20100,20699,1.0
xmu_5,135,20250,20849,1.0
xmu_5,136,20400,20999,1.0
xmu_5,137,20550,21149,1.0
xmu_5,138,20700,21299,1.0
xmu_5,139,20850,21449,1.0
xmu_5,140,21000,21599,1.0
xmu_5,141,21150,21749,1.0
xmu_5,142,21300,21899,1.0
xmu_5,143,21450,22049,1.0
xmu_5,144,21600,22199,1.0
xmu_5,145,21750,22349,1.0
xmu_5,146,21900,22499,1.0
xmu_5,147,22050,22649,1.0
xmu_5,148,22200,22799,1.0
xmu_5,149,22350,22949,1.0
xmu_5,150,22500,23099,1.0
xmu_5,151,22650,23249,1.0
xmu_5,152,22800,23399,1.0
xmu_5,153,22950,23549,1.0
xmu_5,154,23100,23699,1.0
xmu_5,155,23250,23849,1.0
xmu_5,156,23400,23999,1.0
xmu_5,157,23550,24149,1.0
xmu_5,158,23700,24299,1.0
xmu_5,159,23850,24449,1.0
xmu_5,160,24000,24599,1.0
xmu_5,161,24150,24749,1.0
xmu_5,162,24300,24899,1.0
xmu_5,163,24450,25049,1.0
xmu_5,164,24600,25199,1.0
xmu_5,165,24750,25349,1.0
xmu_5,166,24900,25499,1.0
xmu_5,167,25050,25649,1.0
xmu_5,168,25200,25799,1.0
xmu_5,169,25350,25949,1.0
xmu_5,170,25500,26099,1.0
xmu_5,171,25650,26249,1.0
xmu_5,172,25800,26399,1.0
xmu_5,173,25950,26549,1.0
xmu_5,174,26100,26699,1.0
xmu_5,175,26250,26849,1.0
xmu_5,176,26400,26999,1.0
xmu_5,177,26550,27149,1.0
xmu_5,178,26700,27299,1.0
xmu_5,179,26850,27449,1.0
xmu_5,180,27000,27599,1.0
xmu_5,181,27150,27749,1.0
xmu_5,182,27300,27899,1.0
xmu_5,183,27450,28049,1.0
xmu_5,184,27600,28199,1.0
xmu_5,185,27750,28349,1.0
xmu_5,186,27900,28499,1.0
xmu_5,187,28050,28649,1.0
xmu_5,188,28200,28799,1.0
xmu_5,189,28350,28949,1.0
xmu_5,190,28500,29099,1.0
xmu_5,191,28650,29249,1.0
xmu_5,192,28800,29399,1.0
xmu_5,193,28950,29549,1.0
xmu_5,194,29100,29699,1.0
xmu_5,195,29250,29849,1.0
xmu_5,196,29400,29999,1.0
xmu_5,197,29550,30149,1.0
xmu_5,198,29700,30299,1.0
xmu_5,199,29850,30449,1.0
xmu_5,200,30000,30599,1.0
xmu_5,201,30150,30749,1.0
xmu_5,202,30300,30899,1.0
xmu_5,203,30450,31049,1.0
xmu_5,204,30600,31199,1.0
xmu_5,205,30750,31349,1.0
xmu_5,206,30900,31499,1.0
xmu_5,207,31050,31649,1.0
xmu_5,208,31200,31799,1.0
xmu_5,209,31350,31949,1.0
xmu_5,210,31500,32099,1.0
xmu_5,211,31650,32249,1.0
xmu_5,212,31800,32399,1.0
xmu_5,213,31950,32549,1.0
xmu_5,214,32100,32699,1.0
xmu_5,215,32250,32849,1.0
xmu_5,216,32400,32999,1.0
xmu_5,217,32550,33149,1.0
xmu_5,218,32700,33299,1.0
xmu_5,219,32850,33449,1.0
xmu_5,220,33000,33599,1.0
xmu_5,221,33150,33749,1.0
xmu_5,222,33300,33899,1.0
xmu_5,223,33450,34049,1.0
xmu_5,224,33600,34199,1.0
xmu_5,225,33750,34349,1.0
xmu_5,226,33900,34499,1.0
xmu_5,227,34050,34649,1.0
xmu_5,228,34200,34799,1.0
xmu_5,229,34350,34949,1.0
xmu_5,230,34500,35099,1.0
xmu_5,231,34650,35249,1.0
xmu_5,232,34800,35399,1.0
xmu_5,233,34950,35549,1.0
xmu_5,234,35100,35699,1.0
xmu_5,235,35250,35849,1.0
xmu_5,236,35400,35999,1.0
xmu_5,237,35550,36149,1.0
xmu_5,238,35700,36299,1.0
xmu_5,239,35850,36449,1.0
xmu_5,240,36000,36599,1.0
xmu_5,241,36150,36749,1.0
xmu_5,242,36300,36899,1.0
xmu_5,243,36450,37049,1.0
xmu_5,244,36600,37199,1.0
xmu_5,245,36750,37349,1.0
xmu_5,246,36900,37499,1.0
xmu_5,247,37050,37649,1.0
xmu_5,248,37200,37799,1.0
xmu_5,249,37350,37949,1.0
xmu_5,250,37500,38099,1.0
xmu_5,251,37650,38249,1.0
xmu_5,252,37800,38399,1.0
xmu_5,253,37950,38549,1.0
xmu_5,254,38100,38699,1.0
xmu_5,255,38250,38849,1.0
xmu_5,256,38400,38999,1.0
xmu_5,257,38550,39149,1.0
xmu_5,258,38700,39299,1.0
xmu_5,259,38850,39449,1.0
xmu_5,260,39000,39599,1.0
xmu_5,261,39150,39749,1.0
xmu_5,262,39300,39899,1.0
xmu_5,263,39450,40049,1.0
xmu_5,264,39600,40199,1.0
xmu_5,265,39750,40349,1.0
xmu_5,266,39900,40499,1.0
xmu_5,267,40050,40649,1.0
xmu_5,268,40200,40799,1.0
xmu_5,269,40350,40949,1.0
xmu_5,270,40500,41099,1.0
xmu_5,271,40650,41249,1.0
xmu_5,272,40800,41399,1.0
xmu_5,273,40950,41549,1.0
xmu_5,274,41100,41699,1.0
xmu_5,275,41250,41849,1.0
xmu_5,276,41400,41999,1.0
xmu_5,277,41550,42149,1.0
xmu_5,278,41700,42299,1.0
xmu_5,279,41850,42449,1.0
xmu_5,280,42000,42599,1.0
xmu_5,281,42150,42749,1.0
xmu_5,282,42300,42899,1.0
xmu_5,283,42450,43049,1.0
xmu_5,284,42600,43199,1.0
xmu_5,285,42750,43349,1.0
xmu_5,286,42900,43499,1.0
xmu_5,287,43050,43649,1.0
xmu_5,288,43200,43799,1.0
xmu_5,289,43350,43949,1.0
xmu_5,290,43500,44099,1.0
xmu_5,291,43650,44249,1.0
xmu_5,292,43800,44399,1.0
xmu_5,293,43950,44549,1.0
xmu_5,294,44100,44699,1.0
xmu_5,295,44250,44849,1.0
xmu_5,296,44400,44999,1.0
xmu_5,297,44550,45149,1.0
xmu_5,298,44700,45299,1.0
xmu_5,299,44850,45449,1.0
xmu_5,300,45000,45599,1.0
xmu_5,301,45150,45749,1.0
xmu_5,302,45300,45899,1.0
xmu_5,303,45450,46049,1.0
xmu_5,304,45600,46199,1.0
xmu_5,305,45750,46349,1.0
xmu_5,306,45900,46499,1.0
xmu_5,307,46050,46649,1.0
xmu_5,308,46200,46799,1.0
xmu_5,309,46350,46949,1.0
xmu_5,310,46500,47099,1.0
xmu_5,311,46650,47249,1.0
xmu_5,312,46800,47399,1.0
xmu_5,313,46950,47549,1.0
xmu_5,314,47100,47699,1.0
xmu_5,315,47250,47849,1.0
xmu_5,316,47400,47999,1.0
xmu_5,317,47550,48149,1.0
xmu_5,318,47700,48299,1.0
xmu_5,319,47850,48449,1.0
xmu_5,320,48000,48599,1.0
xmu_5,321,48150,48749,1.0
xmu_5,322,48300,48899,1.0
xmu_5,323,48450,49049,1.0
xmu_5,324,48600,49199,1.0
xmu_5,325,48750,49349,1.0
xmu_5,326,48900,49499,1.0
xmu_5,327,49050,49649,1.0
xmu_5,328,49200,49799,1.0
xmu_5,329,49350,49949,1.0
xmu_5,330,49500,50099,1.0
xmu_5,331,49650,50249,1.0
xmu_5,332,49800,50399,1.0
xmu_5,333,49950,50549,1.0
xmu_5,334,50100,50699,1.0
xmu_5,335,50250,50849,1.0
xmu_5,336,50400,50999,1.0
xmu_5,337,50550,51149,1.0
xmu_5,338,50700,51299,1.0
xmu_5,339,50850,51449,1.0
xmu_5,340,51000,51599,1.0
xmu_5,341,51150,51749,1.0
xmu_5,342,51300,51899,1.0
xmu_5,343,51450,52049,1.0
xmu_5,344,51600,52199,1.0
xmu_5,345,51750,52349,1.0
xmu_5,346,51900,52499,1.0
xmu_5,347,52050,52649,1.0
xmu_5,348,52200,52799,1.0
xmu_5,349,52350,52949,1.0
xmu_5,350,52500,53099,1.0
xmu_5,351,52650,53249,1.0
xmu_5,352,52800,53399,1.0
xmu_5,353,52950,53549,1.0
xmu_5,354,53100,53699,1.0
xmu_5,355,53250,53849,1.0
xmu_5,356,53400,53999,1.0
xmu_5,357,53550,54149,1.0
xmu_5,358,53700,54299,1.0
xmu_5,359,53850,54449,1.0
xmu_5,360,54000,54599,1.0
xmu_5,361,54150,54749,1.0
xmu_5,362,54300,54899,1.0
xmu_5,363,54450,55049,1.0
xmu_5,364,54600,55199,1.0
xmu_5,365,54750,55349,1.0
xmu_5,366,54900,55499,1.0
xmu_5,367,55050,55649,1.0
xmu_5,368,55200,55799,1.0
xmu_5,369,55350,55949,1.0
xmu_5,370,55500,56099,1.0
xmu_5,371,55650,56249,1.0
xmu_5,372,55800,56399,1.0
xmu_5,373,55950,56549,1.0
xmu_5,374,56100,56699,1.0
xmu_5,375,56250,56849,1.0
xmu_5,376,56400,56999,1.0
xmu_5,377,56550,57149,1.0
xmu_5,378,56700,57299,1.0
xmu_5,379,56850,57449,1.0
xmu_5,380,57000,57599,1.0
xmu_5,381,57150,57749,1.0
xmu_5,382,57300,57899,1.0
xmu_5,383,57450,58049,1.0
xmu_5,384,57600,58199,1.0
xmu_5,385,57750,58349,1.0
xmu_5,386,57900,58499,1.0
xmu_5,387,58050,58649,1.0
xmu_5,388,58200,58799,1.0
xmu_5,389,58350,58949,1.0
xmu_5,390,58500,59099,1.0
xmu_5,391,58650,59249,1.0
xmu_5,392,58800,59399,1.0
xmu_5,393,58950,59549,1.0
xmu_5,394,59100,59699,1.0
xmu_5,395,59250,59849,1.0
xmu_5,396,59400,59999,1.0
xmu_5,397,59550,60149,1.0
xmu_5,398,59700,60299,1.0
xmu_5,399,59850,60449,1.0
xmu_5,400,60000,60599,1.0
xmu_5,401,60150,60749,1.0
xmu_5,402,60300,60899,1.0
xmu_5,403,60450,61049,1.0
xmu_5,404,60600,61199,1.0
xmu_5,405,60750,61349,1.0
xmu_5,406,60900,61499,1.0
xmu_5,407,61050,61649,1.0
xmu_5,408,61200,61799,1.0
xmu_5,409,61350,61949,1.0
xmu_5,410,61500,62099,1.0
xmu_5,411,61650,62249,1.0
xmu_5,412,61800,62399,1.0
xmu_5,413,61950,62549,1.0
xmu_5,414,62100,62699,1.0
xmu_5,415,62250,62849,1.0
xmu_5,416,62400,62999,1.0
xmu_5,417,62550,63149,1.0
xmu_5,418,62700,63299,1.0
xmu_5,419,62850,63449,1.0
xmu_5,420,63000,63599,1.0
xmu_5,421,63150,63749,1.0
xmu_5,422,63300,63899,1.0
xmu_5,423,63450,64049,1.0
xmu_5,424,63600,64199,1.0
xmu_5,425,63750,64349,1.0
xmu_5,426,63900,64499,1.0
xmu_5,427,64050,64649,1.0
xmu_5,428,64200,64799,1.0
xmu_5,429,64350,64949,1.0
xmu_5,430,64500,65099,1.0
xmu_5,431,64650,65249,1.0
xmu_5,432,64800,65399,1.0
xmu_5,433,64950,65549,1.0
xmu_5,434,65100,65699,1.0
xmu_5,435,65250,65849,1.0
xmu_5,436,65400,65999,1.0
xmu_5,437,65550,66149,1.0
xmu_5,438,65700,66299,1.0
xmu_5,439,65850,66449,1.0
xmu_5,440,66000,66599,1.0
xmu_5,441,66150,66749,1.0
xmu_5,442,66300,66899,1.0
xmu_5,443,66450,67049,1.0
xmu_5,444,66600,67199,1.0
xmu_5,445,66750,67349,1.0
xmu_5,446,66900,67499,1.0
xmu_5,447,67050,67649,0.9750000238418579
xmu_5,451,67650,68249,1.0
xmu_5,452,67800,68399,1.0
xmu_5,453,67950,68549,1.0
xmu_5,454,68100,68699,1.0
xmu_5,455,68250,68849,1.0
xmu_5,456,68400,68999,1.0
xmu_5,457,68550,69149,1.0
xmu_5,458,68700,69299,1.0
xmu_5,459,68850,69449,1.0
xmu_5,460,69000,69599,1.0
xmu_5,461,69150,69749,1.0
xmu_5,462,69300,69899,1.0
xmu_5,463,69450,70049,1.0
xmu_5,464,69600,70199,1.0
xmu_5,465,69750,70349,1.0
xmu_5,466,69900,70499,1.0
xmu_5,467,70050,70649,1.0
xmu_5,468,70200,70799,1.0
xmu_5,469,70350,70949,1.0
xmu_5,470,70500,71099,1.0
xmu_5,471,70650,71249,1.0
xmu_5,472,70800,71399,1.0
xmu_5,473,70950,71549,1.0
xmu_5,474,71100,71699,1.0
xmu_5,475,71250,71849,1.0
xmu_5,476,71400,71999,1.0
xmu_5,477,71550,72149,1.0
xmu_5,478,71700,72299,1.0
xmu_5,479,71850,72449,1.0
xmu_5,480,72000,72599,1.0
xmu_5,481,72150,72749,1.0
xmu_5,482,72300,72899,1.0
xmu_5,483,72450,73049,1.0
xmu_5,484,72600,73199,1.0
xmu_5,485,72750,73349,1.0
xmu_5,486,72900,73499,1.0
xmu_5,487,73050,73649,1.0
xmu_5,488,73200,73799,1.0
xmu_5,489,73350,73949,1.0
xmu_5,490,73500,74099,1.0
xmu_5,491,73650,74249,1.0
xmu_5,492,73800,74399,1.0
xmu_5,493,73950,74549,1.0
xmu_5,494,74100,74699,1.0
xmu_5,495,74250,74849,1.0
xmu_5,496,74400,74999,1.0
xmu_5,497,74550,75149,1.0
xmu_5,498,74700,75299,1.0
xmu_5,499,74850,75449,1.0
xmu_5,500,75000,75599,1.0
xmu_5,501,75150,75749,1.0
xmu_5,502,75300,75899,1.0
xmu_5,503,75450,76049,1.0
xmu_5,504,75600,76199,1.0
xmu_5,505,75750,76349,1.0
xmu_5,506,75900,76499,1.0
xmu_5,507,76050,76649,1.0
xmu_5,508,76200,76799,1.0
xmu_5,509,76350,76949,1.0
xmu_5,510,76500,77099,1.0
xmu_5,511,76650,77249,1.0
xmu_5,512,76800,77399,1.0
xmu_5,513,76950,77549,1.0
xmu_5,514,77100,77699,1.0
xmu_5,515,77250,77849,1.0
xmu_5,516,77400,77999,1.0
xmu_5,517,77550,78149,1.0
xmu_5,518,77700,78299,1.0
xmu_5,519,77850,78449,1.0
xmu_5,520,78000,78599,1.0
xmu_5,521,78150,78749,1.0
xmu_5,522,78300,78899,1.0
xmu_5,523,78450,79049,1.0
xmu_5,524,78600,79199,1.0
xmu_5,525,78750,79349,1.0
xmu_5,526,78900,79499,1.0
xmu_5,527,79050,79649,1.0
xmu_5,528,79200,79799,1.0
xmu_5,529,79350,79949,1.0
xmu_5,530,79500,80099,1.0
xmu_5,531,79650,80249,1.0
xmu_5,532,79800,80399,1.0
xmu_5,533,79950,80549,1.0
xmu_5,534,80100,80699,1.0
xmu_5,535,80250,80849,1.0
xmu_5,536,80400,80999,1.0
xmu_5,537,80550,81149,1.0
xmu_5,538,80700,81299,1.0
xmu_5,539,80850,81449,1.0
xmu_5,540,81000,81599,1.0
xmu_5,541,81150,81749,1.0
xmu_5,542,81300,81899,1.0
xmu_5,543,81450,82049,1.0
xmu_5,544,81600,82199,1.0
xmu_5,545,81750,82349,1.0
xmu_5,546,81900,82499,1.0
xmu_5,547,82050,82649,1.0
xmu_5,548,82200,82799,1.0
xmu_5,549,82350,82949,1.0
xmu_5,550,82500,83099,1.0
xmu_5,551,82650,83249,1.0
xmu_5,552,82800,83399,1.0
xmu_5,553,82950,83549,1.0
xmu_5,554,83100,83699,1.0
xmu_5,555,83250,83849,1.0
xmu_5,556,83400,83999,1.0
xmu_5,557,83550,84149,1.0
xmu_5,558,83700,84299,1.0
xmu_5,559,83850,84449,1.0
xmu_5,560,84000,84599,1.0
xmu_5,561,84150,84749,1.0
xmu_5,562,84300,84899,1.0
xmu_5,563,84450,85049,1.0
xmu_5,564,84600,85199,1.0
xmu_5,565,84750,85349,1.0
xmu_5,566,84900,85499,1.0
xmu_5,567,85050,85649,1.0
xmu_5,568,85200,85799,1.0
xmu_5,569,85350,85949,1.0
xmu_5,570,85500,86099,1.0
xmu_5,571,85650,86249,1.0
xmu_5,572,85800,86399,1.0
xmu_5,573,85950,86549,1.0
xmu_5,574,86100,86699,1.0
xmu_5,575,86250,86849,1.0
xmu_5,576,86400,86999,1.0
xmu_5,577,86550,87149,1.0
xmu_5,578,86700,87299,1.0
xmu_5,579,86850,87449,1.0
xmu_5,580,87000,87599,1.0
xmu_5,581,87150,87749,1.0
xmu_5,582,87300,87899,1.0
xmu_5,583,87450,88049,1.0
xmu_5,584,87600,88199,1.0
xmu_5,585,87750,88349,1.0
xmu_5,586,87900,88499,1.0
xmu_5,587,88050,88649,1.0
xmu_5,588,88200,88799,1.0
xmu_5,589,88350,88949,1.0
xmu_5,590,88500,89099,1.0
xmu_5,591,88650,89249,1.0
xmu_5,592,88800,89399,1.0
xmu_5,593,88950,89549,1.0
xmu_5,594,89100,89699,1.0
xmu_5,595,89250,89849,1.0
xmu_5,596,89400,89999,1.0
xmu_5,597,89550,90149,1.0
xmu_5,598,89700,90299,1.0
xmu_5,599,89850,90449,1.0
xmu_5,600,90000,90599,1.0
xmu_5,601,90150,90749,1.0
xmu_5,602,90300,90899,1.0
xmu_5,603,90450,91049,1.0
xmu_5,604,90600,91199,1.0
xmu_5,605,90750,91349,1.0
xmu_5,606,90900,91499,1.0
xmu_5,607,91050,91649,1.0
xmu_5,608,91200,91799,1.0
xmu_5,609,91350,91949,1.0
xmu_5,610,91500,92099,1.0
xmu_5,611,91650,92249,1.0
xmu_5,615,92250,92849,0.9916666746139526
xmu_5,616,92400,92999,1.0
xmu_5,617,92550,93149,1.0
xmu_5,618,92700,93299,1.0
xmu_5,619,92850,93449,1.0
xmu_5,620,93000,93599,1.0
xmu_5,621,93150,93749,1.0
xmu_5,622,93300,93899,1.0
xmu_5,623,93450,94049,1.0
xmu_5,624,93600,94199,1.0
xmu_5,625,93750,94349,1.0
xmu_5,626,93900,94499,1.0
xmu_5,627,94050,94649,1.0
xmu_5,628,94200,94799,1.0
xmu_5,629,94350,94949,1.0
xmu_5,630,94500,95099,1.0
xmu_5,631,94650,95249,1.0
xmu_5,632,94800,95399,1.0
xmu_5,633,94950,95549,1.0
xmu_5,634,95100,95699,1.0
xmu_5,635,95250,95849,1.0
xmu_5,636,95400,95999,1.0
xmu_5,637,95550,96149,1.0
xmu_5,638,95700,96299,1.0
xmu_5,639,95850,96449,1.0
xmu_5,640,96000,96599,1.0
xmu_5,641,96150,96749,1.0
xmu_5,642,96300,96899,1.0
xmu_5,643,96450,97049,1.0
xmu_5,644,96600,97199,1.0
xmu_5,645,96750,97349,1.0
xmu_5,646,96900,97499,1.0
xmu_5,647,97050,97649,1.0
xmu_5,648,97200,97799,1.0
xmu_5,649,97350,97949,1.0
xmu_5,650,97500,98099,1.0
xmu_5,651,97650,98249,1.0
xmu_5,652,97800,98399,1.0
xmu_5,653,97950,98549,1.0
xmu_5,654,98100,98699,1.0
xmu_5,655,98250,98849,1.0
xmu_5,656,98400,98999,1.0
xmu_5,657,98550,99149,1.0
xmu_5,658,98700,99299,1.0
xmu_5,659,98850,99449,1.0
xmu_5,660,99000,99599,1.0
xmu_5,661,99150,99749,1.0
xmu_5,662,99300,99899,1.0
xmu_5,663,99450,100049,1.0
xmu_5,664,99600,100199,1.0
xmu_5,665,99750,100349,1.0
xmu_5,666,99900,100499,1.0
xmu_5,667,100050,100649,1.0
xmu_5,668,100200,100799,1.0
xmu_5,669,100350,100949,1.0
xmu_5,670,100500,101099,1.0
xmu_5,671,100650,101249,1.0
xmu_5,672,100800,101399,1.0
xmu_5,673,100950,101549,1.0
xmu_5,674,101100,101699,1.0
xmu_5,675,101250,101849,1.0
xmu_5,676,101400,101999,1.0
xmu_5,677,101550,102149,1.0
xmu_5,678,101700,102299,1.0
xmu_5,679,101850,102449,1.0
xmu_5,680,102000,102599,1.0
xmu_5,681,102150,102749,1.0
xmu_5,682,102300,102899,1.0
xmu_5,683,102450,103049,1.0
xmu_5,684,102600,103199,1.0
xmu_5,685,102750,103349,1.0
xmu_5,686,102900,103499,1.0
xmu_5,687,103050,103649,1.0
xmu_5,688,103200,103799,1.0
xmu_5,689,103350,103949,1.0
xmu_5,690,103500,104099,1.0
xmu_5,691,103650,104249,1.0
xmu_5,692,103800,104399,1.0
xmu_5,693,103950,104549,1.0
xmu_5,694,104100,104699,1.0
xmu_5,695,104250,104849,1.0
xmu_5,696,104400,104999,1.0
xmu_5,697,104550,105149,1.0
xmu_5,698,104700,105299,1.0
xmu_5,699,104850,105449,1.0
xmu_5,700,105000,105599,1.0
xmu_5,701,105150,105749,1.0
xmu_5,702,105300,105899,1.0
xmu_5,703,105450,106049,1.0
xmu_5,704,105600,106199,1.0
xmu_5,705,105750,106349,1.0
xmu_5,706,105900,106499,1.0
xmu_5,707,106050,106649,1.0
xmu_5,708,106200,106799,1.0
xmu_5,709,106350,106949,1.0
xmu_5,710,106500,107099,1.0
xmu_5,711,106650,107249,1.0
xmu_5,712,106800,107399,1.0
xmu_5,713,106950,107549,1.0
xmu_5,714,107100,107699,1.0
xmu_5,715,107250,107849,1.0
xmu_5,716,107400,107999,1.0
xmu_5,717,107550,108149,1.0
xmu_5,718,107700,108299,1.0
xmu_5,719,107850,108449,1.0
xmu_5,720,108000,108599,1.0
xmu_5,721,108150,108749,1.0
xmu_5,722,108300,108899,1.0
xmu_5,723,108450,109049,1.0
xmu_5,724,108600,109199,1.0
xmu_5,725,108750,109349,1.0
xmu_5,726,108900,109499,1.0
xmu_5,727,109050,109649,1.0
xmu_5,728,109200,109799,1.0
xmu_5,729,109350,109949,1.0
xmu_5,730,109500,110099,1.0
xmu_5,731,109650,110249,1.0
xmu_5,732,109800,110399,0.996666669845581
xmu_5,736,110400,110999,1.0
xmu_5,737,110550,111149,1.0
xmu_5,738,110700,111299,1.0
xmu_5,739,110850,111449,1.0
xmu_5,740,111000,111599,1.0
xmu_5,741,111150,111749,1.0
xmu_5,742,111300,111899,1.0
xmu_5,743,111450,112049,1.0
xmu_5,744,111600,112199,1.0
xmu_5,745,111750,112349,1.0
xmu_5,746,111900,112499,1.0
xmu_5,747,112050,112649,1.0
xmu_5,748,112200,112799,1.0
xmu_5,749,112350,112949,1.0
xmu_5,750,112500,113099,1.0
xmu_5,751,112650,113249,1.0
xmu_5,752,112800,113399,1.0
xmu_5,753,112950,113549,1.0
xmu_5,754,113100,113699,1.0
xmu_5,755,113250,113849,1.0
xmu_5,756,113400,113999,1.0
xmu_5,757,113550,114149,1.0
xmu_5,758,113700,114299,1.0
xmu_5,759,113850,114449,1.0
xmu_5,760,114000,114599,1.0
xmu_5,761,114150,114749,1.0
xmu_5,762,114300,114899,1.0
xmu_5,763,114450,115049,1.0
xmu_5,764,114600,115199,1.0
xmu_5,765,114750,115349,1.0
xmu_5,766,114900,115499,1.0
xmu_5,767,115050,115649,1.0
xmu_5,768,115200,115799,1.0
xmu_5,769,115350,115949,1.0
xmu_5,770,115500,116099,1.0
xmu_5,771,115650,116249,1.0
xmu_5,772,115800,116399,1.0
xmu_5,773,115950,116549,1.0
xmu_5,774,116100,116699,1.0
xmu_5,775,116250,116849,1.0
xmu_5,776,116400,116999,1.0
xmu_5,777,116550,117149,1.0
xmu_5,778,116700,117299,1.0
xmu_5,779,116850,117449,1.0
xmu_5,780,117000,117599,1.0
xmu_5,781,117150,117749,1.0
xmu_5,782,117300,117899,1.0
xmu_5,783,117450,118049,1.0
xmu_5,784,117600,118199,1.0
xmu_5,785,117750,118349,1.0
xmu_5,786,117900,118499,1.0
xmu_5,787,118050,118649,1.0
xmu_5,788,118200,118799,1.0
xmu_5,789,118350,118949,1.0
xmu_5,790,118500,119099,1.0
xmu_5,791,118650,119249,1.0
xmu_5,792,118800,119399,1.0
xmu_5,793,118950,119549,1.0
xmu_5,794,119100,119699,1.0
xmu_5,795,119250,119849,1.0
xmu_5,796,119400,119999,1.0
xmu_5,797,119550,120149,1.0
xmu_5,798,119700,120299,1.0
xmu_5,799,119850,120449,1.0
xmu_5,800,120000,120599,1.0
xmu_5,801,120150,120749,1.0
xmu_5,802,120300,120899,1.0
xmu_5,803,120450,121049,1.0
xmu_5,804,120600,121199,1.0
xmu_5,805,120750,121349,1.0
xmu_5,806,120900,121499,1.0
xmu_5,807,121050,121649,1.0
xmu_5,808,121200,121799,1.0
xmu_5,809,121350,121949,1.0
xmu_5,810,121500,122099,1.0
xmu_5,811,121650,122249,1.0
xmu_5,812,121800,122399,1.0
xmu_5,813,121950,122549,1.0
xmu_5,814,122100,122699,1.0
xmu_5,815,122250,122849,1.0
xmu_5,816,122400,122999,1.0
xmu_5,817,122550,123149,1.0
xmu_5,818,122700,123299,1.0
xmu_5,819,122850,123449,1.0
xmu_5,820,123000,123599,1.0
xmu_5,821,123150,123749,1.0
xmu_5,822,123300,123899,1.0
xmu_5,823,123450,124049,1.0
xmu_5,824,123600,124199,1.0
xmu_5,825,123750,124349,1.0
xmu_5,826,123900,124499,1.0
xmu_5,827,124050,124649,1.0
xmu_5,828,124200,124799,1.0
xmu_5,829,124350,124949,1.0
xmu_5,830,124500,125099,1.0
xmu_5,831,124650,125249,1.0
xmu_5,832,124800,125399,1.0
xmu_5,833,124950,125549,1.0
xmu_5,834,125100,125699,1.0
xmu_5,835,125250,125849,1.0
xmu_5,836,125400,125999,1.0
xmu_5,837,125550,126149,1.0
xmu_5,838,125700,126299,1.0
xmu_5,839,125850,126449,1.0
xmu_5,840,126000,126599,1.0
xmu_5,841,126150,126749,1.0
xmu_5,842,126300,126899,1.0
xmu_5,843,126450,127049,1.0
xmu_5,844,126600,127199,1.0
xmu_5,845,126750,127349,1.0
xmu_5,846,126900,127499,1.0
xmu_5,847,127050,127649,1.0
xmu_5,848,127200,127799,1.0
xmu_5,849,127350,127949,1.0
xmu_5,850,127500,128099,1.0
xmu_5,851,127650,128249,1.0
xmu_5,852,127800,128399,1.0
xmu_5,853,127950,128549,1.0
xmu_5,854,128100,128699,1.0
xmu_5,855,128250,128849,1.0
xmu_5,856,128400,128999,1.0
xmu_5,857,128550,129149,1.0
xmu_5,858,128700,129299,1.0
xmu_5,859,128850,129449,1.0
xmu_5,860,129000,129599,1.0
xmu_5,861,129150,129749,1.0
xmu_5,862,129300,129899,1.0
xmu_5,863,129450,130049,1.0
xmu_5,864,129600,130199,1.0
xmu_5,865,129750,130349,1.0
xmu_5,866,129900,130499,1.0
xmu_5,867,130050,130649,1.0
xmu_5,868,130200,130799,1.0
xmu_5,869,130350,130949,1.0
xmu_5,870,130500,131099,1.0
xmu_5,871,130650,131249,1.0
xmu_5,872,130800,131399,1.0
xmu_5,873,130950,131549,1.0
xmu_5,874,131100,131699,1.0
xmu_5,875,131250,131849,1.0
xmu_5,876,131400,131999,1.0
xmu_5,877,131550,132149,1.0
xmu_5,878,131700,132299,1.0
xmu_5,879,131850,132449,1.0
xmu_5,880,132000,132599,1.0
xmu_5,881,132150,132749,1.0
xmu_5,882,132300,132899,1.0
xmu_5,883,132450,133049,1.0
xmu_5,884,132600,133199,1.0
xmu_5,885,132750,133349,1.0
xmu_5,886,132900,133499,1.0
xmu_5,887,133050,133649,1.0
xmu_5,888,133200,133799,1.0
xmu_5,893,133950,134549,1.0
xmu_5,894,134100,134699,1.0
xmu_5,895,134250,134849,1.0
xmu_5,896,134400,134999,1.0
xmu_5,897,134550,135149,1.0
xmu_5,898,134700,135299,1.0
xmu_5,899,134850,135449,1.0
xmu_5,900,135000,135599,1.0
xmu_5,901,135150,135749,1.0
xmu_5,902,135300,135899,1.0
xmu_5,903,135450,136049,1.0
xmu_5,904,135600,136199,1.0
xmu_5,905,135750,136349,1.0
xmu_5,906,135900,136499,1.0
xmu_5,907,136050,136649,1.0
xmu_5,908,136200,136799,1.0
xmu_5,909,136350,136949,1.0
xmu_5,910,136500,137099,1.0
xmu_5,911,136650,137249,1.0
xmu_5,912,136800,137399,1.0
xmu_5,913,136950,137549,1.0
xmu_5,914,137100,137699,1.0
xmu_5,915,137250,137849,1.0
xmu_5,916,137400,137999,1.0
xmu_5,917,137550,138149,1.0
xmu_5,918,137700,138299,1.0
xmu_5,919,137850,138449,1.0
xmu_5,920,138000,138599,1.0
xmu_5,921,138150,138749,1.0
xmu_5,922,138300,138899,1.0
xmu_5,923,138450,139049,1.0
xmu_5,924,138600,139199,1.0
xmu_5,925,138750,139349,1.0
xmu_5,926,138900,139499,1.0
xmu_5,927,139050,139649,1.0
xmu_5,928,139200,139799,1.0
xmu_5,929,139350,139949,1.0
xmu_5,930,139500,140099,1.0
xmu_5,931,139650,140249,1.0
xmu_5,932,139800,140399,1.0
xmu_5,933,139950,140549,1.0
xmu_5,934,140100,140699,1.0
xmu_5,935,140250,140849,1.0
xmu_5,936,140400,140999,1.0
xmu_5,937,140550,141149,1.0
xmu_5,938,140700,141299,1.0
xmu_5,939,140850,141449,1.0
xmu_5,940,141000,141599,1.0
xmu_5,941,141150,141749,1.0
xmu_5,942,141300,141899,1.0
xmu_5,943,141450,142049,1.0
xmu_5,944,141600,142199,1.0
xmu_5,945,141750,142349,1.0
xmu_5,946,141900,142499,1.0
xmu_5,947,142050,142649,1.0
xmu_5,948,142200,142799,1.0
xmu_5,949,142350,142949,1.0
xmu_5,950,142500,143099,1.0
xmu_5,951,142650,143249,1.0
xmu_5,952,142800,143399,1.0
xmu_5,953,142950,143549,1.0
xmu_5,954,143100,143699,1.0
xmu_5,955,143250,143849,1.0
xmu_5,956,143400,143999,1.0
xmu_5,957,143550,144149,1.0
xmu_5,958,143700,144299,1.0
xmu_5,959,143850,144449,1.0
xmu_5,960,144000,144599,1.0
xmu_5,961,144150,144749,1.0
xmu_5,962,144300,144899,1.0
xmu_5,963,144450,145049,1.0
xmu_5,964,144600,145199,1.0
xmu_5,965,144750,145349,1.0
xmu_5,966,144900,145499,1.0
xmu_5,967,145050,145649,1.0
xmu_5,968,145200,145799,1.0
xmu_5,969,145350,145949,1.0
xmu_5,970,145500,146099,1.0
xmu_5,971,145650,146249,1.0
xmu_5,972,145800,146399,1.0
xmu_5,973,145950,146549,1.0
xmu_5,974,146100,146699,1.0
xmu_5,975,146250,146849,1.0
xmu_5,976,146400,146999,1.0
xmu_5,977,146550,147149,1.0
xmu_5,978,146700,147299,1.0
xmu_5,979,146850,147449,1.0
xmu_5,980,147000,147599,1.0
xmu_5,981,147150,147749,1.0
xmu_5,982,147300,147899,1.0
xmu_5,983,147450,148049,1.0
xmu_5,984,147600,148199,1.0
xmu_5,985,147750,148349,1.0
xmu_5,986,147900,148499,1.0
xmu_5,987,148050,148649,1.0
xmu_5,988,148200,148799,1.0
xmu_5,989,148350,148949,1.0
xmu_5,990,148500,149099,1.0
xmu_5,991,148650,149249,1.0
xmu_5,992,148800,149399,1.0
xmu_5,993,148950,149549,1.0
xmu_5,994,149100,149699,1.0
xmu_5,995,149250,149849,1.0
xmu_5,996,149400,149999,1.0
xmu_5,997,149550,150149,1.0
xmu_5,998,149700,150299,1.0
xmu_5,999,149850,150449,1.0
xmu_5,1000,150000,150599,1.0
xmu_5,1001,150150,150749,1.0
xmu_5,1002,150300,150899,1.0
xmu_5,1003,150450,151049,1.0
xmu_5,1004,150600,151199,1.0
xmu_5,1005,150750,151349,1.0
xmu_5,1006,150900,151499,1.0
xmu_5,1007,151050,151649,1.0
xmu_5,1008,151200,151799,1.0
xmu_5,1009,151350,151949,1.0
xmu_5,1010,151500,152099,1.0
xmu_5,1011,151650,152249,1.0
xmu_5,1012,151800,152399,1.0
xmu_5,1013,151950,152549,1.0
xmu_5,1014,152100,152699,1.0
xmu_5,1015,152250,152849,1.0
xmu_5,1016,152400,152999,1.0
xmu_5,1017,152550,153149,1.0
xmu_5,1018,152700,153299,1.0
xmu_5,1019,152850,153449,1.0
xmu_5,1020,153000,153599,1.0
xmu_5,1021,153150,153749,1.0
xmu_5,1022,153300,153899,1.0
xmu_5,1023,153450,154049,1.0
xmu_5,1024,153600,154199,1.0
xmu_5,1025,153750,154349,1.0
xmu_5,1026,153900,154499,1.0
xmu_5,1027,154050,154649,1.0
xmu_5,1028,154200,154799,1.0
xmu_5,1029,154350,154949,1.0
xmu_5,1030,154500,155099,1.0
xmu_5,1031,154650,155249,1.0
xmu_5,1032,154800,155399,1.0
xmu_5,1033,154950,155549,1.0
xmu_5,1034,155100,155699,1.0
xmu_5,1035,155250,155849,1.0
xmu_5,1036,155400,155999,1.0
xmu_5,1037,155550,156149,1.0
xmu_5,1038,155700,156299,1.0
xmu_5,1039,155850,156449,1.0
xmu_5,1040,156000,156599,1.0
xmu_5,1041,156150,156749,1.0
xmu_5,1042,156300,156899,1.0
xmu_5,1043,156450,157049,1.0
xmu_5,1044,156600,157199,1.0
xmu_5,1045,156750,157349,1.0
xmu_5,1046,156900,157499,1.0
xmu_5,1047,157050,157649,1.0
xmu_5,1048,157200,157799,1.0
xmu_5,1049,157350,157949,1.0
xmu_5,1050,157500,158099,1.0
xmu_5,1051,157650,158249,1.0
xmu_5,1052,157800,158399,1.0
xmu_5,1053,157950,158549,1.0
xmu_5,1054,158100,158699,1.0
xmu_5,1055,158250,158849,1.0
xmu_5,1056,158400,158999,1.0
xmu_5,1057,158550,159149,1.0
xmu_5,1058,158700,159299,1.0
xmu_5,1059,158850,159449,1.0
xmu_5,1060,159000,159599,1.0
xmu_5,1061,159150,159749,1.0
xmu_5,1062,159300,159899,1.0
xmu_5,1063,159450,160049,1.0
xmu_5,1064,159600,160199,1.0
xmu_5,1065,159750,160349,1.0
xmu_5,1066,159900,160499,1.0
xmu_5,1067,160050,160649,1.0
xmu_5,1068,160200,160799,1.0
xmu_5,1069,160350,160949,1.0
xmu_5,1070,160500,161099,1.0
xmu_5,1071,160650,161249,1.0
xmu_5,1072,160800,161399,1.0
xmu_5,1073,160950,161549,1.0
xmu_5,1074,161100,161699,1.0
xmu_5,1075,161250,161849,1.0
xmu_5,1076,161400,161999,1.0
xmu_5,1077,161550,162149,1.0
xmu_5,1078,161700,162299,1.0
xmu_5,1079,161850,162449,1.0
xmu_5,1080,162000,162599,1.0
xmu_5,1081,162150,162749,1.0
xmu_5,1082,162300,162899,1.0
xmu_5,1083,162450,163049,1.0
xmu_5,1084,162600,163199,1.0
xmu_5,1085,162750,163349,1.0
xmu_5,1086,162900,163499,1.0
xmu_5,1087,163050,163649,1.0
xmu_5,1088,163200,163799,1.0
xmu_5,1089,163350,163949,1.0
xmu_5,1090,163500,164099,1.0
xmu_5,1091,163650,164249,1.0
xmu_5,1092,163800,164399,1.0
xmu_5,1093,163950,164549,1.0
xmu_5,1094,164100,164699,1.0
xmu_5,1095,164250,164849,1.0
xmu_5,1096,164400,164999,1.0
xmu_5,1097,164550,165149,1.0
xmu_5,1098,164700,165299,1.0
xmu_5,1099,164850,165449,1.0
xmu_5,1100,165000,165599,1.0
xmu_5,1101,165150,165749,1.0
xmu_5,1102,165300,165899,1.0
xmu_5,1103,165450,166049,1.0
xmu_5,1104,165600,166199,1.0
xmu_5,1105,165750,166349,1.0
xmu_5,1106,165900,166499,1.0
xmu_5,1107,166050,166649,1.0
xmu_5,1108,166200,166799,1.0
xmu_5,1109,166350,166949,1.0
xmu_5,1110,166500,167099,1.0
xmu_5,1111,166650,167249,1.0
xmu_5,1112,166800,167399,1.0
xmu_5,1113,166950,167549,1.0
xmu_5,1114,167100,167699,1.0
xmu_5,1115,167250,167849,1.0
xmu_5,1116,167400,167999,1.0
xmu_5,1117,167550,168149,1.0
xmu_5,1118,167700,168299,1.0
xmu_5,1119,167850,168449,1.0
xmu_5,1120,168000,168599,1.0
xmu_5,1121,168150,168749,1.0
xmu_5,1122,168300,168899,1.0
xmu_5,1123,168450,169049,1.0
xmu_5,1124,168600,169199,1.0
xmu_5,1125,168750,169349,1.0
xmu_5,1126,168900,169499,1.0
xmu_5,1127,169050,169649,1.0
xmu_5,1128,169200,169799,1.0
xmu_5,1129,169350,169949,1.0
xmu_5,1130,169500,170099,1.0
xmu_5,1131,169650,170249,1.0
xmu_5,1132,169800,170399,1.0
xmu_5,1133,169950,170549,1.0
xmu_5,1134,170100,170699,1.0
xmu_5,1135,170250,170849,1.0
xmu_5,1136,170400,170999,1.0
xmu_5,1137,170550,171149,1.0
xmu_5,1138,170700,171299,1.0
xmu_5,1139,170850,171449,1.0
xmu_5,1140,171000,171599,1.0
xmu_5,1141,171150,171749,1.0
xmu_5,1142,171300,171899,1.0
xmu_5,1143,171450,172049,1.0
xmu_5,1144,171600,172199,1.0
xmu_5,1145,171750,172349,1.0
xmu_5,1146,171900,172499,1.0
xmu_5,1147,172050,172649,1.0
xmu_5,1148,172200,172799,1.0
xmu_5,1149,172350,172949,1.0
xmu_5,1150,172500,173099,1.0
xmu_5,1151,172650,173249,1.0
xmu_5,1152,172800,173399,1.0
xmu_5,1153,172950,173549,1.0
xmu_5,1154,173100,173699,1.0
xmu_5,1155,173250,173849,1.0
xmu_5,1156,173400,173999,1.0
xmu_5,1157,173550,174149,1.0
xmu_5,1158,173700,174299,1.0
xmu_5,1159,173850,174449,1.0
xmu_5,1160,174000,174599,1.0
xmu_5,1161,174150,174749,1.0
xmu_5,1162,174300,174899,1.0
xmu_5,1163,174450,175049,1.0
xmu_5,1164,174600,175199,1.0
xmu_5,1165,174750,175349,1.0
xmu_5,1166,174900,175499,1.0
xmu_5,1167,175050,175649,1.0
xmu_5,1168,175200,175799,1.0
xmu_5,1169,175350,175949,1.0
xmu_5,1170,175500,176099,1.0
xmu_5,1171,175650,176249,1.0
xmu_5,1172,175800,176399,1.0
xmu_5,1173,175950,176549,1.0
xmu_5,1174,176100,176699,1.0
xmu_5,1175,176250,176849,1.0
xmu_5,1176,176400,176999,1.0
xmu_5,1177,176550,177149,1.0
xmu_5,1178,176700,177299,1.0
xmu_5,1179,176850,177449,1.0
xmu_5,1180,177000,177599,1.0
xmu_5,1181,177150,177749,1.0
xmu_5,1182,177300,177899,1.0
xmu_5,1183,177450,178049,1.0
xmu_5,1187,178050,178649,0.9016666412353516
xmu_5,1188,178200,178799,1.0
xmu_5,1189,178350,178949,1.0
xmu_5,1190,178500,179099,1.0
xmu_5,1191,178650,179249,1.0
xmu_5,1192,178800,179399,1.0
xmu_5,1193,178950,179549,1.0
xmu_5,1194,179100,179699,1.0
xmu_5,1195,179250,179849,1.0
xmu_5,1196,179400,179999,1.0
xmu_5,1197,179550,180149,1.0
xmu_5,1198,179700,180299,1.0
xmu_5,1199,179850,180449,1.0
xmu_5,1200,180000,180599,1.0
xmu_5,1201,180150,180749,1.0
xmu_5,1202,180300,180899,1.0
xmu_5,1203,180450,181049,1.0
xmu_5,1204,180600,181199,1.0
xmu_5,1205,180750,181349,1.0
xmu_5,1206,180900,181499,1.0
xmu_5,1207,181050,181649,1.0
xmu_5,1208,181200,181799,1.0
xmu_5,1209,181350,181949,1.0
xmu_5,1210,181500,182099,1.0
xmu_5,1211,181650,182249,1.0
xmu_5,1212,181800,182399,1.0
xmu_5,1213,181950,182549,1.0
xmu_5,1214,182100,182699,1.0
xmu_5,1215,182250,182849,1.0
xmu_5,1216,182400,182999,1.0
xmu_5,1217,182550,183149,1.0
xmu_5,1218,182700,183299,1.0
xmu_5,1219,182850,183449,1.0
xmu_5,1220,183000,183599,1.0
xmu_5,1221,183150,183749,1.0
xmu_5,1222,183300,183899,1.0
xmu_5,1223,183450,184049,1.0
xmu_5,1224,183600,184199,1.0
xmu_5,1225,183750,184349,1.0
xmu_5,1226,183900,184499,1.0
xmu_5,1227,184050,184649,1.0
xmu_5,1228,184200,184799,1.0
xmu_5,1229,184350,184949,1.0
xmu_5,1230,184500,185099,1.0
xmu_5,1231,184650,185249,1.0
xmu_5,1232,184800,185399,1.0
xmu_5,1233,184950,185549,1.0
xmu_5,1234,185100,185699,1.0
xmu_5,1235,185250,185849,1.0
xmu_5,1236,185400,185999,1.0
xmu_5,1237,185550,186149,1.0
xmu_5,1238,185700,186299,1.0
xmu_5,1239,185850,186449,1.0
xmu_5,1240,186000,186599,1.0
xmu_5,1241,186150,186749,1.0
xmu_5,1242,186300,186899,1.0
xmu_5,1243,186450,187049,1.0
xmu_5,1244,186600,187199,1.0
xmu_5,1245,186750,187349,1.0
xmu_5,1246,186900,187499,1.0
xmu_5,1247,187050,187649,1.0
xmu_5,1248,187200,187799,1.0
xmu_5,1249,187350,187949,1.0
xmu_5,1250,187500,188099,1.0
xmu_5,1251,187650,188249,1.0
xmu_5,1252,187800,188399,1.0
xmu_5,1253,187950,188549,1.0
xmu_5,1254,188100,188699,1.0
xmu_5,1255,188250,188849,1.0
xmu_5,1256,188400,188999,1.0
xmu_5,1257,188550,189149,1.0
xmu_5,1258,188700,189299,1.0
xmu_5,1259,188850,189449,1.0
xmu_5,1260,189000,189599,1.0
xmu_5,1261,189150,189749,1.0
xmu_5,1262,189300,189899,1.0
xmu_5,1263,189450,190049,1.0
xmu_5,1264,189600,190199,1.0
xmu_5,1265,189750,190349,1.0
xmu_5,1266,189900,190499,1.0
xmu_5,1267,190050,190649,1.0
xmu_5,1268,190200,190799,1.0
xmu_5,1269,190350,190949,1.0
xmu_5,1270,190500,191099,1.0
xmu_5,1271,190650,191249,1.0
xmu_5,1272,190800,191399,1.0
xmu_5,1273,190950,191549,1.0
xmu_5,1274,191100,191699,1.0
xmu_5,1275,191250,191849,1.0
xmu_5,1276,191400,191999,1.0
xmu_5,1277,191550,192149,1.0
xmu_5,1278,191700,192299,1.0
xmu_5,1279,191850,192449,1.0
xmu_5,1280,192000,192599,1.0
xmu_5,1281,192150,192749,1.0
xmu_5,1282,192300,192899,1.0
xmu_5,1283,192450,193049,1.0
xmu_5,1284,192600,193199,1.0
xmu_5,1285,192750,193349,1.0
xmu_5,1286,192900,193499,1.0
xmu_5,1287,193050,193649,1.0
xmu_5,1288,193200,193799,1.0
xmu_5,1289,193350,193949,1.0
xmu_5,1290,193500,194099,1.0
xmu_5,1291,193650,194249,1.0
xmu_5,1292,193800,194399,1.0
xmu_5,1293,193950,194549,1.0
xmu_5,1294,194100,194699,1.0
xmu_5,1295,194250,194849,1.0
xmu_5,1296,194400,194999,1.0
xmu_5,1297,194550,195149,1.0
xmu_5,1298,194700,195299,1.0
xmu_5,1299,194850,195449,1.0
xmu_5,1300,195000,195599,1.0
xmu_5,1301,195150,195749,1.0
xmu_5,1302,195300,195899,1.0
xmu_5,1303,195450,196049,1.0
xmu_5,1304,195600,196199,1.0
xmu_5,1305,195750,196349,1.0
xmu_5,1306,195900,196499,1.0
xmu_5,1307,196050,196649,1.0
xmu_5,1308,196200,196799,1.0
xmu_5,1309,196350,196949,1.0
xmu_5,1310,196500,197099,1.0
xmu_5,1311,196650,197249,1.0
xmu_5,1312,196800,197399,1.0
xmu_5,1313,196950,197549,1.0
xmu_5,1314,197100,197699,1.0
xmu_5,1315,197250,197849,1.0
xmu_5,1316,197400,197999,1.0
xmu_5,1317,197550,198149,1.0
xmu_5,1318,197700,198299,1.0
xmu_5,1319,197850,198449,1.0
xmu_5,1320,198000,198599,1.0
xmu_5,1321,198150,198749,1.0
xmu_5,1322,198300,198899,1.0
xmu_5,1323,198450,199049,1.0
xmu_5,1324,198600,199199,1.0
xmu_5,1325,198750,199349,1.0
xmu_5,1326,198900,199499,1.0
xmu_5,1327,199050,199649,1.0
xmu_5,1328,199200,199799,1.0
xmu_5,1329,199350,199949,1.0
xmu_5,1330,199500,200099,1.0
xmu_5,1331,199650,200249,1.0
xmu_5,1332,199800,200399,1.0
xmu_5,1333,199950,200549,1.0
xmu_5,1334,200100,200699,1.0
xmu_5,1335,200250,200849,1.0
xmu_5,1336,200400,200999,1.0
xmu_5,1337,200550,201149,1.0
xmu_5,1338,200700,201299,1.0
xmu_5,1339,200850,201449,1.0
xmu_5,1340,201000,201599,1.0
xmu_5,1341,201150,201749,1.0
xmu_5,1342,201300,201899,1.0
xmu_5,1343,201450,202049,1.0
xmu_5,1344,201600,202199,1.0
xmu_5,1345,201750,202349,1.0
xmu_5,1346,201900,202499,1.0
xmu_5,1347,202050,202649,1.0
xmu_5,1348,202200,202799,1.0
xmu_5,1349,202350,202949,1.0
xmu_5,1350,202500,203099,1.0
xmu_5,1351,202650,203249,1.0
xmu_5,1352,202800,203399,1.0
xmu_5,1353,202950,203549,1.0
xmu_5,1354,203100,203699,1.0
xmu_5,1355,203250,203849,1.0
xmu_5,1356,203400,203999,1.0
xmu_5,1357,203550,204149,1.0
xmu_5,1358,203700,204299,1.0
xmu_5,1359,203850,204449,1.0
xmu_5,1360,204000,204599,1.0
xmu_5,1361,204150,204749,1.0
xmu_5,1362,204300,204899,1.0
xmu_5,1363,204450,205049,1.0
xmu_5,1364,204600,205199,1.0
xmu_5,1365,204750,205349,1.0
xmu_5,1366,204900,205499,1.0
xmu_5,1367,205050,205649,1.0
xmu_5,1368,205200,205799,1.0
xmu_5,1369,205350,205949,1.0
xmu_5,1370,205500,206099,1.0
xmu_5,1371,205650,206249,1.0
xmu_5,1372,205800,206399,1.0
xmu_5,1373,205950,206549,1.0
xmu_5,1374,206100,206699,1.0
xmu_5,1375,206250,206849,1.0
xmu_5,1376,206400,206999,1.0
xmu_5,1377,206550,207149,1.0
xmu_5,1378,206700,207299,1.0
xmu_5,1379,206850,207449,1.0
xmu_5,1380,207000,207599,1.0
xmu_5,1381,207150,207749,1.0
xmu_5,1382,207300,207899,1.0
xmu_5,1383,207450,208049,1.0
xmu_5,1384,207600,208199,1.0
xmu_5,1385,207750,208349,1.0
xmu_5,1386,207900,208499,1.0
xmu_5,1387,208050,208649,1.0
xmu_5,1388,208200,208799,1.0
xmu_5,1389,208350,208949,1.0
xmu_5,1390,208500,209099,1.0
xmu_5,1391,208650,209249,1.0
xmu_5,1392,208800,209399,1.0
xmu_5,1393,208950,209549,1.0
xmu_5,1394,209100,209699,1.0
xmu_5,1395,209250,209849,1.0
xmu_5,1396,209400,209999,1.0
xmu_5,1397,209550,210149,1.0
xmu_5,1398,209700,210299,1.0
xmu_5,1399,209850,210449,1.0
xmu_5,1400,210000,210599,1.0
xmu_5,1401,210150,210749,1.0
xmu_5,1402,210300,210899,1.0
xmu_5,1403,210450,211049,1.0
xmu_5,1404,210600,211199,1.0
xmu_5,1405,210750,211349,1.0
xmu_5,1406,210900,211499,1.0
xmu_5,1407,211050,211649,1.0
xmu_5,1408,211200,211799,1.0
xmu_5,1409,211350,211949,1.0
xmu_5,1410,211500,212099,1.0
xmu_5,1411,211650,212249,1.0
xmu_5,1412,211800,212399,1.0
xmu_5,1413,211950,212549,1.0
xmu_5,1414,212100,212699,1.0
xmu_5,1415,212250,212849,1.0
xmu_5,1416,212400,212999,1.0
xmu_5,1417,212550,213149,1.0
xmu_5,1418,212700,213299,1.0
xmu_5,1419,212850,213449,1.0
xmu_5,1420,213000,213599,1.0
xmu_5,1421,213150,213749,1.0
xmu_5,1422,213300,213899,1.0
xmu_5,1423,213450,214049,1.0
xmu_5,1424,213600,214199,1.0
xmu_5,1425,213750,214349,1.0
xmu_5,1426,213900,214499,1.0
xmu_5,1427,214050,214649,1.0
xmu_5,1428,214200,214799,1.0
xmu_5,1429,214350,214949,1.0
xmu_5,1430,214500,215099,1.0
xmu_5,1431,214650,215249,1.0
xmu_5,1432,214800,215399,1.0
xmu_5,1433,214950,215549,1.0
xmu_5,1434,215100,215699,1.0
xmu_5,1435,215250,215849,1.0
xmu_5,1436,215400,215999,1.0
xmu_5,1437,215550,216149,1.0
xmu_5,1438,215700,216299,1.0
xmu_5,1439,215850,216449,1.0
xmu_5,1440,216000,216599,1.0
xmu_5,1441,216150,216749,1.0
xmu_5,1442,216300,216899,1.0
xmu_5,1443,216450,217049,1.0
xmu_5,1444,216600,217199,1.0
xmu_5,1445,216750,217349,1.0
xmu_5,1446,216900,217499,1.0
xmu_5,1447,217050,217649,1.0
xmu_5,1448,217200,217799,1.0
xmu_5,1449,217350,217949,1.0
xmu_5,1450,217500,218099,1.0
xmu_5,1451,217650,218249,1.0
xmu_5,1452,217800,218399,1.0
xmu_5,1453,217950,218549,1.0
xmu_5,1454,218100,218699,1.0
xmu_5,1455,218250,218849,1.0
xmu_5,1456,218400,218999,1.0
xmu_5,1457,218550,219149,1.0
xmu_5,1458,218700,219299,1.0
xmu_5,1459,218850,219449,1.0
xmu_5,1460,219000,219599,1.0
xmu_5,1461,219150,219749,1.0
xmu_5,1462,219300,219899,1.0
xmu_5,1463,219450,220049,1.0
xmu_5,1464,219600,220199,1.0
xmu_5,1465,219750,220349,1.0
xmu_5,1466,219900,220499,1.0
xmu_5,1467,220050,220649,1.0
xmu_5,1468,220200,220799,1.0
xmu_5,1469,220350,220949,1.0
xmu_5,1470,220500,221099,1.0
xmu_5,1471,220650,221249,1.0
xmu_5,1472,220800,221399,1.0
xmu_5,1473,220950,221549,1.0
xmu_5,1474,221100,221699,1.0
xmu_5,1475,221250,221849,1.0
xmu_5,1476,221400,221999,1.0
xmu_5,1477,221550,222149,1.0
xmu_5,1478,221700,222299,1.0
xmu_5,1479,221850,222449,1.0
xmu_5,1480,222000,222599,1.0
xmu_5,1481,222150,222749,1.0
xmu_5,1482,222300,222899,1.0
xmu_5,1483,222450,223049,1.0
xmu_5,1484,222600,223199,1.0
xmu_5,1485,222750,223349,1.0
xmu_5,1486,222900,223499,1.0
xmu_5,1487,223050,223649,1.0
xmu_5,1488,223200,223799,1.0
xmu_5,1489,223350,223949,1.0
xmu_5,1490,223500,224099,1.0
xmu_5,1491,223650,224249,1.0
xmu_5,1492,223800,224399,1.0
xmu_5,1493,223950,224549,1.0
xmu_5,1494,224100,224699,1.0
xmu_5,1495,224250,224849,1.0
xmu_5,1496,224400,224999,1.0
xmu_5,1497,224550,225149,1.0
xmu_5,1498,224700,225299,1.0
xmu_5,1499,224850,225449,1.0
xmu_5,1500,225000,225599,1.0
xmu_5,1501,225150,225749,1.0
xmu_5,1502,225300,225899,1.0
xmu_5,1503,225450,226049,1.0
xmu_5,1504,225600,226199,1.0
xmu_5,1505,225750,226349,1.0
xmu_5,1506,225900,226499,1.0
xmu_5,1507,226050,226649,1.0
xmu_5,1508,226200,226799,1.0
xmu_5,1509,226350,226949,1.0
xmu_5,1510,226500,227099,1.0
xmu_5,1511,226650,227249,1.0
xmu_5,1512,226800,227399,1.0
xmu_5,1513,226950,227549,1.0
xmu_5,1514,227100,227699,1.0
xmu_5,1515,227250,227849,1.0
xmu_5,1516,227400,227999,1.0
xmu_5,1517,227550,228149,1.0
xmu_5,1518,227700,228299,1.0
xmu_5,1519,227850,228449,1.0
xmu_5,1520,228000,228599,1.0
xmu_5,1521,228150,228749,1.0
xmu_5,1522,228300,228899,1.0
xmu_5,1523,228450,229049,1.0
xmu_5,1524,228600,229199,1.0
xmu_5,1525,228750,229349,1.0
xmu_5,1526,228900,229499,1.0
xmu_5,1527,229050,229649,1.0
xmu_5,1528,229200,229799,1.0
xmu_5,1529,229350,229949,1.0
xmu_5,1530,229500,230099,1.0
xmu_5,1531,229650,230249,1.0
xmu_5,1532,229800,230399,1.0
xmu_5,1533,229950,230549,1.0
xmu_5,1534,230100,230699,1.0
