dataset_key,window_index,start_row,end_row,label_purity
xmu_1,0,0,599,1.0
xmu_1,1,150,749,1.0
xmu_1,2,300,899,1.0
xmu_1,3,450,1049,1.0
xmu_1,4,600,1199,1.0
xmu_1,5,750,1349,1.0
xmu_1,6,900,1499,1.0
xmu_1,7,1050,1649,1.0
xmu_1,8,1200,1799,1.0
xmu_1,9,1350,1949,1.0
xmu_1,10,1500,2099,1.0
xmu_1,11,1650,2249,1.0
xmu_1,12,1800,2399,1.0
xmu_1,13,1950,2549,1.0
xmu_1,14,2100,2699,1.0
xmu_1,15,2250,2849,1.0
xmu_1,16,2400,2999,1.0
xmu_1,17,2550,3149,1.0
xmu_1,18,2700,3299,1.0
xmu_1,19,2850,3449,1.0
xmu_1,20,3000,3599,1.0
xmu_1,21,3150,3749,1.0
xmu_1,22,3300,3899,1.0
xmu_1,23,3450,4049,1.0
xmu_1,24,3600,4199,1.0
xmu_1,25,3750,4349,1.0
xmu_1,26,3900,4499,1.0
xmu_1,27,4050,4649,1.0
xmu_1,28,4200,4799,1.0
xmu_1,29,4350,4949,1.0
xmu_1,30,4500,5099,1.0
xmu_1,31,4650,5249,1.0
xmu_1,32,4800,5399,1.0
xmu_1,33,4950,5549,1.0
xmu_1,34,5100,5699,1.0
xmu_1,35,5250,5849,1.0
xmu_1,36,5400,5999,1.0
xmu_1,37,5550,6149,1.0
xmu_1,38,5700,6299,1.0
xmu_1,39,5850,6449,1.0
xmu_1,40,6000,6599,1.0
xmu_1,41,6150,6749,1.0
xmu_1,42,6300,6899,1.0
xmu_1,43,6450,7049,1.0
xmu_1,44,6600,7199,1.0
xmu_1,45,6750,7349,1.0
xmu_1,46,6900,7499,1.0
xmu_1,47,7050,7649,1.0
xmu_1,48,7200,7799,1.0
xmu_1,49,7350,7949,1.0
xmu_1,50,7500,8099,1.0
xmu_1,51,7650,8249,1.0
xmu_1,52,7800,8399,1.0
xmu_1,53,7950,8549,1.0
xmu_1,54,8100,8699,1.0
xmu_1,55,8250,8849,1.0
xmu_1,56,8400,8999,1.0
xmu_1,57,8550,9149,1.0
xmu_1,58,8700,9299,1.0
xmu_1,59,8850,9449,1.0
xmu_1,60,9000,9599,1.0
xmu_1,61,9150,9749,1.0
xmu_1,62,9300,9899,1.0
xmu_1,63,9450,10049,1.0
xmu_1,64,9600,10199,1.0
xmu_1,65,9750,10349,1.0
xmu_1,66,9900,10499,1.0
xmu_1,67,10050,10649,1.0
xmu_1,68,10200,10799,1.0
xmu_1,69,10350,10949,1.0
xmu_1,70,10500,11099,1.0
xmu_1,71,10650,11249,1.0
xmu_1,72,10800,11399,1.0
xmu_1,73,10950,11549,1.0
xmu_1,74,11100,11699,1.0
xmu_1,75,11250,11849,1.0
xmu_1,76,11400,11999,1.0
xmu_1,77,11550,12149,1.0
xmu_1,78,11700,12299,1.0
xmu_1,79,11850,12449,1.0
xmu_1,80,12000,12599,1.0
xmu_1,81,12150,12749,1.0
xmu_1,82,12300,12899,1.0
xmu_1,83,12450,13049,1.0
xmu_1,84,12600,13199,1.0
xmu_1,85,12750,13349,1.0
xmu_1,86,12900,13499,1.0
xmu_1,87,13050,13649,1.0
xmu_1,88,13200,13799,1.0
xmu_1,89,13350,13949,1.0
xmu_1,90,13500,14099,1.0
xmu_1,91,13650,14249,1.0
xmu_1,92,13800,14399,1.0
xmu_1,93,13950,14549,1.0
xmu_1,94,14100,14699,1.0
xmu_1,95,14250,14849,1.0
xmu_1,96,14400,14999,1.0
xmu_1,97,14550,15149,1.0
xmu_1,98,14700,15299,1.0
xmu_1,99,14850,15449,1.0
xmu_1,100,15000,15599,1.0
xmu_1,101,15150,15749,1.0
xmu_1,102,15300,15899,1.0
xmu_1,103,15450,16049,1.0
xmu_1,104,15600,16199,1.0
xmu_1,105,15750,16349,1.0
xmu_1,106,15900,16499,1.0
xmu_1,107,16050,16649,1.0
xmu_1,108,16200,16799,1.0
xmu_1,109,16350,16949,1.0
xmu_1,110,16500,17099,1.0
xmu_1,111,16650,17249,1.0
xmu_1,112,16800,17399,1.0
xmu_1,113,16950,17549,1.0
xmu_1,114,17100,17699,1.0
xmu_1,115,17250,17849,1.0
xmu_1,116,17400,17999,1.0
xmu_1,117,17550,18149,1.0
xmu_1,118,17700,18299,1.0
xmu_1,119,17850,18449,1.0
xmu_1,120,18000,18599,1.0
xmu_1,121,18150,18749,1.0
xmu_1,122,18300,18899,1.0
xmu_1,123,18450,19049,1.0
xmu_1,124,18600,19199,1.0
xmu_1,125,18750,19349,1.0
xmu_1,126,18900,19499,1.0
xmu_1,127,19050,19649,1.0
xmu_1,128,19200,19799,1.0
xmu_1,129,19350,19949,1.0
xmu_1,130,19500,20099,1.0
xmu_1,131,19650,20249,1.0
xmu_1,132,19800,20399,1.0
xmu_1,133,19950,20549,1.0
xmu_1,134,20100,20699,1.0
xmu_1,135,20250,20849,1.0
xmu_1,136,20400,20999,1.0
xmu_1,137,20550,21149,1.0
xmu_1,138,20700,21299,1.0
xmu_1,139,20850,21449,1.0
xmu_1,140,21000,21599,1.0
xmu_1,141,21150,21749,1.0
xmu_1,142,21300,21899,1.0
xmu_1,143,21450,22049,1.0
xmu_1,144,21600,22199,1.0
xmu_1,145,21750,22349,1.0
xmu_1,146,21900,22499,1.0
xmu_1,147,22050,22649,1.0
xmu_1,148,22200,22799,1.0
xmu_1,149,22350,22949,1.0
xmu_1,150,22500,23099,1.0
xmu_1,151,22650,23249,1.0
xmu_1,152,22800,23399,1.0
xmu_1,153,22950,23549,1.0
xmu_1,154,23100,23699,1.0
xmu_1,155,23250,23849,1.0
xmu_1,156,23400,23999,1.0
xmu_1,157,23550,24149,1.0
xmu_1,158,23700,24299,1.0
xmu_1,159,23850,24449,1.0
xmu_1,160,24000,24599,1.0
xmu_1,161,24150,24749,1.0
xmu_1,162,24300,24899,1.0
xmu_1,163,24450,25049,1.0
xmu_1,164,24600,25199,1.0
xmu_1,165,24750,25349,1.0
xmu_1,166,24900,25499,1.0
xmu_1,167,25050,25649,1.0
xmu_1,168,25200,25799,1.0
xmu_1,169,25350,25949,1.0
xmu_1,170,25500,26099,1.0
xmu_1,171,25650,26249,1.0
xmu_1,172,25800,26399,1.0
xmu_1,173,25950,26549,1.0
xmu_1,174,26100,26699,1.0
xmu_1,175,26250,26849,1.0
xmu_1,176,26400,26999,1.0
xmu_1,177,26550,27149,1.0
xmu_1,178,26700,27299,1.0
xmu_1,179,26850,27449,1.0
xmu_1,180,27000,27599,1.0
xmu_1,181,27150,27749,1.0
xmu_1,182,27300,27899,1.0
xmu_1,183,27450,28049,1.0
xmu_1,184,27600,28199,1.0
xmu_1,185,27750,28349,1.0
xmu_1,186,27900,28499,1.0
xmu_1,187,28050,28649,1.0
xmu_1,188,28200,28799,1.0
xmu_1,189,28350,28949,1.0
xmu_1,190,28500,29099,1.0
xmu_1,191,28650,29249,1.0
xmu_1,192,28800,29399,1.0
xmu_1,193,28950,29549,1.0
xmu_1,194,29100,29699,1.0
xmu_1,195,29250,29849,1.0
xmu_1,196,29400,29999,1.0
xmu_1,197,29550,30149,1.0
xmu_1,198,29700,30299,1.0
xmu_1,199,29850,30449,1.0
xmu_1,200,30000,30599,1.0
xmu_1,201,30150,30749,1.0
xmu_1,206,30900,31499,1.0
xmu_1,207,31050,31649,1.0
xmu_1,208,31200,31799,1.0
xmu_1,209,31350,31949,1.0
xmu_1,210,31500,32099,1.0
xmu_1,211,31650,32249,1.0
xmu_1,212,31800,32399,1.0
xmu_1,213,31950,32549,1.0
xmu_1,214,32100,32699,1.0
xmu_1,215,32250,32849,1.0
xmu_1,216,32400,32999,1.0
xmu_1,217,32550,33149,1.0
xmu_1,218,32700,33299,1.0
xmu_1,219,32850,33449,1.0
xmu_1,220,33000,33599,1.0
xmu_1,221,33150,33749,1.0
xmu_1,222,33300,33899,1.0
xmu_1,223,33450,34049,1.0
xmu_1,224,33600,34199,1.0
xmu_1,225,33750,34349,1.0
xmu_1,226,33900,34499,1.0
xmu_1,227,34050,34649,1.0
xmu_1,228,34200,34799,1.0
xmu_1,229,34350,34949,1.0
xmu_1,230,34500,35099,1.0
xmu_1,231,34650,35249,1.0
xmu_1,232,34800,35399,1.0
xmu_1,233,34950,35549,1.0
xmu_1,234,35100,35699,1.0
xmu_1,235,35250,35849,0.9933333396911621
xmu_1,239,35850,36449,1.0
xmu_1,240,36000,36599,1.0
xmu_1,241,36150,36749,1.0
xmu_1,242,36300,36899,1.0
xmu_1,243,36450,37049,1.0
xmu_1,244,36600,37199,1.0
xmu_1,245,36750,37349,1.0
xmu_1,246,36900,37499,1.0
xmu_1,247,37050,37649,1.0
xmu_1,248,37200,37799,1.0
xmu_1,249,37350,37949,1.0
xmu_1,250,37500,38099,1.0
xmu_1,251,37650,38249,1.0
xmu_1,252,37800,38399,1.0
xmu_1,253,37950,38549,0.9183333516120911
xmu_1,257,38550,39149,1.0
xmu_1,258,38700,39299,1.0
xmu_1,259,38850,39449,1.0
xmu_1,260,39000,39599,1.0
xmu_1,261,39150,39749,1.0
xmu_1,262,39300,39899,1.0
xmu_1,263,39450,40049,1.0
xmu_1,264,39600,40199,1.0
xmu_1,265,39750,40349,1.0
xmu_1,266,39900,40499,1.0
xmu_1,267,40050,40649,1.0
xmu_1,268,40200,40799,1.0
xmu_1,269,40350,40949,1.0
xmu_1,270,40500,41099,1.0
xmu_1,271,40650,41249,1.0
xmu_1,272,40800,41399,1.0
xmu_1,273,40950,41549,1.0
xmu_1,274,41100,41699,1.0
xmu_1,275,41250,41849,1.0
xmu_1,276,41400,41999,1.0
xmu_1,277,41550,42149,1.0
xmu_1,278,41700,42299,1.0
xmu_1,279,41850,42449,1.0
xmu_1,280,42000,42599,1.0
xmu_1,281,42150,42749,1.0
xmu_1,282,42300,42899,1.0
xmu_1,283,42450,43049,1.0
xmu_1,284,42600,43199,1.0
xmu_1,285,42750,43349,1.0
xmu_1,286,42900,43499,1.0
xmu_1,287,43050,43649,1.0
xmu_1,288,43200,43799,1.0
xmu_1,292,43800,44399,0.9583333134651184
xmu_1,293,43950,44549,1.0
xmu_1,294,44100,44699,1.0
xmu_1,295,44250,44849,1.0
xmu_1,296,44400,44999,1.0
xmu_1,297,44550,45149,1.0
xmu_1,298,44700,45299,1.0
xmu_1,299,44850,45449,1.0
xmu_1,300,45000,45599,1.0
xmu_1,301,45150,45749,1.0
xmu_1,302,45300,45899,1.0
xmu_1,303,45450,46049,1.0
xmu_1,304,45600,46199,1.0
xmu_1,305,45750,46349,1.0
xmu_1,306,45900,46499,1.0
xmu_1,307,46050,46649,1.0
xmu_1,308,46200,46799,1.0
xmu_1,309,46350,46949,1.0
xmu_1,310,46500,47099,1.0
xmu_1,311,46650,47249,1.0
xmu_1,312,46800,47399,1.0
xmu_1,313,46950,47549,1.0
xmu_1,314,47100,47699,1.0
xmu_1,315,47250,47849,1.0
xmu_1,316,47400,47999,1.0
xmu_1,317,47550,48149,1.0
xmu_1,318,47700,48299,1.0
xmu_1,319,47850,48449,1.0
xmu_1,320,48000,48599,1.0
xmu_1,321,48150,48749,1.0
xmu_1,322,48300,48899,1.0
xmu_1,323,48450,49049,1.0
xmu_1,324,48600,49199,1.0
xmu_1,325,48750,49349,1.0
xmu_1,326,48900,49499,1.0
xmu_1,327,49050,49649,1.0
xmu_1,328,49200,49799,1.0
xmu_1,329,49350,49949,1.0
xmu_1,330,49500,50099,1.0
xmu_1,331,49650,50249,1.0
xmu_1,332,49800,50399,1.0
xmu_1,333,49950,50549,1.0
xmu_1,334,50100,50699,1.0
xmu_1,335,50250,50849,1.0
xmu_1,336,50400,50999,1.0
xmu_1,337,50550,51149,1.0
xmu_1,338,50700,51299,1.0
xmu_1,339,50850,51449,1.0
xmu_1,340,51000,51599,1.0
xmu_1,341,51150,51749,1.0
xmu_1,342,51300,51899,1.0
xmu_1,343,51450,52049,1.0
xmu_1,344,51600,52199,1.0
xmu_1,345,51750,52349,1.0
xmu_1,346,51900,52499,1.0
xmu_1,347,52050,52649,1.0
xmu_1,348,52200,52799,1.0
xmu_1,349,52350,52949,1.0
xmu_1,350,52500,53099,1.0
xmu_1,351,52650,53249,1.0
xmu_1,352,52800,53399,1.0
xmu_1,353,52950,53549,1.0
xmu_1,354,53100,53699,1.0
xmu_1,355,53250,53849,1.0
xmu_1,356,53400,53999,1.0
xmu_1,357,53550,54149,1.0
xmu_1,358,53700,54299,1.0
xmu_1,359,53850,54449,1.0
xmu_1,360,54000,54599,1.0
xmu_1,361,54150,54749,1.0
xmu_1,362,54300,54899,1.0
xmu_1,363,54450,55049,1.0
xmu_1,364,54600,55199,1.0
xmu_1,365,54750,55349,1.0
xmu_1,366,54900,55499,1.0
xmu_1,367,55050,55649,1.0
xmu_1,368,55200,55799,1.0
xmu_1,369,55350,55949,1.0
xmu_1,370,55500,56099,1.0
xmu_1,371,55650,56249,1.0
xmu_1,372,55800,56399,1.0
xmu_1,373,55950,56549,1.0
xmu_1,374,56100,56699,1.0
xmu_1,375,56250,56849,1.0
xmu_1,376,56400,56999,1.0
xmu_1,377,56550,57149,1.0
xmu_1,378,56700,57299,1.0
xmu_1,379,56850,57449,1.0
xmu_1,380,57000,57599,1.0
xmu_1,381,57150,57749,1.0
xmu_1,382,57300,57899,1.0
xmu_1,383,57450,58049,1.0
xmu_1,384,57600,58199,1.0
xmu_1,385,57750,58349,1.0
xmu_1,386,57900,58499,1.0
xmu_1,387,58050,58649,1.0
xmu_1,388,58200,58799,1.0
xmu_1,389,58350,58949,1.0
xmu_1,390,58500,59099,1.0
xmu_1,391,58650,59249,1.0
xmu_1,392,58800,59399,1.0
xmu_1,393,58950,59549,1.0
xmu_1,394,59100,59699,1.0
xmu_1,395,59250,59849,1.0
xmu_1,396,59400,59999,1.0
xmu_1,397,59550,60149,1.0
xmu_1,398,59700,60299,1.0
xmu_1,399,59850,60449,1.0
xmu_1,400,60000,60599,1.0
xmu_1,401,60150,60749,1.0
xmu_1,402,60300,60899,1.0
xmu_1,403,60450,61049,1.0
xmu_1,404,60600,61199,1.0
xmu_1,405,60750,61349,1.0
xmu_1,406,60900,61499,1.0
xmu_1,407,61050,61649,1.0
xmu_1,408,61200,61799,1.0
xmu_1,409,61350,61949,1.0
xmu_1,410,61500,62099,1.0
xmu_1,411,61650,62249,1.0
xmu_1,412,61800,62399,1.0
xmu_1,413,61950,62549,1.0
xmu_1,414,62100,62699,1.0
xmu_1,415,62250,62849,1.0
xmu_1,416,62400,62999,1.0
xmu_1,417,62550,63149,1.0
xmu_1,418,62700,63299,1.0
xmu_1,419,62850,63449,1.0
xmu_1,420,63000,63599,1.0
xmu_1,421,63150,63749,1.0
xmu_1,422,63300,63899,1.0
xmu_1,423,63450,64049,1.0
xmu_1,424,63600,64199,1.0
xmu_1,425,63750,64349,1.0
xmu_1,426,63900,64499,1.0
xmu_1,427,64050,64649,1.0
xmu_1,428,64200,64799,1.0
xmu_1,429,64350,64949,1.0
xmu_1,430,64500,65099,1.0
xmu_1,431,64650,65249,1.0
xmu_1,432,64800,65399,1.0
xmu_1,433,64950,65549,1.0
xmu_1,434,65100,65699,1.0
xmu_1,435,65250,65849,1.0
xmu_1,436,65400,65999,1.0
xmu_1,437,65550,66149,1.0
xmu_1,438,65700,66299,1.0
xmu_1,439,65850,66449,1.0
xmu_1,440,66000,66599,1.0
xmu_1,441,66150,66749,1.0
xmu_1,442,66300,66899,1.0
xmu_1,443,66450,67049,1.0
xmu_1,444,66600,67199,1.0
xmu_1,445,66750,67349,1.0
xmu_1,446,66900,67499,1.0
xmu_1,447,67050,67649,1.0
xmu_1,448,67200,67799,1.0
xmu_1,449,67350,67949,1.0
xmu_1,450,67500,68099,1.0
xmu_1,451,67650,68249,1.0
xmu_1,452,67800,68399,1.0
xmu_1,453,67950,68549,1.0
xmu_1,454,68100,68699,1.0
xmu_1,455,68250,68849,1.0
xmu_1,456,68400,68999,1.0
xmu_1,460,69000,69599,0.9683333039283752
xmu_1,461,69150,69749,1.0
xmu_1,462,69300,69899,1.0
xmu_1,463,69450,70049,1.0
xmu_1,464,69600,70199,1.0
xmu_1,465,69750,70349,1.0
xmu_1,466,69900,70499,1.0
xmu_1,467,70050,70649,1.0
xmu_1,468,70200,70799,1.0
xmu_1,469,70350,70949,1.0
xmu_1,470,70500,71099,1.0
xmu_1,471,70650,71249,1.0
xmu_1,476,71400,71999,1.0
xmu_1,477,71550,72149,1.0
xmu_1,478,71700,72299,1.0
xmu_1,479,71850,72449,1.0
xmu_1,480,72000,72599,1.0
xmu_1,481,72150,72749,1.0
xmu_1,482,72300,72899,1.0
xmu_1,483,72450,73049,1.0
xmu_1,484,72600,73199,1.0
xmu_1,485,72750,73349,1.0
xmu_1,486,72900,73499,1.0
xmu_1,487,73050,73649,1.0
xmu_1,488,73200,73799,1.0
xmu_1,489,73350,73949,1.0
xmu_1,490,73500,74099,1.0
xmu_1,491,73650,74249,1.0
xmu_1,492,73800,74399,1.0
xmu_1,493,73950,74549,1.0
xmu_1,494,74100,74699,1.0
xmu_1,495,74250,74849,1.0
xmu_1,496,74400,74999,1.0
xmu_1,497,74550,75149,1.0
xmu_1,498,74700,75299,1.0
xmu_1,499,74850,75449,1.0
xmu_1,500,75000,75599,1.0
xmu_1,501,75150,75749,1.0
xmu_1,502,75300,75899,1.0
xmu_1,503,75450,76049,1.0
xmu_1,504,75600,76199,1.0
xmu_1,505,75750,76349,1.0
xmu_1,506,75900,76499,1.0
xmu_1,507,76050,76649,1.0
xmu_1,508,76200,76799,1.0
xmu_1,509,76350,76949,1.0
xmu_1,510,76500,77099,1.0
xmu_1,511,76650,77249,1.0
xmu_1,512,76800,77399,1.0
xmu_1,513,76950,77549,1.0
xmu_1,514,77100,77699,1.0
xmu_1,515,77250,77849,1.0
xmu_1,516,77400,77999,1.0
xmu_1,517,77550,78149,1.0
xmu_1,518,77700,78299,1.0
xmu_1,519,77850,78449,1.0
xmu_1,520,78000,78599,1.0
xmu_1,521,78150,78749,1.0
xmu_1,522,78300,78899,1.0
xmu_1,523,78450,79049,1.0
xmu_1,524,78600,79199,1.0
xmu_1,525,78750,79349,1.0
xmu_1,526,78900,79499,1.0
xmu_1,527,79050,79649,1.0
xmu_1,528,79200,79799,1.0
xmu_1,529,79350,79949,1.0
xmu_1,530,79500,80099,1.0
xmu_1,531,79650,80249,1.0
xmu_1,532,79800,80399,1.0
xmu_1,533,79950,80549,1.0
xmu_1,534,80100,80699,1.0
xmu_1,535,80250,80849,1.0
xmu_1,536,80400,80999,1.0
xmu_1,537,80550,81149,1.0
xmu_1,538,80700,81299,1.0
xmu_1,539,80850,81449,1.0
xmu_1,540,81000,81599,1.0
xmu_1,541,81150,81749,1.0
xmu_1,542,81300,81899,1.0
xmu_1,543,81450,82049,1.0
xmu_1,544,81600,82199,1.0
xmu_1,545,81750,82349,1.0
xmu_1,546,81900,82499,1.0
xmu_1,547,82050,82649,1.0
xmu_1,548,82200,82799,1.0
xmu_1,549,82350,82949,1.0
xmu_1,550,82500,83099,1.0
xmu_1,551,82650,83249,1.0
xmu_1,552,82800,83399,1.0
xmu_1,553,82950,83549,1.0
xmu_1,554,83100,83699,1.0
xmu_1,555,83250,83849,1.0
xmu_1,556,83400,83999,1.0
xmu_1,557,83550,84149,1.0
xmu_1,558,83700,84299,1.0
xmu_1,559,83850,84449,1.0
xmu_1,560,84000,84599,1.0
xmu_1,561,84150,84749,1.0
xmu_1,562,84300,84899,1.0
xmu_1,563,84450,85049,1.0
xmu_1,564,84600,85199,1.0
xmu_1,565,84750,85349,1.0
xmu_1,566,84900,85499,1.0
xmu_1,567,85050,85649,1.0
xmu_1,568,85200,85799,1.0
xmu_1,569,85350,85949,1.0
xmu_1,570,85500,86099,1.0
xmu_1,571,85650,86249,1.0
xmu_1,572,85800,86399,1.0
xmu_1,573,85950,86549,1.0
xmu_1,574,86100,86699,1.0
xmu_1,575,86250,86849,1.0
xmu_1,576,86400,86999,1.0
xmu_1,577,86550,87149,1.0
xmu_1,578,86700,87299,1.0
xmu_1,579,86850,87449,1.0
xmu_1,580,87000,87599,1.0
xmu_1,581,87150,87749,1.0
xmu_1,582,87300,87899,1.0
xmu_1,583,87450,88049,1.0
xmu_1,584,87600,88199,1.0
xmu_1,585,87750,88349,1.0
xmu_1,586,87900,88499,1.0
xmu_1,587,88050,88649,1.0
xmu_1,588,88200,88799,1.0
xmu_1,589,88350,88949,1.0
xmu_1,590,88500,89099,1.0
xmu_1,591,88650,89249,1.0
xmu_1,592,88800,89399,1.0
xmu_1,593,88950,89549,1.0
xmu_1,594,89100,89699,1.0
xmu_1,595,89250,89849,1.0
xmu_1,596,89400,89999,1.0
xmu_1,597,89550,90149,1.0
xmu_1,598,89700,90299,1.0
xmu_1,599,89850,90449,1.0
xmu_1,600,90000,90599,1.0
xmu_1,601,90150,90749,1.0
xmu_1,602,90300,90899,1.0
xmu_1,603,90450,91049,1.0
xmu_1,604,90600,91199,1.0
xmu_1,605,90750,91349,1.0
xmu_1,606,90900,91499,1.0
xmu_1,607,91050,91649,1.0
xmu_1,608,91200,91799,1.0
xmu_1,609,91350,91949,1.0
xmu_1,610,91500,92099,1.0
xmu_1,611,91650,92249,1.0
xmu_1,612,91800,92399,1.0
xmu_1,613,91950,92549,1.0
xmu_1,614,92100,92699,1.0
xmu_1,615,92250,92849,1.0
xmu_1,616,92400,92999,1.0
xmu_1,617,92550,93149,1.0
xmu_1,618,92700,93299,1.0
xmu_1,619,92850,93449,1.0
xmu_1,620,93000,93599,1.0
xmu_1,621,93150,93749,1.0
xmu_1,622,93300,93899,1.0
xmu_1,623,93450,94049,1.0
xmu_1,624,93600,94199,1.0
xmu_1,625,93750,94349,1.0
xmu_1,626,93900,94499,1.0
xmu_1,627,94050,94649,1.0
xmu_1,628,94200,94799,1.0
xmu_1,629,94350,94949,1.0
xmu_1,630,94500,95099,1.0
xmu_1,631,94650,95249,1.0
xmu_1,632,94800,95399,1.0
xmu_1,633,94950,95549,1.0
xmu_1,634,95100,95699,1.0
xmu_1,635,95250,95849,1.0
xmu_1,636,95400,95999,1.0
xmu_1,637,95550,96149,1.0
xmu_1,638,95700,96299,1.0
xmu_1,642,96300,96899,0.9333333373069763
xmu_1,643,96450,97049,1.0
xmu_1,644,96600,97199,1.0
xmu_1,645,96750,97349,1.0
xmu_1,646,96900,97499,1.0
xmu_1,647,97050,97649,1.0
xmu_1,648,97200,97799,1.0
xmu_1,649,97350,97949,1.0
xmu_1,650,97500,98099,1.0
xmu_1,651,97650,98249,1.0
xmu_1,652,97800,98399,1.0
xmu_1,653,97950,98549,1.0
xmu_1,654,98100,98699,1.0
xmu_1,655,98250,98849,1.0
xmu_1,656,98400,98999,1.0
xmu_1,657,98550,99149,1.0
xmu_1,658,98700,99299,1.0
xmu_1,659,98850,99449,1.0
xmu_1,660,99000,99599,1.0
xmu_1,661,99150,99749,1.0
xmu_1,662,99300,99899,1.0
xmu_1,663,99450,100049,1.0
xmu_1,664,99600,100199,1.0
xmu_1,665,99750,100349,1.0
xmu_1,666,99900,100499,1.0
xmu_1,667,100050,100649,1.0
xmu_1,668,100200,100799,1.0
xmu_1,669,100350,100949,1.0
xmu_1,670,100500,101099,1.0
xmu_1,671,100650,101249,1.0
xmu_1,672,100800,101399,1.0
xmu_1,673,100950,101549,1.0
xmu_1,674,101100,101699,1.0
xmu_1,675,101250,101849,1.0
xmu_1,676,101400,101999,1.0
xmu_1,677,101550,102149,1.0
xmu_1,678,101700,102299,1.0
xmu_1,679,101850,102449,1.0
xmu_1,680,102000,102599,1.0
xmu_1,681,102150,102749,1.0
xmu_1,682,102300,102899,1.0
xmu_1,683,102450,103049,1.0
xmu_1,684,102600,103199,1.0
xmu_1,685,102750,103349,1.0
xmu_1,686,102900,103499,1.0
xmu_1,687,103050,103649,1.0
xmu_1,688,103200,103799,1.0
xmu_1,689,103350,103949,1.0
xmu_1,690,103500,104099,1.0
xmu_1,691,103650,104249,1.0
xmu_1,692,103800,104399,1.0
xmu_1,693,103950,104549,1.0
xmu_1,694,104100,104699,1.0
xmu_1,695,104250,104849,1.0
xmu_1,696,104400,104999,1.0
xmu_1,697,104550,105149,1.0
xmu_1,698,104700,105299,1.0
xmu_1,699,104850,105449,1.0
xmu_1,700,105000,105599,1.0
xmu_1,701,105150,105749,1.0
xmu_1,702,105300,105899,1.0
xmu_1,703,105450,106049,1.0
xmu_1,704,105600,106199,1.0
xmu_1,705,105750,106349,1.0
xmu_1,706,105900,106499,1.0
xmu_1,707,106050,106649,1.0
xmu_1,708,106200,106799,1.0
xmu_1,709,106350,106949,1.0
xmu_1,710,106500,107099,1.0
xmu_1,711,106650,107249,1.0
xmu_1,712,106800,107399,1.0
xmu_1,713,106950,107549,1.0
xmu_1,714,107100,107699,1.0
xmu_1,715,107250,107849,1.0
xmu_1,716,107400,107999,1.0
xmu_1,717,107550,108149,1.0
xmu_1,718,107700,108299,1.0
xmu_1,719,107850,108449,1.0
xmu_1,720,108000,108599,1.0
xmu_1,721,108150,108749,1.0
xmu_1,722,108300,108899,1.0
xmu_1,723,108450,109049,1.0
xmu_1,724,108600,109199,1.0
xmu_1,725,108750,109349,1.0
xmu_1,726,108900,109499,1.0
xmu_1,731,109650,110249,1.0
xmu_1,732,109800,110399,1.0
xmu_1,733,109950,110549,1.0
xmu_1,734,110100,110699,1.0
xmu_1,735,110250,110849,1.0
xmu_1,736,110400,110999,1.0
xmu_1,737,110550,111149,1.0
xmu_1,738,110700,111299,1.0
xmu_1,739,110850,111449,1.0
xmu_1,740,111000,111599,1.0
xmu_1,741,111150,111749,1.0
xmu_1,742,111300,111899,1.0
xmu_1,743,111450,112049,1.0
xmu_1,744,111600,112199,1.0
xmu_1,745,111750,112349,1.0
xmu_1,746,111900,112499,1.0
xmu_1,747,112050,112649,1.0
xmu_1,748,112200,112799,1.0
xmu_1,749,112350,112949,1.0
xmu_1,750,112500,113099,1.0
xmu_1,751,112650,113249,1.0
xmu_1,752,112800,113399,1.0
xmu_1,753,112950,113549,1.0
xmu_1,754,113100,113699,1.0
xmu_1,755,113250,113849,1.0
xmu_1,756,113400,113999,1.0
xmu_1,757,113550,114149,1.0
xmu_1,758,113700,114299,1.0
xmu_1,759,113850,114449,1.0
xmu_1,760,114000,114599,1.0
xmu_1,761,114150,114749,1.0
xmu_1,762,114300,114899,1.0
xmu_1,763,114450,115049,1.0
xmu_1,764,114600,115199,1.0
xmu_1,765,114750,115349,1.0
xmu_1,766,114900,115499,1.0
xmu_1,767,115050,115649,1.0
xmu_1,768,115200,115799,1.0
xmu_1,769,115350,115949,1.0
xmu_1,770,115500,116099,1.0
xmu_1,771,115650,116249,1.0
xmu_1,772,115800,116399,1.0
xmu_1,773,115950,116549,1.0
xmu_1,774,116100,116699,1.0
xmu_1,775,116250,116849,1.0
xmu_1,776,116400,116999,1.0
xmu_1,777,116550,117149,1.0
xmu_1,778,116700,117299,1.0
xmu_1,779,116850,117449,1.0
xmu_1,780,117000,117599,1.0
xmu_1,781,117150,117749,1.0
xmu_1,782,117300,117899,1.0
xmu_1,783,117450,118049,1.0
xmu_1,784,117600,118199,1.0
xmu_1,785,117750,118349,1.0
xmu_1,789,118350,118949,0.9866666793823242
xmu_1,790,118500,119099,1.0
xmu_1,791,118650,119249,1.0
xmu_1,792,118800,119399,1.0
xmu_1,793,118950,119549,1.0
xmu_1,794,119100,119699,1.0
xmu_1,795,119250,119849,1.0
xmu_1,796,119400,119999,1.0
xmu_1,797,119550,120149,1.0
xmu_1,798,119700,120299,1.0
xmu_1,799,119850,120449,1.0
xmu_1,800,120000,120599,1.0
xmu_1,801,120150,120749,1.0
xmu_1,802,120300,120899,1.0
xmu_1,803,120450,121049,1.0
xmu_1,804,120600,121199,1.0
xmu_1,805,120750,121349,1.0
xmu_1,806,120900,121499,1.0
xmu_1,807,121050,121649,1.0
xmu_1,808,121200,121799,1.0
xmu_1,809,121350,121949,1.0
xmu_1,810,121500,122099,1.0
xmu_1,811,121650,122249,1.0
xmu_1,812,121800,122399,1.0
xmu_1,813,121950,122549,1.0
xmu_1,814,122100,122699,1.0
xmu_1,815,122250,122849,1.0
xmu_1,816,122400,122999,1.0
xmu_1,817,122550,123149,1.0
xmu_1,818,122700,123299,1.0
xmu_1,819,122850,123449,1.0
xmu_1,820,123000,123599,1.0
xmu_1,821,123150,123749,1.0
xmu_1,822,123300,123899,1.0
xmu_1,823,123450,124049,1.0
xmu_1,824,123600,124199,1.0
xmu_1,825,123750,124349,1.0
xmu_1,826,123900,124499,1.0
xmu_1,827,124050,124649,1.0
xmu_1,828,124200,124799,1.0
xmu_1,829,124350,124949,1.0
xmu_1,830,124500,125099,1.0
xmu_1,831,124650,125249,1.0
xmu_1,832,124800,125399,1.0
xmu_1,833,124950,125549,1.0
xmu_1,834,125100,125699,1.0
xmu_1,835,125250,125849,1.0
xmu_1,836,125400,125999,1.0
xmu_1,837,125550,126149,1.0
xmu_1,838,125700,126299,1.0
xmu_1,839,125850,126449,1.0
xmu_1,840,126000,126599,1.0
xmu_1,841,126150,126749,1.0
xmu_1,842,126300,126899,1.0
xmu_1,843,126450,127049,1.0
xmu_1,844,126600,127199,1.0
xmu_1,845,126750,127349,1.0
xmu_1,846,126900,127499,1.0
xmu_1,847,127050,127649,1.0
xmu_1,848,127200,127799,1.0
xmu_1,849,127350,127949,1.0
xmu_1,850,127500,128099,1.0
xmu_1,851,127650,128249,1.0
xmu_1,852,127800,128399,1.0
xmu_1,853,127950,128549,1.0
xmu_1,854,128100,128699,1.0
xmu_1,855,128250,128849,1.0
xmu_1,856,128400,128999,1.0
xmu_1,857,128550,129149,1.0
xmu_1,858,128700,129299,1.0
xmu_1,859,128850,129449,1.0
xmu_1,860,129000,129599,1.0
xmu_1,861,129150,129749,1.0
xmu_1,862,129300,129899,1.0
xmu_1,863,129450,130049,1.0
xmu_1,864,129600,130199,1.0
xmu_1,865,129750,130349,1.0
xmu_1,866,129900,130499,1.0
xmu_1,867,130050,130649,1.0
xmu_1,868,130200,130799,1.0
xmu_1,869,130350,130949,1.0
xmu_1,870,130500,131099,1.0
xmu_1,871,130650,131249,1.0
xmu_1,872,130800,131399,1.0
xmu_1,873,130950,131549,1.0
xmu_1,874,131100,131699,1.0
xmu_1,875,131250,131849,1.0
xmu_1,876,131400,131999,1.0
xmu_1,877,131550,132149,1.0
xmu_1,878,131700,132299,1.0
xmu_1,879,131850,132449,1.0
xmu_1,880,132000,132599,1.0
xmu_1,881,132150,132749,1.0
xmu_1,882,132300,132899,1.0
xmu_1,883,132450,133049,1.0
xmu_1,884,132600,133199,1.0
xmu_1,885,132750,133349,1.0
xmu_1,886,132900,133499,1.0
xmu_1,887,133050,133649,1.0
xmu_1,888,133200,133799,1.0
xmu_1,889,133350,133949,1.0
xmu_1,890,133500,134099,1.0
xmu_1,891,133650,134249,1.0
xmu_1,892,133800,134399,1.0
xmu_1,893,133950,134549,1.0
xmu_1,894,134100,134699,1.0
xmu_1,895,134250,134849,1.0
xmu_1,896,134400,134999,1.0
xmu_1,897,134550,135149,1.0
xmu_1,898,134700,135299,1.0
xmu_1,899,134850,135449,1.0
xmu_1,900,135000,135599,1.0
xmu_1,901,135150,135749,1.0
xmu_1,902,135300,135899,1.0
xmu_1,903,135450,136049,1.0
xmu_1,904,135600,136199,1.0
xmu_1,905,135750,136349,1.0
xmu_1,906,135900,136499,1.0
xmu_1,907,136050,136649,1.0
xmu_1,908,136200,136799,1.0
xmu_1,909,136350,136949,1.0
xmu_1,910,136500,137099,1.0
xmu_1,911,136650,137249,1.0
xmu_1,912,136800,137399,1.0
xmu_1,913,136950,137549,1.0
xmu_1,914,137100,137699,1.0
xmu_1,915,137250,137849,1.0
xmu_1,916,137400,137999,1.0
xmu_1,917,137550,138149,1.0
xmu_1,918,137700,138299,1.0
xmu_1,919,137850,138449,1.0
xmu_1,920,138000,138599,1.0
xmu_1,921,138150,138749,1.0
xmu_1,922,138300,138899,1.0
xmu_1,923,138450,139049,1.0
xmu_1,924,138600,139199,1.0
xmu_1,925,138750,139349,1.0
xmu_1,926,138900,139499,1.0
xmu_1,927,139050,139649,1.0
xmu_1,928,139200,139799,1.0
xmu_1,929,139350,139949,1.0
xmu_1,930,139500,140099,1.0
xmu_1,931,139650,140249,1.0
xmu_1,932,139800,140399,1.0
xmu_1,933,139950,140549,1.0
xmu_1,934,140100,140699,1.0
xmu_1,935,140250,140849,1.0
xmu_1,936,140400,140999,1.0
xmu_1,937,140550,141149,1.0
xmu_1,938,140700,141299,1.0
xmu_1,939,140850,141449,1.0
xmu_1,940,141000,141599,1.0
xmu_1,941,141150,141749,1.0
xmu_1,942,141300,141899,1.0
xmu_1,943,141450,142049,1.0
xmu_1,944,141600,142199,1.0
xmu_1,945,141750,142349,1.0
xmu_1,946,141900,142499,1.0
xmu_1,947,142050,142649,1.0
xmu_1,948,142200,142799,1.0
xmu_1,949,142350,142949,1.0
xmu_1,950,142500,143099,1.0
xmu_1,951,142650,143249,1.0
xmu_1,952,142800,143399,1.0
xmu_1,953,142950,143549,1.0
xmu_1,954,143100,143699,1.0
xmu_1,955,143250,143849,1.0
xmu_1,956,143400,143999,1.0
xmu_1,960,144000,144599,0.9366666674613953
xmu_1,961,144150,144749,1.0
xmu_1,962,144300,144899,1.0
xmu_1,963,144450,145049,1.0
xmu_1,964,144600,145199,1.0
xmu_1,965,144750,145349,1.0
xmu_1,966,144900,145499,1.0
xmu_1,967,145050,145649,1.0
xmu_1,968,145200,145799,1.0
xmu_1,969,145350,145949,1.0
xmu_1,970,145500,146099,1.0
xmu_1,971,145650,146249,1.0
xmu_1,972,145800,146399,1.0
xmu_1,973,145950,146549,1.0
xmu_1,974,146100,146699,1.0
xmu_1,975,146250,146849,1.0
xmu_1,976,146400,146999,1.0
xmu_1,977,146550,147149,1.0
xmu_1,978,146700,147299,1.0
xmu_1,979,146850,147449,1.0
xmu_1,980,147000,147599,1.0
xmu_1,981,147150,147749,1.0
xmu_1,982,147300,147899,1.0
xmu_1,983,147450,148049,1.0
xmu_1,984,147600,148199,1.0
xmu_1,985,147750,148349,1.0
xmu_1,986,147900,148499,1.0
xmu_1,987,148050,148649,1.0
xmu_1,988,148200,148799,1.0
xmu_1,989,148350,148949,1.0
xmu_1,990,148500,149099,1.0
xmu_1,991,148650,149249,1.0
xmu_1,992,148800,149399,1.0
xmu_1,993,148950,149549,1.0
xmu_1,994,149100,149699,1.0
xmu_1,995,149250,149849,1.0
xmu_1,996,149400,149999,1.0
xmu_1,997,149550,150149,1.0
xmu_1,998,149700,150299,1.0
xmu_1,999,149850,150449,1.0
xmu_1,1000,150000,150599,1.0
xmu_1,1001,150150,150749,1.0
xmu_1,1002,150300,150899,1.0
xmu_1,1003,150450,151049,1.0
xmu_1,1004,150600,151199,1.0
xmu_1,1005,150750,151349,1.0
xmu_1,1006,150900,151499,1.0
xmu_1,1007,151050,151649,1.0
xmu_1,1008,151200,151799,1.0
xmu_1,1009,151350,151949,1.0
xmu_1,1010,151500,152099,1.0
xmu_1,1011,151650,152249,1.0
xmu_1,1012,151800,152399,1.0
xmu_1,1013,151950,152549,1.0
xmu_1,1014,152100,152699,1.0
xmu_1,1015,152250,152849,1.0
xmu_1,1016,152400,152999,1.0
xmu_1,1017,152550,153149,1.0
xmu_1,1018,152700,153299,1.0
xmu_1,1019,152850,153449,1.0
xmu_1,1020,153000,153599,1.0
xmu_1,1021,153150,153749,1.0
xmu_1,1022,153300,153899,1.0
xmu_1,1023,153450,154049,1.0
xmu_1,1024,153600,154199,1.0
xmu_1,1025,153750,154349,1.0
xmu_1,1026,153900,154499,1.0
xmu_1,1027,154050,154649,1.0
xmu_1,1028,154200,154799,1.0
xmu_1,1029,154350,154949,1.0
xmu_1,1030,154500,155099,1.0
xmu_1,1031,154650,155249,1.0
xmu_1,1032,154800,155399,1.0
xmu_1,1033,154950,155549,1.0
xmu_1,1034,155100,155699,1.0
xmu_1,1035,155250,155849,1.0
xmu_1,1036,155400,155999,1.0
xmu_1,1037,155550,156149,1.0
xmu_1,1038,155700,156299,1.0
xmu_1,1039,155850,156449,1.0
xmu_1,1040,156000,156599,1.0
xmu_1,1041,156150,156749,1.0
xmu_1,1042,156300,156899,1.0
xmu_1,1043,156450,157049,1.0
xmu_1,1044,156600,157199,1.0
xmu_1,1045,156750,157349,1.0
xmu_1,1046,156900,157499,1.0
xmu_1,1047,157050,157649,1.0
xmu_1,1048,157200,157799,1.0
xmu_1,1049,157350,157949,1.0
xmu_1,1050,157500,158099,1.0
xmu_1,1051,157650,158249,1.0
xmu_1,1052,157800,158399,1.0
xmu_1,1053,157950,158549,1.0
xmu_1,1054,158100,158699,1.0
xmu_1,1055,158250,158849,1.0
xmu_1,1056,158400,158999,1.0
xmu_1,1057,158550,159149,1.0
xmu_1,1058,158700,159299,1.0
xmu_1,1059,158850,159449,1.0
xmu_1,1060,159000,159599,1.0
xmu_1,1061,159150,159749,1.0
xmu_1,1062,159300,159899,1.0
xmu_1,1063,159450,160049,1.0
xmu_1,1064,159600,160199,1.0
xmu_1,1065,159750,160349,1.0
xmu_1,1066,159900,160499,1.0
xmu_1,1067,160050,160649,1.0
xmu_1,1068,160200,160799,1.0
xmu_1,1069,160350,160949,1.0
xmu_1,1070,160500,161099,1.0
xmu_1,1071,160650,161249,1.0
xmu_1,1072,160800,161399,1.0
xmu_1,1073,160950,161549,1.0
xmu_1,1074,161100,161699,1.0
xmu_1,1075,161250,161849,1.0
xmu_1,1076,161400,161999,1.0
xmu_1,1077,161550,162149,1.0
xmu_1,1078,161700,162299,1.0
xmu_1,1079,161850,162449,1.0
xmu_1,1080,162000,162599,1.0
xmu_1,1081,162150,162749,1.0
xmu_1,1082,162300,162899,1.0
xmu_1,1083,162450,163049,1.0
xmu_1,1084,162600,163199,1.0
xmu_1,1085,162750,163349,1.0
xmu_1,1086,162900,163499,1.0
xmu_1,1087,163050,163649,1.0
xmu_1,1088,163200,163799,1.0
xmu_1,1089,163350,163949,1.0
xmu_1,1090,163500,164099,1.0
xmu_1,1091,163650,164249,1.0
xmu_1,1092,163800,164399,1.0
xmu_1,1093,163950,164549,1.0
xmu_1,1094,164100,164699,1.0
xmu_1,1095,164250,164849,1.0
xmu_1,1096,164400,164999,1.0
xmu_1,1097,164550,165149,1.0
xmu_1,1098,164700,165299,1.0
xmu_1,1099,164850,165449,1.0
xmu_1,1100,165000,165599,1.0
xmu_1,1101,165150,165749,1.0
xmu_1,1102,165300,165899,1.0
xmu_1,1103,165450,166049,1.0
xmu_1,1104,165600,166199,1.0
xmu_1,1105,165750,166349,1.0
xmu_1,1106,165900,166499,1.0
xmu_1,1107,166050,166649,1.0
xmu_1,1108,166200,166799,1.0
xmu_1,1109,166350,166949,1.0
xmu_1,1110,166500,167099,1.0
xmu_1,1111,166650,167249,1.0
xmu_1,1112,166800,167399,1.0
xmu_1,1113,166950,167549,1.0
xmu_1,1114,167100,167699,1.0
xmu_1,1115,167250,167849,1.0
xmu_1,1116,167400,167999,1.0
xmu_1,1117,167550,168149,1.0
xmu_1,1118,167700,168299,1.0
xmu_1,1119,167850,168449,1.0
xmu_1,1120,168000,168599,1.0
xmu_1,1121,168150,168749,1.0
xmu_1,1122,168300,168899,1.0
xmu_1,1123,168450,169049,1.0
xmu_1,1124,168600,169199,1.0
xmu_1,1125,168750,169349,1.0
xmu_1,1126,168900,169499,1.0
xmu_1,1127,169050,169649,1.0
xmu_1,1128,169200,169799,1.0
xmu_1,1129,169350,169949,1.0
xmu_1,1130,169500,170099,1.0
xmu_1,1131,169650,170249,1.0
xmu_1,1132,169800,170399,1.0
xmu_1,1133,169950,170549,1.0
xmu_1,1134,170100,170699,1.0
xmu_1,1135,170250,170849,1.0
xmu_1,1136,170400,170999,1.0
xmu_1,1137,170550,171149,1.0
xmu_1,1138,170700,171299,1.0
xmu_1,1139,170850,171449,1.0
xmu_1,1140,171000,171599,1.0
xmu_1,1141,171150,171749,1.0
xmu_1,1142,171300,171899,1.0
xmu_1,1143,171450,172049,1.0
xmu_1,1144,171600,172199,1.0
xmu_1,1145,171750,172349,1.0
xmu_1,1146,171900,172499,1.0
xmu_1,1147,172050,172649,1.0
xmu_1,1148,172200,172799,1.0
xmu_1,1149,172350,172949,1.0
xmu_1,1150,172500,173099,1.0
xmu_1,1151,172650,173249,1.0
xmu_1,1152,172800,173399,1.0
xmu_1,1153,172950,173549,1.0
xmu_1,1154,173100,173699,1.0
xmu_1,1155,173250,173849,1.0
xmu_1,1156,173400,173999,1.0
xmu_1,1157,173550,174149,1.0
xmu_1,1158,173700,174299,1.0
xmu_1,1159,173850,174449,1.0
xmu_1,1160,174000,174599,1.0
xmu_1,1161,174150,174749,1.0
xmu_1,1162,174300,174899,1.0
xmu_1,1163,174450,175049,1.0
xmu_1,1164,174600,175199,1.0
xmu_1,1165,174750,175349,1.0
xmu_1,1166,174900,175499,1.0
xmu_1,1167,175050,175649,1.0
xmu_1,1168,175200,175799,1.0
xmu_1,1169,175350,175949,1.0
xmu_1,1170,175500,176099,1.0
xmu_1,1171,175650,176249,1.0
xmu_1,1172,175800,176399,1.0
xmu_1,1173,175950,176549,1.0
xmu_1,1174,176100,176699,1.0
xmu_1,1175,176250,176849,1.0
xmu_1,1176,176400,176999,1.0
xmu_1,1177,176550,177149,1.0
xmu_1,1178,176700,177299,1.0
xmu_1,1179,176850,177449,1.0
xmu_1,1180,177000,177599,1.0
xmu_1,1181,177150,177749,1.0
xmu_1,1182,177300,177899,1.0
xmu_1,1183,177450,178049,1.0
xmu_1,1184,177600,178199,1.0
xmu_1,1185,177750,178349,1.0
xmu_1,1186,177900,178499,1.0
xmu_1,1187,178050,178649,1.0
xmu_1,1188,178200,178799,1.0
xmu_1,1189,178350,178949,1.0
xmu_1,1190,178500,179099,1.0
xmu_1,1191,178650,179249,1.0
xmu_1,1192,178800,179399,1.0
xmu_1,1193,178950,179549,1.0
xmu_1,1194,179100,179699,1.0
xmu_1,1195,179250,179849,1.0
xmu_1,1196,179400,179999,1.0
xmu_1,1197,179550,180149,1.0
xmu_1,1198,179700,180299,1.0
xmu_1,1199,179850,180449,1.0
xmu_1,1200,180000,180599,1.0
xmu_1,1201,180150,180749,1.0
xmu_1,1202,180300,180899,1.0
xmu_1,1203,180450,181049,1.0
xmu_1,1204,180600,181199,1.0
xmu_1,1205,180750,181349,1.0
xmu_1,1206,180900,181499,1.0
xmu_1,1207,181050,181649,1.0
xmu_1,1208,181200,181799,1.0
xmu_1,1209,181350,181949,1.0
xmu_1,1210,181500,182099,1.0
xmu_1,1211,181650,182249,1.0
xmu_1,1212,181800,182399,1.0
xmu_1,1213,181950,182549,1.0
xmu_1,1214,182100,182699,1.0
xmu_1,1215,182250,182849,1.0
xmu_1,1216,182400,182999,1.0
xmu_1,1217,182550,183149,1.0
xmu_1,1218,182700,183299,1.0
xmu_1,1219,182850,183449,1.0
xmu_1,1220,183000,183599,1.0
xmu_1,1221,183150,183749,1.0
xmu_1,1222,183300,183899,1.0
xmu_1,1223,183450,184049,1.0
xmu_1,1224,183600,184199,1.0
xmu_1,1225,183750,184349,1.0
xmu_1,1226,183900,184499,1.0
xmu_1,1227,184050,184649,1.0
xmu_1,1228,184200,184799,1.0
xmu_1,1229,184350,184949,1.0
xmu_1,1230,184500,185099,1.0
xmu_1,1231,184650,185249,1.0
xmu_1,1232,184800,185399,1.0
xmu_1,1233,184950,185549,1.0
xmu_1,1234,185100,185699,1.0
xmu_1,1235,185250,185849,1.0
xmu_1,1236,185400,185999,1.0
xmu_1,1237,185550,186149,1.0
xmu_1,1238,185700,186299,1.0
xmu_1,1239,185850,186449,1.0
xmu_1,1240,186000,186599,1.0
xmu_1,1241,186150,186749,1.0
xmu_1,1242,186300,186899,1.0
xmu_1,1243,186450,187049,1.0
xmu_1,1244,186600,187199,1.0
xmu_1,1245,186750,187349,1.0
xmu_1,1246,186900,187499,1.0
xmu_1,1247,187050,187649,1.0
xmu_1,1248,187200,187799,1.0
xmu_1,1249,187350,187949,1.0
xmu_1,1250,187500,188099,1.0
xmu_1,1251,187650,188249,1.0
xmu_1,1252,187800,188399,1.0
xmu_1,1253,187950,188549,1.0
xmu_1,1254,188100,188699,1.0
xmu_1,1255,188250,188849,1.0
xmu_1,1256,188400,188999,1.0
xmu_1,1257,188550,189149,1.0
xmu_1,1258,188700,189299,1.0
xmu_1,1259,188850,189449,1.0
xmu_1,1260,189000,189599,1.0
xmu_1,1261,189150,189749,1.0
xmu_1,1262,189300,189899,1.0
xmu_1,1263,189450,190049,1.0
xmu_1,1264,189600,190199,1.0
xmu_1,1265,189750,190349,1.0
xmu_1,1266,189900,190499,1.0
xmu_1,1267,190050,190649,1.0
xmu_1,1268,190200,190799,1.0
xmu_1,1269,190350,190949,1.0
xmu_1,1270,190500,191099,1.0
xmu_1,1271,190650,191249,1.0
xmu_1,1272,190800,191399,1.0
xmu_1,1273,190950,191549,1.0
xmu_1,1274,191100,191699,1.0
xmu_1,1275,191250,191849,1.0
xmu_1,1276,191400,191999,1.0
xmu_1,1277,191550,192149,1.0
xmu_1,1278,191700,192299,1.0
xmu_1,1279,191850,192449,1.0
xmu_1,1280,192000,192599,1.0
xmu_1,1281,192150,192749,1.0
xmu_1,1282,192300,192899,1.0
xmu_1,1283,192450,193049,1.0
xmu_1,1284,192600,193199,1.0
xmu_1,1285,192750,193349,1.0
xmu_1,1286,192900,193499,1.0
xmu_1,1287,193050,193649,1.0
xmu_1,1288,193200,193799,1.0
xmu_1,1289,193350,193949,1.0
xmu_1,1290,193500,194099,1.0
xmu_1,1291,193650,194249,1.0
xmu_1,1292,193800,194399,1.0
xmu_1,1293,193950,194549,1.0
xmu_1,1294,194100,194699,1.0
xmu_1,1295,194250,194849,1.0
xmu_1,1296,194400,194999,1.0
xmu_1,1297,194550,195149,1.0
xmu_1,1298,194700,195299,1.0
xmu_1,1299,194850,195449,1.0
xmu_1,1300,195000,195599,1.0
xmu_1,1301,195150,195749,1.0
xmu_1,1302,195300,195899,1.0
xmu_1,1303,195450,196049,1.0
xmu_1,1304,195600,196199,1.0
xmu_1,1305,195750,196349,1.0
xmu_1,1306,195900,196499,1.0
xmu_1,1307,196050,196649,1.0
xmu_1,1308,196200,196799,1.0
xmu_1,1309,196350,196949,1.0
xmu_1,1310,196500,197099,1.0
xmu_1,1311,196650,197249,1.0
xmu_1,1312,196800,197399,1.0
xmu_1,1313,196950,197549,1.0
xmu_1,1314,197100,197699,1.0
xmu_1,1315,197250,197849,1.0
xmu_1,1316,197400,197999,1.0
xmu_1,1317,197550,198149,1.0
xmu_1,1318,197700,198299,1.0
xmu_1,1319,197850,198449,1.0
xmu_1,1320,198000,198599,1.0
xmu_1,1321,198150,198749,1.0
xmu_1,1322,198300,198899,1.0
xmu_1,1323,198450,199049,1.0
xmu_1,1324,198600,199199,1.0
xmu_1,1325,198750,199349,1.0
xmu_1,1326,198900,199499,1.0
xmu_1,1327,199050,199649,1.0
xmu_1,1332,199800,200399,1.0
xmu_1,1333,199950,200549,1.0
xmu_1,1334,200100,200699,1.0
xmu_1,1335,200250,200849,1.0
xmu_1,1336,200400,200999,1.0
xmu_1,1337,200550,201149,1.0
xmu_1,1338,200700,201299,1.0
xmu_1,1339,200850,201449,1.0
xmu_1,1340,201000,201599,1.0
xmu_1,1341,201150,201749,1.0
xmu_1,1342,201300,201899,1.0
xmu_1,1343,201450,202049,1.0
xmu_1,1344,201600,202199,1.0
xmu_1,1345,201750,202349,1.0
xmu_1,1346,201900,202499,1.0
xmu_1,1347,202050,202649,1.0
xmu_1,1348,202200,202799,1.0
xmu_1,1349,202350,202949,1.0
xmu_1,1350,202500,203099,1.0
xmu_1,1351,202650,203249,1.0
xmu_1,1352,202800,203399,1.0
xmu_1,1353,202950,203549,1.0
xmu_1,1354,203100,203699,1.0
xmu_1,1355,203250,203849,1.0
xmu_1,1356,203400,203999,1.0
xmu_1,1357,203550,204149,1.0
xmu_1,1358,203700,204299,1.0
xmu_1,1359,203850,204449,1.0
xmu_1,1360,204000,204599,1.0
xmu_1,1361,204150,204749,1.0
xmu_1,1362,204300,204899,1.0
xmu_1,1363,204450,205049,1.0
xmu_1,1364,204600,205199,1.0
xmu_1,1365,204750,205349,1.0
xmu_1,1366,204900,205499,1.0
xmu_1,1367,205050,205649,1.0
xmu_1,1368,205200,205799,1.0
xmu_1,1369,205350,205949,1.0
xmu_1,1370,205500,206099,1.0
xmu_1,1371,205650,206249,1.0
xmu_1,1372,205800,206399,1.0
xmu_1,1373,205950,206549,1.0
xmu_1,1374,206100,206699,1.0
xmu_1,1375,206250,206849,1.0
xmu_1,1376,206400,206999,1.0
xmu_1,1377,206550,207149,1.0
xmu_1,1378,206700,207299,1.0
xmu_1,1379,206850,207449,1.0
xmu_1,1380,207000,207599,1.0
xmu_1,1381,207150,207749,1.0
xmu_1,1382,207300,207899,1.0
xmu_1,1383,207450,208049,1.0
xmu_1,1384,207600,208199,1.0
xmu_1,1385,207750,208349,1.0
xmu_1,1386,207900,208499,1.0
xmu_1,1387,208050,208649,1.0
xmu_1,1388,208200,208799,1.0
xmu_1,1389,208350,208949,1.0
xmu_1,1390,208500,209099,1.0
xmu_1,1391,208650,209249,1.0
xmu_1,1392,208800,209399,1.0
xmu_1,1393,208950,209549,1.0
xmu_1,1394,209100,209699,1.0
xmu_1,1395,209250,209849,1.0
xmu_1,1396,209400,209999,1.0
xmu_1,1397,209550,210149,1.0
xmu_1,1398,209700,210299,1.0
xmu_1,1399,209850,210449,1.0
xmu_1,1400,210000,210599,1.0
xmu_1,1401,210150,210749,1.0
xmu_1,1402,210300,210899,1.0
xmu_1,1403,210450,211049,1.0
xmu_1,1404,210600,211199,1.0
xmu_1,1405,210750,211349,1.0
xmu_1,1406,210900,211499,1.0
xmu_1,1407,211050,211649,1.0
xmu_1,1408,211200,211799,1.0
xmu_1,1409,211350,211949,1.0
xmu_1,1410,211500,212099,1.0
xmu_1,1411,211650,212249,1.0
xmu_1,1412,211800,212399,1.0
xmu_1,1413,211950,212549,1.0
xmu_1,1414,212100,212699,1.0
xmu_1,1415,212250,212849,1.0
xmu_1,1416,212400,212999,1.0
xmu_1,1417,212550,213149,1.0
xmu_1,1418,212700,213299,1.0
xmu_1,1419,212850,213449,1.0
xmu_1,1420,213000,213599,1.0
xmu_1,1421,213150,213749,1.0
xmu_1,1422,213300,213899,1.0
xmu_1,1423,213450,214049,1.0
xmu_1,1424,213600,214199,1.0
xmu_1,1425,213750,214349,1.0
xmu_1,1426,213900,214499,1.0
xmu_1,1427,214050,214649,1.0
xmu_1,1428,214200,214799,1.0
xmu_1,1429,214350,214949,1.0
xmu_1,1430,214500,215099,1.0
xmu_1,1431,214650,215249,1.0
xmu_1,1432,214800,215399,1.0
xmu_1,1433,214950,215549,1.0
xmu_1,1434,215100,215699,1.0
xmu_1,1435,215250,215849,1.0
xmu_1,1436,215400,215999,1.0
xmu_1,1437,215550,216149,1.0
xmu_1,1438,215700,216299,1.0
xmu_1,1439,215850,216449,1.0
xmu_1,1440,216000,216599,1.0
xmu_1,1441,216150,216749,1.0
xmu_1,1442,216300,216899,1.0
xmu_1,1443,216450,217049,1.0
xmu_1,1444,216600,217199,1.0
xmu_1,1445,216750,217349,1.0
xmu_1,1446,216900,217499,1.0
xmu_1,1447,217050,217649,1.0
xmu_1,1448,217200,217799,1.0
xmu_1,1449,217350,217949,1.0
xmu_1,1450,217500,218099,1.0
xmu_1,1451,217650,218249,1.0
xmu_1,1452,217800,218399,1.0
xmu_1,1453,217950,218549,1.0
xmu_1,1454,218100,218699,1.0
xmu_1,1455,218250,218849,1.0
xmu_1,1456,218400,218999,1.0
xmu_1,1457,218550,219149,1.0
xmu_1,1458,218700,219299,1.0
xmu_1,1459,218850,219449,1.0
xmu_1,1460,219000,219599,1.0
xmu_1,1461,219150,219749,1.0
xmu_1,1462,219300,219899,1.0
xmu_1,1463,219450,220049,1.0
xmu_1,1464,219600,220199,1.0
xmu_1,1465,219750,220349,1.0
xmu_1,1466,219900,220499,1.0
xmu_1,1467,220050,220649,1.0
xmu_1,1468,220200,220799,1.0
xmu_1,1469,220350,220949,1.0
xmu_1,1470,220500,221099,1.0
xmu_1,1471,220650,221249,1.0
xmu_1,1472,220800,221399,1.0
xmu_1,1473,220950,221549,1.0
xmu_1,1474,221100,221699,1.0
xmu_1,1475,221250,221849,1.0
xmu_1,1476,221400,221999,1.0
xmu_1,1477,221550,222149,1.0
xmu_1,1478,221700,222299,1.0
xmu_1,1479,221850,222449,1.0
xmu_1,1480,222000,222599,1.0
xmu_1,1481,222150,222749,1.0
xmu_1,1482,222300,222899,1.0
xmu_1,1483,222450,223049,1.0
xmu_1,1484,222600,223199,1.0
xmu_1,1485,222750,223349,1.0
xmu_1,1486,222900,223499,1.0
xmu_1,1487,223050,223649,1.0
xmu_1,1488,223200,223799,1.0
xmu_1,1489,223350,223949,1.0
xmu_1,1490,223500,224099,1.0
xmu_1,1491,223650,224249,1.0
xmu_1,1492,223800,224399,1.0
xmu_1,1493,223950,224549,1.0
xmu_1,1494,224100,224699,1.0
xmu_1,1495,224250,224849,1.0
xmu_1,1496,224400,224999,1.0
xmu_1,1497,224550,225149,1.0
xmu_1,1498,224700,225299,1.0
xmu_1,1499,224850,225449,1.0
xmu_1,1500,225000,225599,1.0
xmu_1,1501,225150,225749,1.0
xmu_1,1502,225300,225899,1.0
xmu_1,1503,225450,226049,1.0
xmu_1,1504,225600,226199,1.0
xmu_1,1505,225750,226349,1.0
xmu_1,1506,225900,226499,1.0
xmu_1,1507,226050,226649,1.0
xmu_1,1508,226200,226799,1.0
xmu_1,1509,226350,226949,1.0
xmu_1,1510,226500,227099,1.0
xmu_1,1511,226650,227249,1.0
xmu_1,1512,226800,227399,1.0
xmu_1,1513,226950,227549,1.0
xmu_1,1514,227100,227699,1.0
xmu_1,1515,227250,227849,1.0
xmu_1,1516,227400,227999,1.0
xmu_1,1517,227550,228149,1.0
xmu_1,1518,227700,228299,1.0
xmu_1,1519,227850,228449,1.0
xmu_1,1520,228000,228599,1.0
xmu_1,1521,228150,228749,1.0
xmu_1,1522,228300,228899,1.0
xmu_1,1523,228450,229049,1.0
xmu_1,1524,228600,229199,1.0
xmu_1,1525,228750,229349,1.0
xmu_1,1526,228900,229499,1.0
xmu_1,1527,229050,229649,1.0
xmu_1,1528,229200,229799,1.0
xmu_1,1529,229350,229949,1.0
xmu_1,1530,229500,230099,1.0
xmu_1,1531,229650,230249,1.0
xmu_1,1532,229800,230399,1.0
xmu_1,1533,229950,230549,1.0
xmu_1,1534,230100,230699,1.0
xmu_1,1535,230250,230849,1.0
xmu_1,1536,230400,230999,1.0
xmu_1,1537,230550,231149,1.0
xmu_1,1538,230700,231299,1.0
xmu_1,1539,230850,231449,1.0
xmu_1,1540,231000,231599,1.0
xmu_1,1541,231150,231749,1.0
xmu_1,1542,231300,231899,1.0
xmu_1,1543,231450,232049,1.0
xmu_1,1544,231600,232199,1.0
xmu_1,1545,231750,232349,1.0
xmu_1,1546,231900,232499,1.0
xmu_1,1547,232050,232649,1.0
xmu_1,1548,232200,232799,1.0
xmu_1,1549,232350,232949,1.0
xmu_1,1550,232500,233099,1.0
xmu_1,1551,232650,233249,1.0
xmu_1,1552,232800,233399,1.0
xmu_1,1553,232950,233549,1.0
xmu_1,1554,233100,233699,1.0
xmu_1,1555,233250,233849,1.0
xmu_1,1556,233400,233999,1.0
xmu_1,1557,233550,234149,1.0
xmu_1,1558,233700,234299,1.0
xmu_1,1559,233850,234449,1.0
xmu_1,1560,234000,234599,1.0
xmu_1,1561,234150,234749,1.0
xmu_1,1562,234300,234899,1.0
xmu_1,1563,234450,235049,1.0
xmu_1,1564,234600,235199,1.0
xmu_1,1565,234750,235349,1.0
xmu_1,1566,234900,235499,1.0
xmu_1,1567,235050,235649,1.0
xmu_1,1568,235200,235799,1.0
xmu_1,1569,235350,235949,1.0
xmu_1,1570,235500,236099,1.0
xmu_1,1571,235650,236249,1.0
xmu_1,1572,235800,236399,1.0
xmu_1,1573,235950,236549,1.0
xmu_1,1574,236100,236699,1.0
xmu_1,1575,236250,236849,1.0
xmu_1,1576,236400,236999,1.0
xmu_1,1577,236550,237149,1.0
xmu_1,1578,236700,237299,1.0
xmu_1,1579,236850,237449,1.0
xmu_1,1580,237000,237599,1.0
xmu_1,1581,237150,237749,1.0
xmu_1,1582,237300,237899,1.0
xmu_1,1583,237450,238049,1.0
xmu_1,1584,237600,238199,1.0
xmu_1,1585,237750,238349,1.0
xmu_1,1586,237900,238499,1.0
xmu_1,1587,238050,238649,1.0
xmu_1,1588,238200,238799,1.0
xmu_1,1589,238350,238949,1.0
xmu_1,1590,238500,239099,1.0
xmu_1,1591,238650,239249,1.0
xmu_1,1592,238800,239399,1.0
xmu_1,1593,238950,239549,1.0
xmu_1,1594,239100,239699,1.0
xmu_1,1595,239250,239849,1.0
xmu_1,1596,239400,239999,1.0
xmu_1,1597,239550,240149,1.0
xmu_1,1598,239700,240299,1.0
xmu_1,1599,239850,240449,1.0
xmu_1,1600,240000,240599,1.0
xmu_1,1601,240150,240749,1.0
xmu_1,1602,240300,240899,1.0
xmu_1,1603,240450,241049,1.0
xmu_1,1604,240600,241199,1.0
xmu_1,1605,240750,241349,1.0
xmu_1,1606,240900,241499,1.0
xmu_1,1607,241050,241649,1.0
xmu_1,1608,241200,241799,1.0
xmu_1,1609,241350,241949,1.0
xmu_1,1610,241500,242099,1.0
xmu_1,1611,241650,242249,1.0
xmu_1,1612,241800,242399,1.0
xmu_1,1613,241950,242549,1.0
xmu_1,1614,242100,242699,1.0
xmu_1,1615,242250,242849,1.0
xmu_1,1616,242400,242999,1.0
xmu_1,1617,242550,243149,1.0
xmu_1,1618,242700,243299,1.0
xmu_1,1619,242850,243449,1.0
xmu_1,1620,243000,243599,1.0
xmu_1,1621,243150,243749,1.0
xmu_1,1622,243300,243899,1.0
xmu_1,1623,243450,244049,1.0
xmu_1,1624,243600,244199,1.0
xmu_1,1625,243750,244349,1.0
xmu_1,1626,243900,244499,1.0
xmu_1,1627,244050,244649,1.0
xmu_1,1628,244200,244799,1.0
xmu_1,1629,244350,244949,1.0
xmu_1,1630,244500,245099,1.0
xmu_1,1631,244650,245249,1.0
xmu_1,1632,244800,245399,1.0
xmu_1,1633,244950,245549,1.0
xmu_1,1634,245100,245699,1.0
xmu_1,1635,245250,245849,1.0
xmu_1,1636,245400,245999,1.0
xmu_1,1637,245550,246149,1.0
xmu_1,1638,245700,246299,1.0
xmu_1,1639,245850,246449,1.0
xmu_1,1640,246000,246599,1.0
xmu_1,1641,246150,246749,1.0
xmu_1,1642,246300,246899,1.0
xmu_1,1643,246450,247049,1.0
xmu_1,1644,246600,247199,1.0
xmu_1,1645,246750,247349,1.0
xmu_1,1646,246900,247499,1.0
xmu_1,1647,247050,247649,1.0
xmu_1,1648,247200,247799,1.0
xmu_1,1649,247350,247949,1.0
xmu_1,1650,247500,248099,1.0
xmu_1,1651,247650,248249,1.0
xmu_1,1652,247800,248399,1.0
xmu_1,1653,247950,248549,1.0
xmu_1,1654,248100,248699,1.0
xmu_1,1655,248250,248849,1.0
xmu_1,1656,248400,248999,1.0
xmu_1,1657,248550,249149,1.0
xmu_1,1658,248700,249299,1.0
xmu_1,1659,248850,249449,1.0
xmu_1,1660,249000,249599,1.0
xmu_1,1661,249150,249749,1.0
xmu_1,1662,249300,249899,1.0
xmu_1,1663,249450,250049,1.0
xmu_1,1664,249600,250199,1.0
xmu_1,1665,249750,250349,1.0
xmu_1,1666,249900,250499,1.0
xmu_1,1667,250050,250649,1.0
xmu_1,1668,250200,250799,1.0
xmu_1,1669,250350,250949,1.0
xmu_1,1670,250500,251099,1.0
xmu_1,1671,250650,251249,1.0
xmu_1,1672,250800,251399,1.0
xmu_1,1673,250950,251549,1.0
xmu_1,1674,251100,251699,1.0
xmu_1,1675,251250,251849,1.0
xmu_1,1676,251400,251999,1.0
xmu_1,1677,251550,252149,1.0
xmu_1,1678,251700,252299,1.0
xmu_1,1679,251850,252449,1.0
xmu_1,1680,252000,252599,1.0
xmu_1,1681,252150,252749,1.0
xmu_1,1682,252300,252899,1.0
xmu_1,1683,252450,253049,1.0
xmu_1,1684,252600,253199,1.0
xmu_1,1685,252750,253349,1.0
xmu_1,1686,252900,253499,1.0
xmu_1,1687,253050,253649,1.0
xmu_1,1688,253200,253799,1.0
xmu_1,1689,253350,253949,1.0
xmu_1,1690,253500,254099,1.0
xmu_1,1691,253650,254249,1.0
xmu_1,1692,253800,254399,1.0
xmu_1,1693,253950,254549,1.0
xmu_1,1694,254100,254699,1.0
xmu_1,1695,254250,254849,1.0
xmu_1,1696,254400,254999,1.0
xmu_1,1697,254550,255149,1.0
xmu_1,1698,254700,255299,1.0
xmu_1,1699,254850,255449,1.0
xmu_1,1700,255000,255599,1.0
xmu_1,1701,255150,255749,1.0
xmu_1,1702,255300,255899,1.0
xmu_1,1703,255450,256049,1.0
xmu_1,1704,255600,256199,1.0
xmu_1,1705,255750,256349,1.0
xmu_1,1706,255900,256499,1.0
xmu_1,1707,256050,256649,1.0
xmu_1,1708,256200,256799,1.0
xmu_1,1709,256350,256949,1.0
xmu_1,1710,256500,257099,1.0
xmu_1,1711,256650,257249,1.0
xmu_1,1712,256800,257399,1.0
xmu_1,1713,256950,257549,1.0
xmu_1,1714,257100,257699,1.0
xmu_1,1715,257250,257849,1.0
xmu_1,1716,257400,257999,1.0
xmu_1,1717,257550,258149,1.0
xmu_1,1718,257700,258299,1.0
xmu_1,1719,257850,258449,1.0
xmu_1,1720,258000,258599,1.0
xmu_1,1721,258150,258749,1.0
xmu_1,1722,258300,258899,1.0
xmu_1,1723,258450,259049,1.0
xmu_1,1724,258600,259199,1.0
xmu_1,1725,258750,259349,1.0
xmu_1,1726,258900,259499,1.0
xmu_1,1727,259050,259649,1.0
xmu_1,1728,259200,259799,1.0
xmu_1,1729,259350,259949,1.0
xmu_1,1730,259500,260099,1.0
xmu_1,1731,259650,260249,1.0
xmu_1,1732,259800,260399,1.0
xmu_1,1733,259950,260549,1.0
xmu_1,1734,260100,260699,1.0
xmu_1,1735,260250,260849,1.0
xmu_1,1736,260400,260999,1.0
xmu_1,1737,260550,261149,1.0
xmu_1,1738,260700,261299,1.0
xmu_1,1739,260850,261449,1.0
xmu_1,1740,261000,261599,1.0
xmu_1,1741,261150,261749,1.0
xmu_1,1742,261300,261899,1.0
xmu_2,0,0,599,1.0
xmu_2,1,150,749,1.0
xmu_2,2,300,899,1.0
xmu_2,3,450,1049,1.0
xmu_2,4,600,1199,1.0
xmu_2,5,750,1349,1.0
xmu_2,6,900,1499,1.0
xmu_2,7,1050,1649,1.0
xmu_2,8,1200,1799,1.0
xmu_2,9,1350,1949,1.0
xmu_2,10,1500,2099,1.0
xmu_2,11,1650,2249,1.0
xmu_2,12,1800,2399,1.0
xmu_2,13,1950,2549,1.0
xmu_2,14,2100,2699,1.0
xmu_2,15,2250,2849,1.0
xmu_2,16,2400,2999,1.0
xmu_2,17,2550,3149,1.0
xmu_2,18,2700,3299,1.0
xmu_2,19,2850,3449,1.0
xmu_2,20,3000,3599,1.0
xmu_2,21,3150,3749,1.0
xmu_2,22,3300,3899,1.0
xmu_2,23,3450,4049,1.0
xmu_2,24,3600,4199,1.0
xmu_2,25,3750,4349,1.0
xmu_2,26,3900,4499,1.0
xmu_2,27,4050,4649,1.0
xmu_2,28,4200,4799,1.0
xmu_2,29,4350,4949,1.0
xmu_2,30,4500,5099,1.0
xmu_2,31,4650,5249,1.0
xmu_2,32,4800,5399,1.0
xmu_2,33,4950,5549,1.0
xmu_2,34,5100,5699,1.0
xmu_2,35,5250,5849,1.0
xmu_2,36,5400,5999,1.0
xmu_2,37,5550,6149,1.0
xmu_2,38,5700,6299,1.0
xmu_2,39,5850,6449,1.0
xmu_2,40,6000,6599,1.0
xmu_2,41,6150,6749,1.0
xmu_2,42,6300,6899,1.0
xmu_2,43,6450,7049,0.9516666531562805
xmu_2,47,7050,7649,1.0
xmu_2,48,7200,7799,1.0
xmu_2,49,7350,7949,1.0
xmu_2,50,7500,8099,1.0
xmu_2,51,7650,8249,1.0
xmu_2,52,7800,8399,1.0
xmu_2,53,7950,8549,1.0
xmu_2,54,8100,8699,1.0
xmu_2,55,8250,8849,1.0
xmu_2,56,8400,8999,1.0
xmu_2,57,8550,9149,1.0
xmu_2,58,8700,9299,1.0
xmu_2,59,8850,9449,1.0
xmu_2,60,9000,9599,1.0
xmu_2,61,9150,9749,1.0
xmu_2,62,9300,9899,1.0
xmu_2,63,9450,10049,1.0
xmu_2,64,9600,10199,1.0
xmu_2,65,9750,10349,1.0
xmu_2,66,9900,10499,1.0
xmu_2,67,10050,10649,1.0
xmu_2,68,10200,10799,1.0
xmu_2,69,10350,10949,1.0
xmu_2,70,10500,11099,1.0
xmu_2,71,10650,11249,1.0
xmu_2,72,10800,11399,1.0
xmu_2,73,10950,11549,1.0
xmu_2,74,11100,11699,1.0
xmu_2,75,11250,11849,1.0
xmu_2,76,11400,11999,1.0
xmu_2,77,11550,12149,1.0
xmu_2,78,11700,12299,1.0
xmu_2,79,11850,12449,1.0
xmu_2,80,12000,12599,1.0
xmu_2,81,12150,12749,1.0
xmu_2,82,12300,12899,1.0
xmu_2,83,12450,13049,1.0
xmu_2,84,12600,13199,1.0
xmu_2,85,12750,13349,1.0
xmu_2,86,12900,13499,1.0
xmu_2,87,13050,13649,1.0
xmu_2,88,13200,13799,1.0
xmu_2,89,13350,13949,1.0
xmu_2,90,13500,14099,1.0
xmu_2,91,13650,14249,1.0
xmu_2,92,13800,14399,1.0
xmu_2,93,13950,14549,1.0
xmu_2,94,14100,14699,1.0
xmu_2,95,14250,14849,1.0
xmu_2,96,14400,14999,1.0
xmu_2,97,14550,15149,1.0
xmu_2,98,14700,15299,1.0
xmu_2,99,14850,15449,1.0
xmu_2,100,15000,15599,1.0
xmu_2,101,15150,15749,1.0
xmu_2,102,15300,15899,1.0
xmu_2,103,15450,16049,1.0
xmu_2,104,15600,16199,1.0
xmu_2,105,15750,16349,1.0
xmu_2,106,15900,16499,1.0
xmu_2,107,16050,16649,1.0
xmu_2,108,16200,16799,1.0
xmu_2,109,16350,16949,1.0
xmu_2,110,16500,17099,1.0
xmu_2,111,16650,17249,1.0
xmu_2,112,16800,17399,1.0
xmu_2,113,16950,17549,1.0
xmu_2,114,17100,17699,1.0
xmu_2,115,17250,17849,1.0
xmu_2,116,17400,17999,1.0
xmu_2,117,17550,18149,1.0
xmu_2,118,17700,18299,1.0
xmu_2,119,17850,18449,1.0
xmu_2,120,18000,18599,1.0
xmu_2,121,18150,18749,1.0
xmu_2,122,18300,18899,1.0
xmu_2,123,18450,19049,1.0
xmu_2,124,18600,19199,1.0
xmu_2,125,18750,19349,1.0
xmu_2,126,18900,19499,1.0
xmu_2,127,19050,19649,1.0
xmu_2,128,19200,19799,1.0
xmu_2,129,19350,19949,1.0
xmu_2,130,19500,20099,1.0
xmu_2,131,19650,20249,1.0
xmu_2,132,19800,20399,1.0
xmu_2,133,19950,20549,1.0
xmu_2,134,20100,20699,1.0
xmu_2,135,20250,20849,1.0
xmu_2,136,20400,20999,1.0
xmu_2,137,20550,21149,1.0
xmu_2,138,20700,21299,1.0
xmu_2,139,20850,21449,1.0
xmu_2,140,21000,21599,1.0
xmu_2,141,21150,21749,1.0
xmu_2,142,21300,21899,1.0
xmu_2,143,21450,22049,1.0
xmu_2,144,21600,22199,1.0
xmu_2,145,21750,22349,1.0
xmu_2,146,21900,22499,1.0
xmu_2,147,22050,22649,1.0
xmu_2,148,22200,22799,1.0
xmu_2,149,22350,22949,1.0
xmu_2,150,22500,23099,1.0
xmu_2,151,22650,23249,1.0
xmu_2,152,22800,23399,1.0
xmu_2,153,22950,23549,1.0
xmu_2,154,23100,23699,1.0
xmu_2,155,23250,23849,1.0
xmu_2,156,23400,23999,1.0
xmu_2,157,23550,24149,1.0
xmu_2,158,23700,24299,1.0
xmu_2,159,23850,24449,1.0
xmu_2,160,24000,24599,1.0
xmu_2,161,24150,24749,1.0
xmu_2,162,24300,24899,1.0
xmu_2,163,24450,25049,1.0
xmu_2,164,24600,25199,1.0
xmu_2,165,24750,25349,1.0
xmu_2,166,24900,25499,1.0
xmu_2,167,25050,25649,1.0
xmu_2,168,25200,25799,1.0
xmu_2,169,25350,25949,1.0
xmu_2,170,25500,26099,1.0
xmu_2,171,25650,26249,1.0
xmu_2,172,25800,26399,1.0
xmu_2,173,25950,26549,1.0
xmu_2,174,26100,26699,1.0
xmu_2,175,26250,26849,1.0
xmu_2,176,26400,26999,1.0
xmu_2,177,26550,27149,1.0
xmu_2,178,26700,27299,1.0
xmu_2,179,26850,27449,1.0
xmu_2,180,27000,27599,1.0
xmu_2,181,27150,27749,1.0
xmu_2,182,27300,27899,1.0
xmu_2,183,27450,28049,1.0
xmu_2,184,27600,28199,1.0
xmu_2,185,27750,28349,1.0
xmu_2,186,27900,28499,1.0
xmu_2,187,28050,28649,1.0
xmu_2,188,28200,28799,1.0
xmu_2,189,28350,28949,1.0
xmu_2,190,28500,29099,1.0
xmu_2,191,28650,29249,1.0
xmu_2,192,28800,29399,1.0
xmu_2,193,28950,29549,1.0
xmu_2,194,29100,29699,1.0
xmu_2,195,29250,29849,1.0
xmu_2,196,29400,29999,1.0
xmu_2,197,29550,30149,1.0
xmu_2,198,29700,30299,1.0
xmu_2,199,29850,30449,1.0
xmu_2,200,30000,30599,1.0
xmu_2,201,30150,30749,1.0
xmu_2,202,30300,30899,1.0
xmu_2,203,30450,31049,1.0
xmu_2,204,30600,31199,1.0
xmu_2,205,30750,31349,1.0
xmu_2,206,30900,31499,1.0
xmu_2,207,31050,31649,1.0
xmu_2,208,31200,31799,1.0
xmu_2,209,31350,31949,1.0
xmu_2,210,31500,32099,1.0
xmu_2,211,31650,32249,1.0
xmu_2,212,31800,32399,1.0
xmu_2,213,31950,32549,1.0
xmu_2,214,32100,32699,1.0
xmu_2,215,32250,32849,1.0
xmu_2,216,32400,32999,1.0
xmu_2,217,32550,33149,1.0
xmu_2,218,32700,33299,1.0
xmu_2,219,32850,33449,1.0
xmu_2,220,33000,33599,1.0
xmu_2,221,33150,33749,1.0
xmu_2,222,33300,33899,1.0
xmu_2,223,33450,34049,1.0
xmu_2,224,33600,34199,1.0
xmu_2,225,33750,34349,1.0
xmu_2,226,33900,34499,1.0
xmu_2,227,34050,34649,1.0
xmu_2,228,34200,34799,1.0
xmu_2,229,34350,34949,1.0
xmu_2,230,34500,35099,1.0
xmu_2,231,34650,35249,1.0
xmu_2,232,34800,35399,1.0
xmu_2,233,34950,35549,1.0
xmu_2,234,35100,35699,1.0
xmu_2,235,35250,35849,1.0
xmu_2,236,35400,35999,1.0
xmu_2,237,35550,36149,1.0
xmu_2,238,35700,36299,1.0
xmu_2,239,35850,36449,1.0
xmu_2,240,36000,36599,1.0
xmu_2,241,36150,36749,1.0
xmu_2,242,36300,36899,1.0
xmu_2,243,36450,37049,1.0
xmu_2,244,36600,37199,1.0
xmu_2,245,36750,37349,1.0
xmu_2,246,36900,37499,1.0
xmu_2,247,37050,37649,1.0
xmu_2,248,37200,37799,1.0
xmu_2,249,37350,37949,1.0
xmu_2,250,37500,38099,1.0
xmu_2,251,37650,38249,1.0
xmu_2,252,37800,38399,1.0
xmu_2,253,37950,38549,1.0
xmu_2,254,38100,38699,1.0
xmu_2,255,38250,38849,1.0
xmu_2,256,38400,38999,1.0
xmu_2,257,38550,39149,1.0
xmu_2,258,38700,39299,1.0
xmu_2,259,38850,39449,1.0
xmu_2,260,39000,39599,1.0
xmu_2,261,39150,39749,1.0
xmu_2,262,39300,39899,1.0
xmu_2,263,39450,40049,1.0
xmu_2,264,39600,40199,1.0
xmu_2,265,39750,40349,1.0
xmu_2,266,39900,40499,1.0
xmu_2,267,40050,40649,1.0
xmu_2,268,40200,40799,1.0
xmu_2,269,40350,40949,1.0
xmu_2,270,40500,41099,1.0
xmu_2,271,40650,41249,1.0
xmu_2,272,40800,41399,1.0
xmu_2,273,40950,41549,1.0
xmu_2,274,41100,41699,1.0
xmu_2,275,41250,41849,1.0
xmu_2,276,41400,41999,1.0
xmu_2,277,41550,42149,1.0
xmu_2,278,41700,42299,1.0
xmu_2,279,41850,42449,1.0
xmu_2,280,42000,42599,1.0
xmu_2,281,42150,42749,1.0
xmu_2,282,42300,42899,1.0
xmu_2,283,42450,43049,1.0
xmu_2,284,42600,43199,1.0
xmu_2,285,42750,43349,1.0
xmu_2,286,42900,43499,1.0
xmu_2,287,43050,43649,1.0
xmu_2,288,43200,43799,1.0
xmu_2,289,43350,43949,1.0
xmu_2,290,43500,44099,1.0
xmu_2,291,43650,44249,1.0
xmu_2,292,43800,44399,1.0
xmu_2,293,43950,44549,1.0
xmu_2,294,44100,44699,1.0
xmu_2,295,44250,44849,1.0
xmu_2,296,44400,44999,1.0
xmu_2,297,44550,45149,1.0
xmu_2,298,44700,45299,1.0
xmu_2,299,44850,45449,1.0
xmu_2,300,45000,45599,1.0
xmu_2,301,45150,45749,1.0
xmu_2,302,45300,45899,1.0
xmu_2,303,45450,46049,1.0
xmu_2,304,45600,46199,1.0
xmu_2,305,45750,46349,1.0
xmu_2,306,45900,46499,1.0
xmu_2,307,46050,46649,1.0
xmu_2,308,46200,46799,1.0
xmu_2,309,46350,46949,1.0
xmu_2,310,46500,47099,1.0
xmu_2,311,46650,47249,1.0
xmu_2,312,46800,47399,1.0
xmu_2,313,46950,47549,1.0
xmu_2,314,47100,47699,1.0
xmu_2,315,47250,47849,1.0
xmu_2,316,47400,47999,1.0
xmu_2,317,47550,48149,1.0
xmu_2,318,47700,48299,1.0
xmu_2,319,47850,48449,1.0
xmu_2,320,48000,48599,1.0
xmu_2,321,48150,48749,1.0
xmu_2,322,48300,48899,1.0
xmu_2,323,48450,49049,1.0
xmu_2,324,48600,49199,1.0
xmu_2,325,48750,49349,1.0
xmu_2,326,48900,49499,1.0
xmu_2,327,49050,49649,1.0
xmu_2,328,49200,49799,1.0
xmu_2,329,49350,49949,1.0
xmu_2,330,49500,50099,1.0
xmu_2,331,49650,50249,1.0
xmu_2,332,49800,50399,1.0
xmu_2,333,49950,50549,1.0
xmu_2,334,50100,50699,1.0
xmu_2,335,50250,50849,1.0
xmu_2,336,50400,50999,1.0
xmu_2,337,50550,51149,1.0
xmu_2,338,50700,51299,1.0
xmu_2,339,50850,51449,1.0
xmu_2,340,51000,51599,1.0
xmu_2,344,51600,52199,0.9350000023841858
xmu_2,345,51750,52349,1.0
xmu_2,346,51900,52499,1.0
xmu_2,347,52050,52649,1.0
xmu_2,348,52200,52799,1.0
xmu_2,349,52350,52949,1.0
xmu_2,350,52500,53099,1.0
xmu_2,351,52650,53249,1.0
xmu_2,352,52800,53399,1.0
xmu_2,353,52950,53549,1.0
xmu_2,354,53100,53699,1.0
xmu_2,355,53250,53849,1.0
xmu_2,356,53400,53999,1.0
xmu_2,357,53550,54149,1.0
xmu_2,358,53700,54299,1.0
xmu_2,359,53850,54449,1.0
xmu_2,360,54000,54599,1.0
xmu_2,361,54150,54749,1.0
xmu_2,362,54300,54899,1.0
xmu_2,363,54450,55049,1.0
xmu_2,364,54600,55199,1.0
xmu_2,365,54750,55349,1.0
xmu_2,366,54900,55499,1.0
xmu_2,367,55050,55649,1.0
xmu_2,368,55200,55799,1.0
xmu_2,369,55350,55949,1.0
xmu_2,370,55500,56099,1.0
xmu_2,371,55650,56249,1.0
xmu_2,372,55800,56399,1.0
xmu_2,373,55950,56549,1.0
xmu_2,374,56100,56699,1.0
xmu_2,375,56250,56849,1.0
xmu_2,376,56400,56999,1.0
xmu_2,377,56550,57149,1.0
xmu_2,378,56700,57299,1.0
xmu_2,379,56850,57449,1.0
xmu_2,380,57000,57599,1.0
xmu_2,381,57150,57749,1.0
xmu_2,382,57300,57899,1.0
xmu_2,383,57450,58049,1.0
xmu_2,384,57600,58199,1.0
xmu_2,385,57750,58349,1.0
xmu_2,386,57900,58499,1.0
xmu_2,387,58050,58649,1.0
xmu_2,388,58200,58799,1.0
xmu_2,389,58350,58949,1.0
xmu_2,390,58500,59099,1.0
xmu_2,391,58650,59249,1.0
xmu_2,392,58800,59399,1.0
xmu_2,393,58950,59549,1.0
xmu_2,394,59100,59699,1.0
xmu_2,395,59250,59849,1.0
xmu_2,396,59400,59999,1.0
xmu_2,397,59550,60149,1.0
xmu_2,398,59700,60299,1.0
xmu_2,399,59850,60449,1.0
xmu_2,400,60000,60599,1.0
xmu_2,401,60150,60749,1.0
xmu_2,402,60300,60899,1.0
xmu_2,403,60450,61049,1.0
xmu_2,404,60600,61199,1.0
xmu_2,405,60750,61349,1.0
xmu_2,406,60900,61499,1.0
xmu_2,407,61050,61649,1.0
xmu_2,408,61200,61799,1.0
xmu_2,409,61350,61949,1.0
xmu_2,410,61500,62099,1.0
xmu_2,411,61650,62249,1.0
xmu_2,412,61800,62399,1.0
xmu_2,413,61950,62549,1.0
xmu_2,414,62100,62699,1.0
xmu_2,415,62250,62849,1.0
xmu_2,416,62400,62999,1.0
xmu_2,417,62550,63149,1.0
xmu_2,418,62700,63299,1.0
xmu_2,419,62850,63449,1.0
xmu_2,420,63000,63599,1.0
xmu_2,421,63150,63749,1.0
xmu_2,422,63300,63899,1.0
xmu_2,423,63450,64049,1.0
xmu_2,424,63600,64199,1.0
xmu_2,425,63750,64349,1.0
xmu_2,426,63900,64499,1.0
xmu_2,427,64050,64649,1.0
xmu_2,428,64200,64799,1.0
xmu_2,429,64350,64949,1.0
xmu_2,430,64500,65099,1.0
xmu_2,431,64650,65249,1.0
xmu_2,432,64800,65399,1.0
xmu_2,433,64950,65549,1.0
xmu_2,434,65100,65699,1.0
xmu_2,435,65250,65849,1.0
xmu_2,436,65400,65999,1.0
xmu_2,437,65550,66149,1.0
xmu_2,438,65700,66299,1.0
xmu_2,439,65850,66449,1.0
xmu_2,440,66000,66599,1.0
xmu_2,441,66150,66749,1.0
xmu_2,442,66300,66899,1.0
xmu_2,443,66450,67049,1.0
xmu_2,444,66600,67199,1.0
xmu_2,445,66750,67349,1.0
xmu_2,446,66900,67499,1.0
xmu_2,447,67050,67649,1.0
xmu_2,448,67200,67799,1.0
xmu_2,449,67350,67949,1.0
xmu_2,450,67500,68099,1.0
xmu_2,451,67650,68249,1.0
xmu_2,452,67800,68399,1.0
xmu_2,453,67950,68549,1.0
xmu_2,454,68100,68699,1.0
xmu_2,455,68250,68849,1.0
xmu_2,456,68400,68999,1.0
xmu_2,457,68550,69149,1.0
xmu_2,458,68700,69299,1.0
xmu_2,459,68850,69449,1.0
xmu_2,460,69000,69599,1.0
xmu_2,461,69150,69749,1.0
xmu_2,462,69300,69899,1.0
xmu_2,463,69450,70049,1.0
xmu_2,464,69600,70199,1.0
xmu_2,465,69750,70349,1.0
xmu_2,466,69900,70499,1.0
xmu_2,467,70050,70649,1.0
xmu_2,468,70200,70799,1.0
xmu_2,469,70350,70949,1.0
xmu_2,470,70500,71099,1.0
xmu_2,471,70650,71249,1.0
xmu_2,472,70800,71399,1.0
xmu_2,473,70950,71549,1.0
xmu_2,474,71100,71699,1.0
xmu_2,475,71250,71849,1.0
xmu_2,476,71400,71999,1.0
xmu_2,477,71550,72149,1.0
xmu_2,478,71700,72299,1.0
xmu_2,479,71850,72449,1.0
xmu_2,480,72000,72599,1.0
xmu_2,481,72150,72749,1.0
xmu_2,482,72300,72899,1.0
xmu_2,483,72450,73049,1.0
xmu_2,484,72600,73199,1.0
xmu_2,485,72750,73349,1.0
xmu_2,486,72900,73499,1.0
xmu_2,487,73050,73649,1.0
xmu_2,488,73200,73799,1.0
xmu_2,489,73350,73949,1.0
xmu_2,490,73500,74099,1.0
xmu_2,491,73650,74249,1.0
xmu_2,492,73800,74399,1.0
xmu_2,493,73950,74549,1.0
xmu_2,494,74100,74699,1.0
xmu_2,495,74250,74849,1.0
xmu_2,496,74400,74999,1.0
xmu_2,497,74550,75149,1.0
xmu_2,498,74700,75299,1.0
xmu_2,499,74850,75449,1.0
xmu_2,500,75000,75599,1.0
xmu_2,501,75150,75749,1.0
xmu_2,502,75300,75899,1.0
xmu_2,503,75450,76049,1.0
xmu_2,504,75600,76199,1.0
xmu_2,505,75750,76349,1.0
xmu_2,506,75900,76499,1.0
xmu_2,507,76050,76649,1.0
xmu_2,508,76200,76799,1.0
xmu_2,509,76350,76949,1.0
xmu_2,510,76500,77099,1.0
xmu_2,511,76650,77249,1.0
xmu_2,512,76800,77399,1.0
xmu_2,513,76950,77549,1.0
xmu_2,514,77100,77699,1.0
xmu_2,515,77250,77849,1.0
xmu_2,516,77400,77999,1.0
xmu_2,517,77550,78149,1.0
xmu_2,521,78150,78749,0.9933333396911621
xmu_2,522,78300,78899,1.0
xmu_2,523,78450,79049,1.0
xmu_2,524,78600,79199,1.0
xmu_2,525,78750,79349,1.0
xmu_2,526,78900,79499,1.0
xmu_2,527,79050,79649,1.0
xmu_2,528,79200,79799,1.0
xmu_2,529,79350,79949,1.0
xmu_2,530,79500,80099,1.0
xmu_2,531,79650,80249,1.0
xmu_2,532,79800,80399,1.0
xmu_2,533,79950,80549,1.0
xmu_2,534,80100,80699,1.0
xmu_2,535,80250,80849,1.0
xmu_2,536,80400,80999,1.0
xmu_2,537,80550,81149,1.0
xmu_2,538,80700,81299,1.0
xmu_2,539,80850,81449,1.0
xmu_2,540,81000,81599,1.0
xmu_2,541,81150,81749,1.0
xmu_2,542,81300,81899,1.0
xmu_2,543,81450,82049,1.0
xmu_2,544,81600,82199,1.0
xmu_2,545,81750,82349,1.0
xmu_2,546,81900,82499,1.0
xmu_2,547,82050,82649,1.0
xmu_2,548,82200,82799,1.0
xmu_2,549,82350,82949,1.0
xmu_2,550,82500,83099,1.0
xmu_2,551,82650,83249,1.0
xmu_2,552,82800,83399,1.0
xmu_2,553,82950,83549,1.0
xmu_2,554,83100,83699,1.0
xmu_2,555,83250,83849,1.0
xmu_2,556,83400,83999,1.0
xmu_2,557,83550,84149,1.0
xmu_2,558,83700,84299,1.0
xmu_2,559,83850,84449,1.0
xmu_2,560,84000,84599,1.0
xmu_2,561,84150,84749,1.0
xmu_2,562,84300,84899,1.0
xmu_2,563,84450,85049,1.0
xmu_2,564,84600,85199,1.0
xmu_2,565,84750,85349,1.0
xmu_2,566,84900,85499,1.0
xmu_2,567,85050,85649,1.0
xmu_2,568,85200,85799,1.0
xmu_2,569,85350,85949,1.0
xmu_2,570,85500,86099,1.0
xmu_2,571,85650,86249,1.0
xmu_2,572,85800,86399,1.0
xmu_2,573,85950,86549,1.0
xmu_2,574,86100,86699,1.0
xmu_2,575,86250,86849,1.0
xmu_2,576,86400,86999,1.0
xmu_2,577,86550,87149,1.0
xmu_2,578,86700,87299,1.0
xmu_2,579,86850,87449,1.0
xmu_2,580,87000,87599,1.0
xmu_2,581,87150,87749,1.0
xmu_2,582,87300,87899,1.0
xmu_2,583,87450,88049,1.0
xmu_2,584,87600,88199,1.0
xmu_2,585,87750,88349,1.0
xmu_2,586,87900,88499,1.0
xmu_2,587,88050,88649,1.0
xmu_2,588,88200,88799,1.0
xmu_2,589,88350,88949,1.0
xmu_2,590,88500,89099,1.0
xmu_2,591,88650,89249,1.0
xmu_2,592,88800,89399,1.0
xmu_2,593,88950,89549,1.0
xmu_2,594,89100,89699,1.0
xmu_2,595,89250,89849,1.0
xmu_2,596,89400,89999,1.0
xmu_2,597,89550,90149,1.0
xmu_2,598,89700,90299,1.0
xmu_2,599,89850,90449,1.0
xmu_2,600,90000,90599,1.0
xmu_2,601,90150,90749,1.0
xmu_2,602,90300,90899,1.0
xmu_2,603,90450,91049,1.0
xmu_2,604,90600,91199,1.0
xmu_2,605,90750,91349,1.0
xmu_2,606,90900,91499,1.0
xmu_2,607,91050,91649,1.0
xmu_2,608,91200,91799,1.0
xmu_2,609,91350,91949,1.0
xmu_2,610,91500,92099,1.0
xmu_2,611,91650,92249,1.0
xmu_2,612,91800,92399,1.0
xmu_2,613,91950,92549,1.0
xmu_2,614,92100,92699,1.0
xmu_2,615,92250,92849,1.0
xmu_2,616,92400,92999,1.0
xmu_2,617,92550,93149,1.0
xmu_2,618,92700,93299,1.0
xmu_2,619,92850,93449,1.0
xmu_2,620,93000,93599,1.0
xmu_2,621,93150,93749,1.0
xmu_2,622,93300,93899,1.0
xmu_2,623,93450,94049,1.0
xmu_2,624,93600,94199,1.0
xmu_2,625,93750,94349,1.0
xmu_2,626,93900,94499,1.0
xmu_2,627,94050,94649,1.0
xmu_2,628,94200,94799,1.0
xmu_2,629,94350,94949,1.0
xmu_2,630,94500,95099,1.0
xmu_2,631,94650,95249,1.0
xmu_2,632,94800,95399,1.0
xmu_2,633,94950,95549,1.0
xmu_2,634,95100,95699,1.0
xmu_2,635,95250,95849,1.0
xmu_2,636,95400,95999,1.0
xmu_2,637,95550,96149,1.0
xmu_2,638,95700,96299,1.0
xmu_2,639,95850,96449,1.0
xmu_2,640,96000,96599,1.0
xmu_2,641,96150,96749,1.0
xmu_2,642,96300,96899,1.0
xmu_2,643,96450,97049,1.0
xmu_2,644,96600,97199,1.0
xmu_2,645,96750,97349,1.0
xmu_2,646,96900,97499,1.0
xmu_2,647,97050,97649,1.0
xmu_2,648,97200,97799,1.0
xmu_2,649,97350,97949,1.0
xmu_2,650,97500,98099,1.0
xmu_2,651,97650,98249,1.0
xmu_2,652,97800,98399,1.0
xmu_2,653,97950,98549,1.0
xmu_2,654,98100,98699,1.0
xmu_2,655,98250,98849,1.0
xmu_2,659,98850,99449,0.9333333373069763
xmu_2,660,99000,99599,1.0
xmu_2,661,99150,99749,1.0
xmu_2,662,99300,99899,1.0
xmu_2,663,99450,100049,1.0
xmu_2,664,99600,100199,1.0
xmu_2,665,99750,100349,1.0
xmu_2,666,99900,100499,1.0
xmu_2,667,100050,100649,1.0
xmu_2,668,100200,100799,1.0
xmu_2,669,100350,100949,1.0
xmu_2,670,100500,101099,1.0
xmu_2,671,100650,101249,1.0
xmu_2,672,100800,101399,1.0
xmu_2,673,100950,101549,1.0
xmu_2,674,101100,101699,1.0
xmu_2,675,101250,101849,1.0
xmu_2,676,101400,101999,1.0
xmu_2,677,101550,102149,1.0
xmu_2,678,101700,102299,1.0
xmu_2,679,101850,102449,1.0
xmu_2,680,102000,102599,1.0
xmu_2,681,102150,102749,1.0
xmu_2,682,102300,102899,1.0
xmu_2,683,102450,103049,1.0
xmu_2,684,102600,103199,1.0
xmu_2,685,102750,103349,1.0
xmu_2,686,102900,103499,1.0
xmu_2,687,103050,103649,1.0
xmu_2,688,103200,103799,1.0
xmu_2,689,103350,103949,1.0
xmu_2,690,103500,104099,1.0
xmu_2,691,103650,104249,1.0
xmu_2,692,103800,104399,1.0
xmu_2,693,103950,104549,1.0
xmu_2,694,104100,104699,1.0
xmu_2,695,104250,104849,1.0
xmu_2,696,104400,104999,1.0
xmu_2,697,104550,105149,1.0
xmu_2,698,104700,105299,1.0
xmu_2,699,104850,105449,1.0
xmu_2,700,105000,105599,1.0
xmu_2,701,105150,105749,1.0
xmu_2,702,105300,105899,1.0
xmu_2,703,105450,106049,1.0
xmu_2,704,105600,106199,1.0
xmu_2,705,105750,106349,1.0
xmu_2,706,105900,106499,1.0
xmu_2,707,106050,106649,1.0
xmu_2,708,106200,106799,1.0
xmu_2,709,106350,106949,1.0
xmu_2,710,106500,107099,1.0
xmu_2,711,106650,107249,1.0
xmu_2,712,106800,107399,1.0
xmu_2,713,106950,107549,1.0
xmu_2,714,107100,107699,1.0
xmu_2,715,107250,107849,1.0
xmu_2,716,107400,107999,1.0
xmu_2,717,107550,108149,1.0
xmu_2,718,107700,108299,1.0
xmu_2,719,107850,108449,1.0
xmu_2,720,108000,108599,1.0
xmu_2,721,108150,108749,1.0
xmu_2,722,108300,108899,1.0
xmu_2,723,108450,109049,1.0
xmu_2,724,108600,109199,1.0
xmu_2,725,108750,109349,1.0
xmu_2,726,108900,109499,1.0
xmu_2,727,109050,109649,1.0
xmu_2,728,109200,109799,1.0
xmu_2,729,109350,109949,1.0
xmu_2,730,109500,110099,1.0
xmu_2,731,109650,110249,1.0
xmu_2,732,109800,110399,1.0
xmu_2,733,109950,110549,1.0
xmu_2,734,110100,110699,1.0
xmu_2,735,110250,110849,1.0
xmu_2,736,110400,110999,1.0
xmu_2,737,110550,111149,1.0
xmu_2,738,110700,111299,1.0
xmu_2,739,110850,111449,1.0
xmu_2,740,111000,111599,1.0
xmu_2,741,111150,111749,1.0
xmu_2,742,111300,111899,1.0
xmu_2,743,111450,112049,1.0
xmu_2,744,111600,112199,1.0
xmu_2,745,111750,112349,1.0
xmu_2,746,111900,112499,1.0
xmu_2,747,112050,112649,1.0
xmu_2,748,112200,112799,1.0
xmu_2,749,112350,112949,1.0
xmu_2,750,112500,113099,1.0
xmu_2,751,112650,113249,1.0
xmu_2,752,112800,113399,1.0
xmu_2,753,112950,113549,1.0
xmu_2,754,113100,113699,1.0
xmu_2,755,113250,113849,1.0
xmu_2,756,113400,113999,1.0
xmu_2,757,113550,114149,1.0
xmu_2,758,113700,114299,1.0
xmu_2,759,113850,114449,1.0
xmu_2,760,114000,114599,1.0
xmu_2,761,114150,114749,1.0
xmu_2,762,114300,114899,1.0
xmu_2,763,114450,115049,1.0
xmu_2,764,114600,115199,1.0
xmu_2,765,114750,115349,1.0
xmu_2,766,114900,115499,1.0
xmu_2,767,115050,115649,1.0
xmu_2,768,115200,115799,1.0
xmu_2,769,115350,115949,1.0
xmu_2,770,115500,116099,1.0
xmu_2,771,115650,116249,1.0
xmu_2,772,115800,116399,1.0
xmu_2,773,115950,116549,1.0
xmu_2,774,116100,116699,1.0
xmu_2,775,116250,116849,1.0
xmu_2,776,116400,116999,1.0
xmu_2,777,116550,117149,1.0
xmu_2,778,116700,117299,1.0
xmu_2,779,116850,117449,1.0
xmu_2,780,117000,117599,1.0
xmu_2,781,117150,117749,1.0
xmu_2,782,117300,117899,1.0
xmu_2,783,117450,118049,1.0
xmu_2,784,117600,118199,1.0
xmu_2,785,117750,118349,1.0
xmu_2,786,117900,118499,1.0
xmu_2,787,118050,118649,1.0
xmu_2,788,118200,118799,1.0
xmu_2,789,118350,118949,1.0
xmu_2,790,118500,119099,1.0
xmu_2,791,118650,119249,1.0
xmu_2,792,118800,119399,1.0
xmu_2,793,118950,119549,1.0
xmu_2,794,119100,119699,1.0
xmu_2,795,119250,119849,1.0
xmu_2,796,119400,119999,1.0
xmu_2,797,119550,120149,1.0
xmu_2,798,119700,120299,1.0
xmu_2,799,119850,120449,1.0
xmu_2,800,120000,120599,1.0
xmu_2,801,120150,120749,1.0
xmu_2,802,120300,120899,1.0
xmu_2,803,120450,121049,1.0
xmu_2,804,120600,121199,1.0
xmu_2,805,120750,121349,1.0
xmu_2,806,120900,121499,1.0
xmu_2,807,121050,121649,1.0
xmu_2,808,121200,121799,1.0
xmu_2,809,121350,121949,1.0
xmu_2,810,121500,122099,1.0
xmu_2,811,121650,122249,1.0
xmu_2,812,121800,122399,1.0
xmu_2,813,121950,122549,1.0
xmu_2,814,122100,122699,1.0
xmu_2,815,122250,122849,1.0
xmu_2,816,122400,122999,1.0
xmu_2,817,122550,123149,1.0
xmu_2,818,122700,123299,1.0
xmu_2,819,122850,123449,1.0
xmu_2,820,123000,123599,1.0
xmu_2,821,123150,123749,1.0
xmu_2,822,123300,123899,1.0
xmu_2,823,123450,124049,1.0
xmu_2,824,123600,124199,1.0
xmu_2,825,123750,124349,1.0
xmu_2,826,123900,124499,1.0
xmu_2,827,124050,124649,1.0
xmu_2,831,124650,125249,0.9399999976158142
xmu_2,832,124800,125399,1.0
xmu_2,833,124950,125549,1.0
xmu_2,834,125100,125699,1.0
xmu_2,835,125250,125849,1.0
xmu_2,836,125400,125999,1.0
xmu_2,837,125550,126149,1.0
xmu_2,838,125700,126299,1.0
xmu_2,839,125850,126449,1.0
xmu_2,840,126000,126599,1.0
xmu_2,841,126150,126749,1.0
xmu_2,842,126300,126899,1.0
xmu_2,843,126450,127049,1.0
xmu_2,844,126600,127199,1.0
xmu_2,845,126750,127349,1.0
xmu_2,846,126900,127499,1.0
xmu_2,847,127050,127649,1.0
xmu_2,848,127200,127799,1.0
xmu_2,849,127350,127949,1.0
xmu_2,850,127500,128099,1.0
xmu_2,851,127650,128249,1.0
xmu_2,852,127800,128399,1.0
xmu_2,853,127950,128549,1.0
xmu_2,854,128100,128699,1.0
xmu_2,855,128250,128849,1.0
xmu_2,856,128400,128999,1.0
xmu_2,857,128550,129149,1.0
xmu_2,858,128700,129299,1.0
xmu_2,859,128850,129449,1.0
xmu_2,860,129000,129599,1.0
xmu_2,861,129150,129749,1.0
xmu_2,862,129300,129899,1.0
xmu_2,863,129450,130049,1.0
xmu_2,864,129600,130199,1.0
xmu_2,865,129750,130349,1.0
xmu_2,866,129900,130499,1.0
xmu_2,867,130050,130649,1.0
xmu_2,868,130200,130799,1.0
xmu_2,869,130350,130949,1.0
xmu_2,870,130500,131099,1.0
xmu_2,871,130650,131249,1.0
xmu_2,872,130800,131399,1.0
xmu_2,873,130950,131549,1.0
xmu_2,874,131100,131699,1.0
xmu_2,875,131250,131849,1.0
xmu_2,876,131400,131999,1.0
xmu_2,877,131550,132149,1.0
xmu_2,878,131700,132299,1.0
xmu_2,879,131850,132449,1.0
xmu_2,880,132000,132599,1.0
xmu_2,881,132150,132749,1.0
xmu_2,882,132300,132899,1.0
xmu_2,883,132450,133049,1.0
xmu_2,884,132600,133199,1.0
xmu_2,885,132750,133349,1.0
xmu_2,886,132900,133499,1.0
xmu_2,887,133050,133649,1.0
xmu_2,888,133200,133799,1.0
xmu_2,889,133350,133949,1.0
xmu_2,890,133500,134099,1.0
xmu_2,891,133650,134249,1.0
xmu_2,892,133800,134399,1.0
xmu_2,893,133950,134549,1.0
xmu_2,894,134100,134699,1.0
xmu_2,895,134250,134849,1.0
xmu_2,896,134400,134999,1.0
xmu_2,897,134550,135149,1.0
xmu_2,898,134700,135299,1.0
xmu_2,899,134850,135449,1.0
xmu_2,900,135000,135599,1.0
xmu_2,901,135150,135749,1.0
xmu_2,902,135300,135899,1.0
xmu_2,903,135450,136049,1.0
xmu_2,904,135600,136199,1.0
xmu_2,905,135750,136349,1.0
xmu_2,906,135900,136499,1.0
xmu_2,907,136050,136649,1.0
xmu_2,908,136200,136799,1.0
xmu_2,909,136350,136949,1.0
xmu_2,910,136500,137099,1.0
xmu_2,911,136650,137249,1.0
xmu_2,912,136800,137399,1.0
xmu_2,913,136950,137549,1.0
xmu_2,914,137100,137699,1.0
xmu_2,915,137250,137849,1.0
xmu_2,916,137400,137999,1.0
xmu_2,917,137550,138149,1.0
xmu_2,918,137700,138299,1.0
xmu_2,919,137850,138449,1.0
xmu_2,920,138000,138599,1.0
xmu_2,921,138150,138749,1.0
xmu_2,922,138300,138899,1.0
xmu_2,923,138450,139049,1.0
xmu_2,924,138600,139199,1.0
xmu_2,925,138750,139349,1.0
xmu_2,926,138900,139499,1.0
xmu_2,927,139050,139649,1.0
xmu_2,928,139200,139799,1.0
xmu_2,929,139350,139949,1.0
xmu_2,930,139500,140099,1.0
xmu_2,931,139650,140249,1.0
xmu_2,932,139800,140399,1.0
xmu_2,933,139950,140549,1.0
xmu_2,934,140100,140699,1.0
xmu_2,935,140250,140849,1.0
xmu_2,936,140400,140999,1.0
xmu_2,937,140550,141149,1.0
xmu_2,938,140700,141299,1.0
xmu_2,939,140850,141449,1.0
xmu_2,940,141000,141599,1.0
xmu_2,941,141150,141749,1.0
xmu_2,942,141300,141899,1.0
xmu_2,943,141450,142049,1.0
xmu_2,944,141600,142199,1.0
xmu_2,945,141750,142349,1.0
xmu_2,946,141900,142499,1.0
xmu_2,947,142050,142649,1.0
xmu_2,948,142200,142799,1.0
xmu_2,949,142350,142949,1.0
xmu_2,950,142500,143099,1.0
xmu_2,951,142650,143249,1.0
xmu_2,952,142800,143399,1.0
xmu_2,953,142950,143549,1.0
xmu_2,954,143100,143699,1.0
xmu_2,955,143250,143849,1.0
xmu_2,956,143400,143999,1.0
xmu_2,957,143550,144149,1.0
xmu_2,958,143700,144299,1.0
xmu_2,959,143850,144449,1.0
xmu_2,960,144000,144599,1.0
xmu_2,961,144150,144749,1.0
xmu_2,962,144300,144899,1.0
xmu_2,963,144450,145049,1.0
xmu_2,964,144600,145199,1.0
xmu_2,965,144750,145349,1.0
xmu_2,966,144900,145499,1.0
xmu_2,967,145050,145649,1.0
xmu_2,968,145200,145799,1.0
xmu_2,969,145350,145949,1.0
xmu_2,970,145500,146099,1.0
xmu_2,971,145650,146249,1.0
xmu_2,972,145800,146399,1.0
xmu_2,973,145950,146549,1.0
xmu_2,974,146100,146699,1.0
xmu_2,975,146250,146849,1.0
xmu_2,976,146400,146999,1.0
xmu_2,977,146550,147149,1.0
xmu_2,978,146700,147299,1.0
xmu_2,979,146850,147449,1.0
xmu_2,980,147000,147599,1.0
xmu_2,981,147150,147749,1.0
xmu_2,982,147300,147899,1.0
xmu_2,983,147450,148049,1.0
xmu_2,984,147600,148199,1.0
xmu_2,985,147750,148349,1.0
xmu_2,986,147900,148499,1.0
xmu_2,987,148050,148649,1.0
xmu_2,988,148200,148799,1.0
xmu_2,989,148350,148949,1.0
xmu_2,990,148500,149099,1.0
xmu_2,991,148650,149249,1.0
xmu_2,992,148800,149399,1.0
xmu_2,993,148950,149549,1.0
xmu_2,994,149100,149699,1.0
xmu_2,995,149250,149849,1.0
xmu_2,996,149400,149999,1.0
xmu_2,997,149550,150149,1.0
xmu_2,998,149700,150299,1.0
xmu_2,999,149850,150449,1.0
xmu_2,1000,150000,150599,1.0
xmu_2,1001,150150,150749,1.0
xmu_2,1002,150300,150899,1.0
xmu_2,1003,150450,151049,1.0
xmu_2,1004,150600,151199,1.0
xmu_2,1005,150750,151349,1.0
xmu_2,1006,150900,151499,1.0
xmu_2,1007,151050,151649,1.0
xmu_2,1008,151200,151799,1.0
xmu_2,1009,151350,151949,1.0
xmu_2,1010,151500,152099,1.0
xmu_2,1011,151650,152249,1.0
xmu_2,1012,151800,152399,1.0
xmu_2,1013,151950,152549,1.0
xmu_2,1014,152100,152699,1.0
xmu_2,1015,152250,152849,1.0
xmu_2,1016,152400,152999,1.0
xmu_2,1017,152550,153149,1.0
xmu_2,1018,152700,153299,1.0
xmu_2,1019,152850,153449,1.0
xmu_2,1020,153000,153599,1.0
xmu_2,1021,153150,153749,1.0
xmu_2,1022,153300,153899,1.0
xmu_2,1023,153450,154049,1.0
xmu_2,1024,153600,154199,1.0
xmu_2,1025,153750,154349,1.0
xmu_2,1026,153900,154499,1.0
xmu_2,1027,154050,154649,1.0
xmu_2,1028,154200,154799,1.0
xmu_2,1029,154350,154949,1.0
xmu_2,1030,154500,155099,1.0
xmu_2,1031,154650,155249,1.0
xmu_2,1032,154800,155399,1.0
xmu_2,1033,154950,155549,1.0
xmu_2,1034,155100,155699,1.0
xmu_2,1035,155250,155849,1.0
xmu_2,1036,155400,155999,1.0
xmu_2,1037,155550,156149,1.0
xmu_2,1038,155700,156299,1.0
xmu_2,1039,155850,156449,1.0
xmu_2,1040,156000,156599,1.0
xmu_2,1041,156150,156749,1.0
xmu_2,1042,156300,156899,1.0
xmu_2,1043,156450,157049,1.0
xmu_2,1044,156600,157199,1.0
xmu_2,1045,156750,157349,1.0
xmu_2,1046,156900,157499,1.0
xmu_2,1047,157050,157649,1.0
xmu_2,1048,157200,157799,1.0
xmu_2,1049,157350,157949,1.0
xmu_2,1050,157500,158099,1.0
xmu_2,1051,157650,158249,1.0
xmu_2,1052,157800,158399,1.0
xmu_2,1053,157950,158549,1.0
xmu_2,1054,158100,158699,1.0
xmu_2,1055,158250,158849,1.0
xmu_2,1056,158400,158999,1.0
xmu_2,1057,158550,159149,1.0
xmu_2,1058,158700,159299,1.0
xmu_2,1059,158850,159449,1.0
xmu_2,1060,159000,159599,1.0
xmu_2,1061,159150,159749,1.0
xmu_2,1062,159300,159899,1.0
xmu_2,1063,159450,160049,1.0
xmu_2,1064,159600,160199,1.0
xmu_2,1065,159750,160349,1.0
xmu_2,1066,159900,160499,1.0
xmu_2,1067,160050,160649,1.0
xmu_2,1068,160200,160799,1.0
xmu_2,1069,160350,160949,1.0
xmu_2,1070,160500,161099,1.0
xmu_2,1071,160650,161249,1.0
xmu_2,1072,160800,161399,1.0
xmu_2,1073,160950,161549,1.0
xmu_2,1074,161100,161699,1.0
xmu_2,1075,161250,161849,1.0
xmu_2,1076,161400,161999,1.0
xmu_2,1077,161550,162149,1.0
xmu_2,1078,161700,162299,1.0
xmu_2,1079,161850,162449,1.0
xmu_2,1080,162000,162599,1.0
xmu_2,1081,162150,162749,1.0
xmu_2,1082,162300,162899,1.0
xmu_2,1083,162450,163049,1.0
xmu_2,1084,162600,163199,1.0
xmu_2,1085,162750,163349,1.0
xmu_2,1086,162900,163499,1.0
xmu_2,1087,163050,163649,1.0
xmu_2,1088,163200,163799,1.0
xmu_2,1089,163350,163949,1.0
xmu_2,1090,163500,164099,1.0
xmu_2,1091,163650,164249,1.0
xmu_2,1092,163800,164399,1.0
xmu_2,1093,163950,164549,1.0
xmu_2,1094,164100,164699,1.0
xmu_2,1095,164250,164849,1.0
xmu_2,1096,164400,164999,1.0
xmu_2,1097,164550,165149,1.0
xmu_2,1098,164700,165299,1.0
xmu_2,1099,164850,165449,1.0
xmu_2,1100,165000,165599,1.0
xmu_2,1101,165150,165749,1.0
xmu_2,1102,165300,165899,1.0
xmu_2,1103,165450,166049,1.0
xmu_2,1104,165600,166199,1.0
xmu_2,1105,165750,166349,1.0
xmu_2,1106,165900,166499,1.0
xmu_2,1107,166050,166649,1.0
xmu_2,1108,166200,166799,1.0
xmu_2,1109,166350,166949,1.0
xmu_2,1110,166500,167099,1.0
xmu_2,1111,166650,167249,1.0
xmu_2,1112,166800,167399,1.0
xmu_2,1113,166950,167549,1.0
xmu_2,1114,167100,167699,1.0
xmu_2,1115,167250,167849,1.0
xmu_2,1116,167400,167999,1.0
xmu_2,1117,167550,168149,1.0
xmu_2,1118,167700,168299,1.0
xmu_2,1119,167850,168449,1.0
xmu_2,1120,168000,168599,1.0
xmu_2,1121,168150,168749,1.0
xmu_2,1122,168300,168899,1.0
xmu_2,1126,168900,169499,0.9733333587646484
xmu_2,1127,169050,169649,1.0
xmu_2,1128,169200,169799,1.0
xmu_2,1129,169350,169949,1.0
xmu_2,1130,169500,170099,1.0
xmu_2,1131,169650,170249,1.0
xmu_2,1132,169800,170399,1.0
xmu_2,1133,169950,170549,1.0
xmu_2,1134,170100,170699,1.0
xmu_2,1135,170250,170849,1.0
xmu_2,1136,170400,170999,1.0
xmu_2,1137,170550,171149,1.0
xmu_2,1138,170700,171299,1.0
xmu_2,1139,170850,171449,1.0
xmu_2,1140,171000,171599,1.0
xmu_2,1141,171150,171749,1.0
xmu_2,1142,171300,171899,1.0
xmu_2,1143,171450,172049,1.0
xmu_2,1144,171600,172199,1.0
xmu_2,1145,171750,172349,1.0
xmu_2,1146,171900,172499,1.0
xmu_2,1147,172050,172649,1.0
xmu_2,1148,172200,172799,1.0
xmu_2,1149,172350,172949,1.0
xmu_2,1150,172500,173099,1.0
xmu_2,1151,172650,173249,1.0
xmu_2,1152,172800,173399,1.0
xmu_2,1153,172950,173549,1.0
xmu_2,1154,173100,173699,1.0
xmu_2,1155,173250,173849,1.0
xmu_2,1156,173400,173999,1.0
xmu_2,1157,173550,174149,1.0
xmu_2,1158,173700,174299,1.0
xmu_2,1159,173850,174449,1.0
xmu_2,1160,174000,174599,1.0
xmu_2,1161,174150,174749,1.0
xmu_2,1162,174300,174899,1.0
xmu_2,1163,174450,175049,1.0
xmu_2,1164,174600,175199,1.0
xmu_2,1165,174750,175349,1.0
xmu_2,1166,174900,175499,1.0
xmu_2,1167,175050,175649,1.0
xmu_2,1168,175200,175799,1.0
xmu_2,1169,175350,175949,1.0
xmu_2,1170,175500,176099,1.0
xmu_2,1171,175650,176249,1.0
xmu_2,1172,175800,176399,1.0
xmu_2,1173,175950,176549,1.0
xmu_2,1174,176100,176699,1.0
xmu_2,1175,176250,176849,1.0
xmu_2,1176,176400,176999,1.0
xmu_2,1177,176550,177149,1.0
xmu_2,1178,176700,177299,1.0
xmu_2,1179,176850,177449,1.0
xmu_2,1180,177000,177599,1.0
xmu_2,1181,177150,177749,1.0
xmu_2,1182,177300,177899,1.0
xmu_2,1183,177450,178049,1.0
xmu_2,1184,177600,178199,1.0
xmu_2,1185,177750,178349,1.0
xmu_2,1186,177900,178499,1.0
xmu_2,1187,178050,178649,1.0
xmu_2,1188,178200,178799,1.0
xmu_2,1189,178350,178949,1.0
xmu_2,1190,178500,179099,1.0
xmu_2,1191,178650,179249,1.0
xmu_2,1192,178800,179399,1.0
xmu_2,1193,178950,179549,1.0
xmu_2,1194,179100,179699,1.0
xmu_2,1195,179250,179849,1.0
xmu_2,1196,179400,179999,1.0
xmu_2,1197,179550,180149,1.0
xmu_2,1198,179700,180299,1.0
xmu_2,1199,179850,180449,1.0
xmu_2,1200,180000,180599,1.0
xmu_2,1201,180150,180749,1.0
xmu_2,1202,180300,180899,1.0
xmu_2,1203,180450,181049,1.0
xmu_2,1204,180600,181199,1.0
xmu_2,1205,180750,181349,1.0
xmu_2,1206,180900,181499,1.0
xmu_2,1207,181050,181649,1.0
xmu_2,1208,181200,181799,1.0
xmu_2,1209,181350,181949,1.0
xmu_2,1210,181500,182099,1.0
xmu_2,1211,181650,182249,1.0
xmu_2,1212,181800,182399,1.0
xmu_2,1213,181950,182549,1.0
xmu_2,1214,182100,182699,1.0
xmu_2,1215,182250,182849,1.0
xmu_2,1216,182400,182999,1.0
xmu_2,1217,182550,183149,1.0
xmu_2,1218,182700,183299,1.0
xmu_2,1219,182850,183449,1.0
xmu_2,1220,183000,183599,1.0
xmu_2,1221,183150,183749,1.0
xmu_2,1222,183300,183899,1.0
xmu_2,1223,183450,184049,1.0
xmu_2,1224,183600,184199,1.0
xmu_2,1225,183750,184349,1.0
xmu_2,1226,183900,184499,1.0
xmu_2,1227,184050,184649,1.0
xmu_2,1228,184200,184799,1.0
xmu_2,1229,184350,184949,1.0
xmu_2,1230,184500,185099,1.0
xmu_2,1231,184650,185249,1.0
xmu_2,1232,184800,185399,1.0
xmu_2,1233,184950,185549,1.0
xmu_2,1234,185100,185699,1.0
xmu_2,1235,185250,185849,1.0
xmu_2,1236,185400,185999,1.0
xmu_2,1237,185550,186149,1.0
xmu_2,1238,185700,186299,1.0
xmu_2,1239,185850,186449,1.0
xmu_2,1240,186000,186599,1.0
xmu_2,1241,186150,186749,1.0
xmu_2,1242,186300,186899,1.0
xmu_2,1243,186450,187049,1.0
xmu_2,1244,186600,187199,1.0
xmu_2,1245,186750,187349,1.0
xmu_2,1246,186900,187499,1.0
xmu_2,1247,187050,187649,1.0
xmu_2,1248,187200,187799,1.0
xmu_2,1249,187350,187949,1.0
xmu_2,1250,187500,188099,1.0
xmu_2,1251,187650,188249,1.0
xmu_2,1252,187800,188399,1.0
xmu_2,1253,187950,188549,1.0
xmu_2,1254,188100,188699,1.0
xmu_2,1255,188250,188849,1.0
xmu_2,1256,188400,188999,1.0
xmu_2,1257,188550,189149,1.0
xmu_2,1258,188700,189299,1.0
xmu_2,1259,188850,189449,1.0
xmu_2,1260,189000,189599,1.0
xmu_2,1261,189150,189749,1.0
xmu_2,1262,189300,189899,1.0
xmu_2,1263,189450,190049,1.0
xmu_2,1264,189600,190199,1.0
xmu_2,1265,189750,190349,1.0
xmu_2,1266,189900,190499,1.0
xmu_2,1267,190050,190649,1.0
xmu_2,1268,190200,190799,1.0
xmu_2,1269,190350,190949,1.0
xmu_2,1270,190500,191099,1.0
xmu_2,1271,190650,191249,1.0
xmu_2,1272,190800,191399,1.0
xmu_2,1273,190950,191549,1.0
xmu_2,1274,191100,191699,1.0
xmu_2,1275,191250,191849,1.0
xmu_2,1276,191400,191999,1.0
xmu_2,1277,191550,192149,1.0
xmu_2,1278,191700,192299,1.0
xmu_2,1279,191850,192449,1.0
xmu_2,1280,192000,192599,1.0
xmu_2,1281,192150,192749,1.0
xmu_2,1282,192300,192899,1.0
xmu_2,1283,192450,193049,1.0
xmu_2,1284,192600,193199,1.0
xmu_2,1285,192750,193349,1.0
xmu_2,1286,192900,193499,1.0
xmu_2,1287,193050,193649,1.0
xmu_2,1288,193200,193799,1.0
xmu_2,1289,193350,193949,1.0
xmu_2,1290,193500,194099,1.0
xmu_2,1291,193650,194249,1.0
xmu_2,1292,193800,194399,1.0
xmu_2,1293,193950,194549,1.0
xmu_2,1294,194100,194699,1.0
xmu_2,1295,194250,194849,1.0
xmu_2,1296,194400,194999,1.0
xmu_2,1297,194550,195149,1.0
xmu_2,1298,194700,195299,1.0
xmu_2,1299,194850,195449,1.0
xmu_2,1300,195000,195599,1.0
xmu_2,1301,195150,195749,1.0
xmu_2,1302,195300,195899,1.0
xmu_2,1303,195450,196049,1.0
xmu_2,1304,195600,196199,1.0
xmu_2,1305,195750,196349,1.0
xmu_2,1306,195900,196499,1.0
xmu_2,1307,196050,196649,1.0
xmu_2,1308,196200,196799,1.0
xmu_2,1309,196350,196949,1.0
xmu_2,1310,196500,197099,1.0
xmu_2,1311,196650,197249,1.0
xmu_2,1312,196800,197399,1.0
xmu_2,1313,196950,197549,1.0
xmu_2,1314,197100,197699,1.0
xmu_2,1315,197250,197849,1.0
xmu_2,1316,197400,197999,1.0
xmu_2,1317,197550,198149,1.0
xmu_2,1318,197700,198299,1.0
xmu_2,1319,197850,198449,1.0
xmu_2,1320,198000,198599,1.0
xmu_2,1321,198150,198749,1.0
xmu_2,1322,198300,198899,1.0
xmu_2,1323,198450,199049,1.0
xmu_2,1324,198600,199199,1.0
xmu_2,1325,198750,199349,1.0
xmu_2,1326,198900,199499,1.0
xmu_2,1327,199050,199649,1.0
xmu_2,1328,199200,199799,1.0
xmu_2,1329,199350,199949,1.0
xmu_2,1330,199500,200099,1.0
xmu_2,1331,199650,200249,1.0
xmu_2,1332,199800,200399,1.0
xmu_2,1333,199950,200549,1.0
xmu_2,1334,200100,200699,1.0
xmu_2,1335,200250,200849,1.0
xmu_2,1336,200400,200999,1.0
xmu_2,1337,200550,201149,1.0
xmu_2,1338,200700,201299,1.0
xmu_2,1339,200850,201449,1.0
xmu_2,1340,201000,201599,1.0
xmu_2,1341,201150,201749,1.0
xmu_2,1342,201300,201899,1.0
xmu_2,1343,201450,202049,1.0
xmu_2,1344,201600,202199,1.0
xmu_2,1345,201750,202349,1.0
xmu_2,1346,201900,202499,1.0
xmu_2,1347,202050,202649,1.0
xmu_2,1348,202200,202799,1.0
xmu_2,1349,202350,202949,1.0
xmu_2,1350,202500,203099,1.0
xmu_2,1351,202650,203249,1.0
xmu_2,1352,202800,203399,1.0
xmu_2,1353,202950,203549,1.0
xmu_2,1354,203100,203699,1.0
xmu_2,1355,203250,203849,1.0
xmu_2,1356,203400,203999,1.0
xmu_2,1357,203550,204149,1.0
xmu_2,1358,203700,204299,1.0
xmu_2,1359,203850,204449,1.0
xmu_2,1360,204000,204599,1.0
xmu_2,1361,204150,204749,1.0
xmu_2,1362,204300,204899,1.0
xmu_2,1363,204450,205049,1.0
xmu_2,1364,204600,205199,1.0
xmu_2,1365,204750,205349,1.0
xmu_2,1366,204900,205499,1.0
xmu_2,1367,205050,205649,1.0
xmu_2,1368,205200,205799,1.0
xmu_2,1369,205350,205949,1.0
xmu_2,1370,205500,206099,1.0
xmu_2,1371,205650,206249,1.0
xmu_2,1372,205800,206399,1.0
xmu_2,1373,205950,206549,1.0
xmu_2,1374,206100,206699,1.0
xmu_2,1375,206250,206849,1.0
xmu_2,1376,206400,206999,1.0
xmu_2,1377,206550,207149,1.0
xmu_2,1378,206700,207299,1.0
xmu_2,1379,206850,207449,1.0
xmu_2,1380,207000,207599,1.0
xmu_2,1381,207150,207749,1.0
xmu_2,1382,207300,207899,1.0
xmu_2,1383,207450,208049,1.0
xmu_2,1384,207600,208199,1.0
xmu_2,1385,207750,208349,1.0
xmu_2,1386,207900,208499,1.0
xmu_2,1387,208050,208649,1.0
xmu_2,1388,208200,208799,1.0
xmu_2,1389,208350,208949,1.0
xmu_2,1390,208500,209099,1.0
xmu_2,1391,208650,209249,1.0
xmu_2,1392,208800,209399,1.0
xmu_2,1393,208950,209549,1.0
xmu_2,1394,209100,209699,1.0
xmu_2,1395,209250,209849,1.0
xmu_2,1396,209400,209999,1.0
xmu_2,1397,209550,210149,1.0
xmu_2,1398,209700,210299,1.0
xmu_2,1399,209850,210449,1.0
xmu_2,1400,210000,210599,1.0
xmu_2,1401,210150,210749,1.0
xmu_2,1402,210300,210899,1.0
xmu_2,1403,210450,211049,1.0
xmu_2,1404,210600,211199,1.0
xmu_2,1405,210750,211349,1.0
xmu_2,1406,210900,211499,1.0
xmu_2,1407,211050,211649,1.0
xmu_2,1408,211200,211799,1.0
xmu_2,1409,211350,211949,1.0
xmu_2,1410,211500,212099,1.0
xmu_2,1411,211650,212249,1.0
xmu_2,1412,211800,212399,1.0
xmu_2,1413,211950,212549,1.0
xmu_2,1414,212100,212699,1.0
xmu_2,1415,212250,212849,1.0
xmu_2,1416,212400,212999,1.0
xmu_2,1417,212550,213149,1.0
xmu_2,1418,212700,213299,1.0
xmu_2,1419,212850,213449,1.0
xmu_2,1420,213000,213599,1.0
xmu_2,1421,213150,213749,1.0
xmu_2,1422,213300,213899,1.0
xmu_2,1423,213450,214049,1.0
xmu_2,1424,213600,214199,1.0
xmu_2,1425,213750,214349,1.0
xmu_2,1426,213900,214499,1.0
xmu_2,1427,214050,214649,1.0
xmu_2,1428,214200,214799,1.0
xmu_2,1429,214350,214949,1.0
xmu_2,1430,214500,215099,1.0
xmu_2,1431,214650,215249,1.0
xmu_2,1432,214800,215399,1.0
xmu_2,1433,214950,215549,1.0
xmu_2,1434,215100,215699,1.0
xmu_2,1435,215250,215849,1.0
xmu_2,1436,215400,215999,1.0
xmu_2,1437,215550,216149,1.0
xmu_2,1438,215700,216299,1.0
xmu_2,1439,215850,216449,1.0
xmu_2,1440,216000,216599,1.0
xmu_2,1441,216150,216749,1.0
xmu_2,1442,216300,216899,1.0
xmu_2,1443,216450,217049,1.0
xmu_2,1444,216600,217199,1.0
xmu_2,1445,216750,217349,1.0
xmu_2,1446,216900,217499,1.0
xmu_2,1447,217050,217649,1.0
xmu_2,1448,217200,217799,1.0
xmu_2,1449,217350,217949,1.0
xmu_2,1450,217500,218099,1.0
xmu_2,1451,217650,218249,1.0
xmu_2,1452,217800,218399,1.0
xmu_2,1453,217950,218549,1.0
xmu_2,1454,218100,218699,1.0
xmu_2,1455,218250,218849,1.0
xmu_2,1456,218400,218999,1.0
xmu_2,1457,218550,219149,1.0
xmu_2,1458,218700,219299,1.0
xmu_2,1459,218850,219449,1.0
xmu_2,1460,219000,219599,1.0
xmu_2,1461,219150,219749,1.0
xmu_2,1462,219300,219899,1.0
xmu_2,1463,219450,220049,1.0
xmu_2,1464,219600,220199,1.0
xmu_2,1465,219750,220349,1.0
xmu_2,1466,219900,220499,1.0
xmu_2,1467,220050,220649,1.0
xmu_2,1468,220200,220799,1.0
xmu_2,1469,220350,220949,1.0
xmu_2,1470,220500,221099,1.0
xmu_2,1471,220650,221249,1.0
xmu_2,1472,220800,221399,1.0
xmu_2,1473,220950,221549,1.0
xmu_3,0,0,599,1.0
xmu_3,1,150,749,1.0
xmu_3,2,300,899,1.0
xmu_3,3,450,1049,1.0
xmu_3,4,600,1199,1.0
xmu_3,5,750,1349,1.0
xmu_3,6,900,1499,1.0
xmu_3,7,1050,1649,1.0
xmu_3,8,1200,1799,1.0
xmu_3,9,1350,1949,1.0
xmu_3,10,1500,2099,1.0
xmu_3,11,1650,2249,1.0
xmu_3,12,1800,2399,1.0
xmu_3,13,1950,2549,1.0
xmu_3,14,2100,2699,1.0
xmu_3,15,2250,2849,1.0
xmu_3,16,2400,2999,1.0
xmu_3,17,2550,3149,1.0
xmu_3,18,2700,3299,1.0
xmu_3,19,2850,3449,1.0
xmu_3,20,3000,3599,1.0
xmu_3,21,3150,3749,1.0
xmu_3,22,3300,3899,1.0
xmu_3,23,3450,4049,1.0
xmu_3,24,3600,4199,1.0
xmu_3,25,3750,4349,1.0
xmu_3,26,3900,4499,1.0
xmu_3,27,4050,4649,1.0
xmu_3,28,4200,4799,1.0
xmu_3,29,4350,4949,1.0
xmu_3,30,4500,5099,1.0
xmu_3,31,4650,5249,1.0
xmu_3,32,4800,5399,1.0
xmu_3,33,4950,5549,1.0
xmu_3,34,5100,5699,1.0
xmu_3,35,5250,5849,1.0
xmu_3,36,5400,5999,1.0
xmu_3,37,5550,6149,1.0
xmu_3,38,5700,6299,1.0
xmu_3,39,5850,6449,1.0
xmu_3,40,6000,6599,1.0
xmu_3,41,6150,6749,1.0
xmu_3,42,6300,6899,1.0
xmu_3,43,6450,7049,1.0
xmu_3,44,6600,7199,1.0
xmu_3,45,6750,7349,1.0
xmu_3,46,6900,7499,1.0
xmu_3,47,7050,7649,1.0
xmu_3,48,7200,7799,1.0
xmu_3,49,7350,7949,1.0
xmu_3,50,7500,8099,1.0
xmu_3,51,7650,8249,1.0
xmu_3,52,7800,8399,1.0
xmu_3,53,7950,8549,1.0
xmu_3,54,8100,8699,1.0
xmu_3,55,8250,8849,1.0
xmu_3,56,8400,8999,1.0
xmu_3,57,8550,9149,1.0
xmu_3,58,8700,9299,1.0
xmu_3,59,8850,9449,1.0
xmu_3,60,9000,9599,1.0
xmu_3,61,9150,9749,1.0
xmu_3,62,9300,9899,1.0
xmu_3,63,9450,10049,1.0
xmu_3,64,9600,10199,1.0
xmu_3,65,9750,10349,1.0
xmu_3,66,9900,10499,1.0
xmu_3,67,10050,10649,1.0
xmu_3,68,10200,10799,1.0
xmu_3,69,10350,10949,1.0
xmu_3,70,10500,11099,1.0
xmu_3,71,10650,11249,1.0
xmu_3,72,10800,11399,1.0
xmu_3,73,10950,11549,1.0
xmu_3,74,11100,11699,1.0
xmu_3,75,11250,11849,1.0
xmu_3,76,11400,11999,1.0
xmu_3,77,11550,12149,1.0
xmu_3,78,11700,12299,1.0
xmu_3,79,11850,12449,1.0
xmu_3,80,12000,12599,1.0
xmu_3,81,12150,12749,1.0
xmu_3,82,12300,12899,1.0
xmu_3,83,12450,13049,1.0
xmu_3,84,12600,13199,1.0
xmu_3,85,12750,13349,1.0
xmu_3,86,12900,13499,1.0
xmu_3,87,13050,13649,1.0
xmu_3,88,13200,13799,1.0
xmu_3,89,13350,13949,1.0
xmu_3,90,13500,14099,1.0
xmu_3,91,13650,14249,1.0
xmu_3,92,13800,14399,1.0
xmu_3,93,13950,14549,1.0
xmu_3,94,14100,14699,1.0
xmu_3,95,14250,14849,1.0
xmu_3,96,14400,14999,1.0
xmu_3,97,14550,15149,1.0
xmu_3,98,14700,15299,1.0
xmu_3,99,14850,15449,1.0
xmu_3,100,15000,15599,1.0
xmu_3,101,15150,15749,1.0
xmu_3,102,15300,15899,1.0
xmu_3,103,15450,16049,1.0
xmu_3,104,15600,16199,1.0
xmu_3,105,15750,16349,1.0
xmu_3,106,15900,16499,1.0
xmu_3,107,16050,16649,1.0
xmu_3,108,16200,16799,1.0
xmu_3,109,16350,16949,1.0
xmu_3,110,16500,17099,1.0
xmu_3,111,16650,17249,1.0
xmu_3,112,16800,17399,1.0
xmu_3,113,16950,17549,1.0
xmu_3,114,17100,17699,1.0
xmu_3,115,17250,17849,1.0
xmu_3,116,17400,17999,1.0
xmu_3,117,17550,18149,1.0
xmu_3,118,17700,18299,1.0
xmu_3,119,17850,18449,1.0
xmu_3,120,18000,18599,1.0
xmu_3,121,18150,18749,1.0
xmu_3,122,18300,18899,1.0
xmu_3,123,18450,19049,1.0
xmu_3,124,18600,19199,1.0
xmu_3,125,18750,19349,1.0
xmu_3,126,18900,19499,1.0
xmu_3,127,19050,19649,1.0
xmu_3,128,19200,19799,1.0
xmu_3,129,19350,19949,1.0
xmu_3,130,19500,20099,1.0
xmu_3,131,19650,20249,1.0
xmu_3,132,19800,20399,1.0
xmu_3,133,19950,20549,1.0
xmu_3,134,20100,20699,1.0
xmu_3,135,20250,20849,1.0
xmu_3,136,20400,20999,1.0
xmu_3,137,20550,21149,1.0
xmu_3,138,20700,21299,1.0
xmu_3,139,20850,21449,1.0
xmu_3,140,21000,21599,1.0
xmu_3,141,21150,21749,1.0
xmu_3,142,21300,21899,1.0
xmu_3,143,21450,22049,1.0
xmu_3,144,21600,22199,1.0
xmu_3,145,21750,22349,1.0
xmu_3,146,21900,22499,1.0
xmu_3,147,22050,22649,1.0
xmu_3,148,22200,22799,1.0
xmu_3,149,22350,22949,1.0
xmu_3,150,22500,23099,1.0
xmu_3,151,22650,23249,1.0
xmu_3,152,22800,23399,1.0
xmu_3,153,22950,23549,1.0
xmu_3,154,23100,23699,1.0
xmu_3,155,23250,23849,1.0
xmu_3,156,23400,23999,1.0
xmu_3,157,23550,24149,1.0
xmu_3,158,23700,24299,1.0
xmu_3,159,23850,24449,1.0
xmu_3,163,24450,25049,0.925000011920929
xmu_3,164,24600,25199,1.0
xmu_3,165,24750,25349,1.0
xmu_3,166,24900,25499,1.0
xmu_3,167,25050,25649,1.0
xmu_3,168,25200,25799,1.0
xmu_3,169,25350,25949,1.0
xmu_3,170,25500,26099,1.0
xmu_3,171,25650,26249,1.0
xmu_3,172,25800,26399,1.0
xmu_3,173,25950,26549,1.0
xmu_3,174,26100,26699,1.0
xmu_3,175,26250,26849,1.0
xmu_3,176,26400,26999,1.0
xmu_3,177,26550,27149,1.0
xmu_3,178,26700,27299,1.0
xmu_3,179,26850,27449,1.0
xmu_3,180,27000,27599,1.0
xmu_3,181,27150,27749,1.0
xmu_3,182,27300,27899,1.0
xmu_3,183,27450,28049,1.0
xmu_3,184,27600,28199,1.0
xmu_3,185,27750,28349,1.0
xmu_3,186,27900,28499,1.0
xmu_3,187,28050,28649,1.0
xmu_3,188,28200,28799,1.0
xmu_3,189,28350,28949,1.0
xmu_3,190,28500,29099,1.0
xmu_3,191,28650,29249,1.0
xmu_3,192,28800,29399,1.0
xmu_3,193,28950,29549,1.0
xmu_3,194,29100,29699,1.0
xmu_3,195,29250,29849,1.0
xmu_3,196,29400,29999,1.0
xmu_3,197,29550,30149,1.0
xmu_3,198,29700,30299,1.0
xmu_3,199,29850,30449,1.0
xmu_3,200,30000,30599,1.0
xmu_3,201,30150,30749,1.0
xmu_3,202,30300,30899,1.0
xmu_3,203,30450,31049,1.0
xmu_3,204,30600,31199,1.0
xmu_3,205,30750,31349,1.0
xmu_3,206,30900,31499,1.0
xmu_3,207,31050,31649,1.0
xmu_3,208,31200,31799,1.0
xmu_3,209,31350,31949,1.0
xmu_3,210,31500,32099,1.0
xmu_3,211,31650,32249,1.0
xmu_3,212,31800,32399,1.0
xmu_3,213,31950,32549,1.0
xmu_3,214,32100,32699,1.0
xmu_3,215,32250,32849,1.0
xmu_3,216,32400,32999,1.0
xmu_3,217,32550,33149,1.0
xmu_3,218,32700,33299,1.0
xmu_3,219,32850,33449,1.0
xmu_3,220,33000,33599,1.0
xmu_3,221,33150,33749,1.0
xmu_3,222,33300,33899,1.0
xmu_3,223,33450,34049,1.0
xmu_3,224,33600,34199,1.0
xmu_3,225,33750,34349,1.0
xmu_3,226,33900,34499,1.0
xmu_3,227,34050,34649,1.0
xmu_3,228,34200,34799,1.0
xmu_3,229,34350,34949,1.0
xmu_3,230,34500,35099,1.0
xmu_3,231,34650,35249,1.0
xmu_3,232,34800,35399,1.0
xmu_3,233,34950,35549,1.0
xmu_3,234,35100,35699,1.0
xmu_3,235,35250,35849,1.0
xmu_3,236,35400,35999,1.0
xmu_3,237,35550,36149,1.0
xmu_3,238,35700,36299,1.0
xmu_3,239,35850,36449,1.0
xmu_3,240,36000,36599,1.0
xmu_3,241,36150,36749,1.0
xmu_3,242,36300,36899,1.0
xmu_3,243,36450,37049,1.0
xmu_3,244,36600,37199,1.0
xmu_3,245,36750,37349,1.0
xmu_3,246,36900,37499,1.0
xmu_3,247,37050,37649,1.0
xmu_3,248,37200,37799,1.0
xmu_3,249,37350,37949,1.0
xmu_3,250,37500,38099,1.0
xmu_3,251,37650,38249,1.0
xmu_3,252,37800,38399,1.0
xmu_3,253,37950,38549,1.0
xmu_3,254,38100,38699,1.0
xmu_3,255,38250,38849,1.0
xmu_3,256,38400,38999,1.0
xmu_3,257,38550,39149,1.0
xmu_3,258,38700,39299,1.0
xmu_3,259,38850,39449,1.0
xmu_3,260,39000,39599,1.0
xmu_3,261,39150,39749,1.0
xmu_3,262,39300,39899,1.0
xmu_3,263,39450,40049,1.0
xmu_3,264,39600,40199,1.0
xmu_3,265,39750,40349,1.0
xmu_3,266,39900,40499,1.0
xmu_3,267,40050,40649,1.0
xmu_3,268,40200,40799,1.0
xmu_3,269,40350,40949,1.0
xmu_3,270,40500,41099,1.0
xmu_3,271,40650,41249,1.0
xmu_3,272,40800,41399,1.0
xmu_3,273,40950,41549,1.0
xmu_3,274,41100,41699,1.0
xmu_3,275,41250,41849,1.0
xmu_3,276,41400,41999,1.0
xmu_3,277,41550,42149,1.0
xmu_3,278,41700,42299,1.0
xmu_3,279,41850,42449,1.0
xmu_3,280,42000,42599,1.0
xmu_3,281,42150,42749,1.0
xmu_3,282,42300,42899,1.0
xmu_3,283,42450,43049,1.0
xmu_3,284,42600,43199,1.0
xmu_3,285,42750,43349,1.0
xmu_3,286,42900,43499,1.0
xmu_3,287,43050,43649,1.0
xmu_3,288,43200,43799,1.0
xmu_3,289,43350,43949,1.0
xmu_3,290,43500,44099,1.0
xmu_3,291,43650,44249,1.0
xmu_3,292,43800,44399,1.0
xmu_3,293,43950,44549,1.0
xmu_3,294,44100,44699,1.0
xmu_3,295,44250,44849,1.0
xmu_3,296,44400,44999,1.0
xmu_3,297,44550,45149,1.0
xmu_3,298,44700,45299,1.0
xmu_3,299,44850,45449,1.0
xmu_3,300,45000,45599,1.0
xmu_3,301,45150,45749,1.0
xmu_3,302,45300,45899,1.0
xmu_3,303,45450,46049,1.0
xmu_3,304,45600,46199,1.0
xmu_3,305,45750,46349,1.0
xmu_3,306,45900,46499,1.0
xmu_3,307,46050,46649,1.0
xmu_3,308,46200,46799,1.0
xmu_3,309,46350,46949,1.0
xmu_3,310,46500,47099,1.0
xmu_3,311,46650,47249,1.0
xmu_3,312,46800,47399,1.0
xmu_3,313,46950,47549,1.0
xmu_3,314,47100,47699,1.0
xmu_3,315,47250,47849,1.0
xmu_3,316,47400,47999,1.0
xmu_3,317,47550,48149,1.0
xmu_3,322,48300,48899,1.0
xmu_3,323,48450,49049,1.0
xmu_3,324,48600,49199,1.0
xmu_3,325,48750,49349,1.0
xmu_3,326,48900,49499,1.0
xmu_3,327,49050,49649,1.0
xmu_3,328,49200,49799,1.0
xmu_3,329,49350,49949,1.0
xmu_3,330,49500,50099,1.0
xmu_3,331,49650,50249,1.0
xmu_3,332,49800,50399,1.0
xmu_3,333,49950,50549,1.0
xmu_3,334,50100,50699,1.0
xmu_3,335,50250,50849,1.0
xmu_3,336,50400,50999,1.0
xmu_3,337,50550,51149,1.0
xmu_3,338,50700,51299,1.0
xmu_3,339,50850,51449,1.0
xmu_3,340,51000,51599,1.0
xmu_3,341,51150,51749,1.0
xmu_3,342,51300,51899,1.0
xmu_3,343,51450,52049,1.0
xmu_3,344,51600,52199,1.0
xmu_3,345,51750,52349,1.0
xmu_3,346,51900,52499,1.0
xmu_3,347,52050,52649,1.0
xmu_3,348,52200,52799,1.0
xmu_3,349,52350,52949,1.0
xmu_3,350,52500,53099,1.0
xmu_3,351,52650,53249,1.0
xmu_3,352,52800,53399,1.0
xmu_3,353,52950,53549,1.0
xmu_3,354,53100,53699,1.0
xmu_3,355,53250,53849,1.0
xmu_3,356,53400,53999,1.0
xmu_3,357,53550,54149,1.0
xmu_3,358,53700,54299,1.0
xmu_3,359,53850,54449,1.0
xmu_3,360,54000,54599,1.0
xmu_3,361,54150,54749,1.0
xmu_3,362,54300,54899,1.0
xmu_3,363,54450,55049,1.0
xmu_3,364,54600,55199,1.0
xmu_3,365,54750,55349,1.0
xmu_3,366,54900,55499,1.0
xmu_3,367,55050,55649,1.0
xmu_3,368,55200,55799,1.0
xmu_3,369,55350,55949,1.0
xmu_3,370,55500,56099,1.0
xmu_3,371,55650,56249,1.0
xmu_3,372,55800,56399,1.0
xmu_3,373,55950,56549,1.0
xmu_3,374,56100,56699,1.0
xmu_3,375,56250,56849,1.0
xmu_3,376,56400,56999,1.0
xmu_3,377,56550,57149,1.0
xmu_3,378,56700,57299,1.0
xmu_3,379,56850,57449,1.0
xmu_3,380,57000,57599,1.0
xmu_3,381,57150,57749,1.0
xmu_3,382,57300,57899,1.0
xmu_3,383,57450,58049,1.0
xmu_3,384,57600,58199,1.0
xmu_3,385,57750,58349,1.0
xmu_3,386,57900,58499,1.0
xmu_3,387,58050,58649,1.0
xmu_3,388,58200,58799,1.0
xmu_3,389,58350,58949,1.0
xmu_3,390,58500,59099,1.0
xmu_3,391,58650,59249,1.0
xmu_3,392,58800,59399,1.0
xmu_3,393,58950,59549,1.0
xmu_3,394,59100,59699,1.0
xmu_3,395,59250,59849,1.0
xmu_3,396,59400,59999,1.0
xmu_3,397,59550,60149,1.0
xmu_3,398,59700,60299,1.0
xmu_3,399,59850,60449,1.0
xmu_3,400,60000,60599,1.0
xmu_3,401,60150,60749,1.0
xmu_3,402,60300,60899,1.0
xmu_3,403,60450,61049,1.0
xmu_3,404,60600,61199,1.0
xmu_3,405,60750,61349,1.0
xmu_3,406,60900,61499,1.0
xmu_3,407,61050,61649,1.0
xmu_3,408,61200,61799,1.0
xmu_3,409,61350,61949,1.0
xmu_3,410,61500,62099,1.0
xmu_3,411,61650,62249,1.0
xmu_3,412,61800,62399,1.0
xmu_3,413,61950,62549,1.0
xmu_3,414,62100,62699,1.0
xmu_3,415,62250,62849,1.0
xmu_3,416,62400,62999,1.0
xmu_3,417,62550,63149,1.0
xmu_3,418,62700,63299,1.0
xmu_3,419,62850,63449,1.0
xmu_3,420,63000,63599,1.0
xmu_3,421,63150,63749,1.0
xmu_3,422,63300,63899,1.0
xmu_3,423,63450,64049,1.0
xmu_3,424,63600,64199,1.0
xmu_3,425,63750,64349,1.0
xmu_3,426,63900,64499,1.0
xmu_3,427,64050,64649,1.0
xmu_3,428,64200,64799,1.0
xmu_3,429,64350,64949,1.0
xmu_3,430,64500,65099,1.0
xmu_3,431,64650,65249,1.0
xmu_3,432,64800,65399,1.0
xmu_3,433,64950,65549,1.0
xmu_3,434,65100,65699,1.0
xmu_3,435,65250,65849,1.0
xmu_3,436,65400,65999,1.0
xmu_3,437,65550,66149,1.0
xmu_3,438,65700,66299,1.0
xmu_3,439,65850,66449,1.0
xmu_3,440,66000,66599,1.0
xmu_3,444,66600,67199,0.9316666722297668
xmu_3,445,66750,67349,1.0
xmu_3,446,66900,67499,1.0
xmu_3,447,67050,67649,1.0
xmu_3,448,67200,67799,1.0
xmu_3,449,67350,67949,1.0
xmu_3,450,67500,68099,1.0
xmu_3,451,67650,68249,1.0
xmu_3,452,67800,68399,1.0
xmu_3,453,67950,68549,1.0
xmu_3,454,68100,68699,1.0
xmu_3,455,68250,68849,1.0
xmu_3,456,68400,68999,1.0
xmu_3,457,68550,69149,1.0
xmu_3,458,68700,69299,1.0
xmu_3,459,68850,69449,1.0
xmu_3,460,69000,69599,1.0
xmu_3,461,69150,69749,1.0
xmu_3,462,69300,69899,1.0
xmu_3,463,69450,70049,1.0
xmu_3,464,69600,70199,1.0
xmu_3,465,69750,70349,1.0
xmu_3,466,69900,70499,1.0
xmu_3,467,70050,70649,1.0
xmu_3,468,70200,70799,1.0
xmu_3,469,70350,70949,1.0
xmu_3,470,70500,71099,1.0
xmu_3,471,70650,71249,1.0
xmu_3,472,70800,71399,1.0
xmu_3,473,70950,71549,1.0
xmu_3,477,71550,72149,0.9416666626930237
xmu_3,478,71700,72299,1.0
xmu_3,479,71850,72449,1.0
xmu_3,480,72000,72599,1.0
xmu_3,481,72150,72749,1.0
xmu_3,482,72300,72899,1.0
xmu_3,483,72450,73049,1.0
xmu_3,484,72600,73199,1.0
xmu_3,485,72750,73349,1.0
xmu_3,486,72900,73499,1.0
xmu_3,487,73050,73649,1.0
xmu_3,488,73200,73799,1.0
xmu_3,489,73350,73949,1.0
xmu_3,490,73500,74099,1.0
xmu_3,491,73650,74249,1.0
xmu_3,492,73800,74399,1.0
xmu_3,493,73950,74549,1.0
xmu_3,494,74100,74699,1.0
xmu_3,495,74250,74849,1.0
xmu_3,496,74400,74999,1.0
xmu_3,497,74550,75149,1.0
xmu_3,498,74700,75299,1.0
xmu_3,499,74850,75449,1.0
xmu_3,500,75000,75599,1.0
xmu_3,501,75150,75749,1.0
xmu_3,502,75300,75899,1.0
xmu_3,503,75450,76049,1.0
xmu_3,504,75600,76199,1.0
xmu_3,505,75750,76349,1.0
xmu_3,506,75900,76499,1.0
xmu_3,507,76050,76649,1.0
xmu_3,508,76200,76799,1.0
xmu_3,509,76350,76949,1.0
xmu_3,510,76500,77099,1.0
xmu_3,511,76650,77249,1.0
xmu_3,512,76800,77399,1.0
xmu_3,513,76950,77549,1.0
xmu_3,514,77100,77699,1.0
xmu_3,515,77250,77849,1.0
xmu_3,516,77400,77999,1.0
xmu_3,517,77550,78149,1.0
xmu_3,518,77700,78299,1.0
xmu_3,519,77850,78449,1.0
xmu_3,520,78000,78599,1.0
xmu_3,521,78150,78749,1.0
xmu_3,522,78300,78899,1.0
xmu_3,523,78450,79049,1.0
xmu_3,524,78600,79199,1.0
xmu_3,525,78750,79349,0.9116666913032532
xmu_3,529,79350,79949,1.0
xmu_3,530,79500,80099,1.0
xmu_3,531,79650,80249,1.0
xmu_3,532,79800,80399,1.0
xmu_3,533,79950,80549,1.0
xmu_3,534,80100,80699,1.0
xmu_3,535,80250,80849,1.0
xmu_3,536,80400,80999,1.0
xmu_3,537,80550,81149,1.0
xmu_3,538,80700,81299,1.0
xmu_3,539,80850,81449,1.0
xmu_3,540,81000,81599,1.0
xmu_3,541,81150,81749,1.0
xmu_3,542,81300,81899,1.0
xmu_3,543,81450,82049,1.0
xmu_3,544,81600,82199,1.0
xmu_3,545,81750,82349,1.0
xmu_3,546,81900,82499,1.0
xmu_3,547,82050,82649,1.0
xmu_3,548,82200,82799,1.0
xmu_3,549,82350,82949,1.0
xmu_3,550,82500,83099,1.0
xmu_3,551,82650,83249,1.0
xmu_3,552,82800,83399,1.0
xmu_3,553,82950,83549,1.0
xmu_3,554,83100,83699,1.0
xmu_3,555,83250,83849,1.0
xmu_3,556,83400,83999,1.0
xmu_3,557,83550,84149,1.0
xmu_3,558,83700,84299,1.0
xmu_3,559,83850,84449,1.0
xmu_3,560,84000,84599,1.0
xmu_3,561,84150,84749,1.0
xmu_3,562,84300,84899,1.0
xmu_3,563,84450,85049,1.0
xmu_3,564,84600,85199,1.0
xmu_3,565,84750,85349,1.0
xmu_3,566,84900,85499,1.0
xmu_3,567,85050,85649,1.0
xmu_3,568,85200,85799,1.0
xmu_3,569,85350,85949,1.0
xmu_3,570,85500,86099,1.0
xmu_3,571,85650,86249,1.0
xmu_3,572,85800,86399,1.0
xmu_3,573,85950,86549,1.0
xmu_3,574,86100,86699,1.0
xmu_3,575,86250,86849,1.0
xmu_3,576,86400,86999,1.0
xmu_3,577,86550,87149,1.0
xmu_3,578,86700,87299,1.0
xmu_3,579,86850,87449,1.0
xmu_3,580,87000,87599,1.0
xmu_3,581,87150,87749,1.0
xmu_3,582,87300,87899,1.0
xmu_3,583,87450,88049,1.0
xmu_3,584,87600,88199,1.0
xmu_3,585,87750,88349,1.0
xmu_3,586,87900,88499,1.0
xmu_3,587,88050,88649,1.0
xmu_3,588,88200,88799,1.0
xmu_3,589,88350,88949,1.0
xmu_3,590,88500,89099,1.0
xmu_3,591,88650,89249,1.0
xmu_3,592,88800,89399,1.0
xmu_3,593,88950,89549,1.0
xmu_3,594,89100,89699,1.0
xmu_3,595,89250,89849,1.0
xmu_3,596,89400,89999,1.0
xmu_3,597,89550,90149,1.0
xmu_3,598,89700,90299,1.0
xmu_3,599,89850,90449,1.0
xmu_3,600,90000,90599,1.0
xmu_3,601,90150,90749,1.0
xmu_3,602,90300,90899,1.0
xmu_3,603,90450,91049,1.0
xmu_3,604,90600,91199,1.0
xmu_3,605,90750,91349,1.0
xmu_3,606,90900,91499,1.0
xmu_3,607,91050,91649,1.0
xmu_3,608,91200,91799,1.0
xmu_3,609,91350,91949,1.0
xmu_3,610,91500,92099,1.0
xmu_3,611,91650,92249,1.0
xmu_3,612,91800,92399,1.0
xmu_3,613,91950,92549,1.0
xmu_3,614,92100,92699,1.0
xmu_3,615,92250,92849,1.0
xmu_3,616,92400,92999,1.0
xmu_3,617,92550,93149,1.0
xmu_3,618,92700,93299,1.0
xmu_3,619,92850,93449,1.0
xmu_3,620,93000,93599,1.0
xmu_3,621,93150,93749,1.0
xmu_3,622,93300,93899,1.0
xmu_3,623,93450,94049,1.0
xmu_3,624,93600,94199,1.0
xmu_3,625,93750,94349,1.0
xmu_3,626,93900,94499,1.0
xmu_3,627,94050,94649,1.0
xmu_3,628,94200,94799,1.0
xmu_3,629,94350,94949,1.0
xmu_3,630,94500,95099,1.0
xmu_3,631,94650,95249,1.0
xmu_3,632,94800,95399,1.0
xmu_3,633,94950,95549,1.0
xmu_3,634,95100,95699,1.0
xmu_3,635,95250,95849,1.0
xmu_3,636,95400,95999,1.0
xmu_3,637,95550,96149,1.0
xmu_3,638,95700,96299,1.0
xmu_3,639,95850,96449,1.0
xmu_3,640,96000,96599,1.0
xmu_3,641,96150,96749,1.0
xmu_3,642,96300,96899,1.0
xmu_3,643,96450,97049,1.0
xmu_3,644,96600,97199,1.0
xmu_3,645,96750,97349,1.0
xmu_3,646,96900,97499,1.0
xmu_3,647,97050,97649,1.0
xmu_3,648,97200,97799,1.0
xmu_3,649,97350,97949,1.0
xmu_3,650,97500,98099,1.0
xmu_3,651,97650,98249,1.0
xmu_3,652,97800,98399,1.0
xmu_3,653,97950,98549,1.0
xmu_3,654,98100,98699,1.0
xmu_3,655,98250,98849,1.0
xmu_3,656,98400,98999,1.0
xmu_3,657,98550,99149,1.0
xmu_3,658,98700,99299,1.0
xmu_3,659,98850,99449,1.0
xmu_3,660,99000,99599,1.0
xmu_3,661,99150,99749,1.0
xmu_3,662,99300,99899,1.0
xmu_3,663,99450,100049,1.0
xmu_3,664,99600,100199,1.0
xmu_3,665,99750,100349,1.0
xmu_3,666,99900,100499,1.0
xmu_3,667,100050,100649,1.0
xmu_3,668,100200,100799,1.0
xmu_3,669,100350,100949,1.0
xmu_3,670,100500,101099,1.0
xmu_3,671,100650,101249,1.0
xmu_3,672,100800,101399,1.0
xmu_3,673,100950,101549,1.0
xmu_3,674,101100,101699,1.0
xmu_3,675,101250,101849,1.0
xmu_3,676,101400,101999,1.0
xmu_3,677,101550,102149,1.0
xmu_3,678,101700,102299,1.0
xmu_3,679,101850,102449,1.0
xmu_3,680,102000,102599,1.0
xmu_3,681,102150,102749,1.0
xmu_3,682,102300,102899,1.0
xmu_3,683,102450,103049,1.0
xmu_3,684,102600,103199,1.0
xmu_3,685,102750,103349,1.0
xmu_3,686,102900,103499,1.0
xmu_3,687,103050,103649,1.0
xmu_3,688,103200,103799,1.0
xmu_3,689,103350,103949,1.0
xmu_3,690,103500,104099,1.0
xmu_3,691,103650,104249,1.0
xmu_3,692,103800,104399,1.0
xmu_3,693,103950,104549,1.0
xmu_3,694,104100,104699,1.0
xmu_3,695,104250,104849,1.0
xmu_3,696,104400,104999,1.0
xmu_3,697,104550,105149,1.0
xmu_3,698,104700,105299,1.0
xmu_3,699,104850,105449,1.0
xmu_3,700,105000,105599,1.0
xmu_3,701,105150,105749,1.0
xmu_3,706,105900,106499,1.0
xmu_3,707,106050,106649,1.0
xmu_3,708,106200,106799,1.0
xmu_3,709,106350,106949,1.0
xmu_3,710,106500,107099,1.0
xmu_3,711,106650,107249,1.0
xmu_3,712,106800,107399,1.0
xmu_3,713,106950,107549,1.0
xmu_3,714,107100,107699,1.0
xmu_3,715,107250,107849,1.0
xmu_3,716,107400,107999,1.0
xmu_3,717,107550,108149,1.0
xmu_3,718,107700,108299,1.0
xmu_3,719,107850,108449,1.0
xmu_3,720,108000,108599,1.0
xmu_3,721,108150,108749,1.0
xmu_3,722,108300,108899,1.0
xmu_3,723,108450,109049,1.0
xmu_3,724,108600,109199,1.0
xmu_3,725,108750,109349,1.0
xmu_3,726,108900,109499,1.0
xmu_3,727,109050,109649,1.0
xmu_3,728,109200,109799,1.0
xmu_3,729,109350,109949,1.0
xmu_3,730,109500,110099,1.0
xmu_3,731,109650,110249,1.0
xmu_3,732,109800,110399,1.0
xmu_3,733,109950,110549,1.0
xmu_3,734,110100,110699,1.0
xmu_3,735,110250,110849,1.0
xmu_3,736,110400,110999,1.0
xmu_3,737,110550,111149,1.0
xmu_3,738,110700,111299,1.0
xmu_3,739,110850,111449,1.0
xmu_3,740,111000,111599,1.0
xmu_3,741,111150,111749,1.0
xmu_3,742,111300,111899,1.0
xmu_3,743,111450,112049,1.0
xmu_3,744,111600,112199,1.0
xmu_3,745,111750,112349,1.0
xmu_3,746,111900,112499,1.0
xmu_3,747,112050,112649,1.0
xmu_3,748,112200,112799,1.0
xmu_3,749,112350,112949,1.0
xmu_3,750,112500,113099,1.0
xmu_3,751,112650,113249,1.0
xmu_3,752,112800,113399,1.0
xmu_3,753,112950,113549,1.0
xmu_3,754,113100,113699,1.0
xmu_3,755,113250,113849,1.0
xmu_3,756,113400,113999,1.0
xmu_3,757,113550,114149,1.0
xmu_3,758,113700,114299,1.0
xmu_3,759,113850,114449,1.0
xmu_3,760,114000,114599,1.0
xmu_3,761,114150,114749,1.0
xmu_3,762,114300,114899,1.0
xmu_3,763,114450,115049,1.0
xmu_3,764,114600,115199,1.0
xmu_3,765,114750,115349,1.0
xmu_3,766,114900,115499,1.0
xmu_3,767,115050,115649,1.0
xmu_3,768,115200,115799,1.0
xmu_3,769,115350,115949,1.0
xmu_3,770,115500,116099,1.0
xmu_3,771,115650,116249,1.0
xmu_3,772,115800,116399,1.0
xmu_3,773,115950,116549,1.0
xmu_3,774,116100,116699,1.0
xmu_3,775,116250,116849,1.0
xmu_3,776,116400,116999,1.0
xmu_3,777,116550,117149,1.0
xmu_3,778,116700,117299,1.0
xmu_3,779,116850,117449,1.0
xmu_3,780,117000,117599,1.0
xmu_3,781,117150,117749,1.0
xmu_3,782,117300,117899,1.0
xmu_3,783,117450,118049,1.0
xmu_3,784,117600,118199,1.0
xmu_3,785,117750,118349,1.0
xmu_3,786,117900,118499,1.0
xmu_3,787,118050,118649,1.0
xmu_3,788,118200,118799,1.0
xmu_3,789,118350,118949,1.0
xmu_3,790,118500,119099,1.0
xmu_3,791,118650,119249,1.0
xmu_3,792,118800,119399,1.0
xmu_3,793,118950,119549,1.0
xmu_3,794,119100,119699,1.0
xmu_3,795,119250,119849,1.0
xmu_3,796,119400,119999,1.0
xmu_3,797,119550,120149,1.0
xmu_3,798,119700,120299,1.0
xmu_3,799,119850,120449,1.0
xmu_3,800,120000,120599,1.0
xmu_3,801,120150,120749,1.0
xmu_3,802,120300,120899,1.0
xmu_3,803,120450,121049,1.0
xmu_3,804,120600,121199,1.0
xmu_3,805,120750,121349,1.0
xmu_3,806,120900,121499,1.0
xmu_3,807,121050,121649,1.0
xmu_3,808,121200,121799,1.0
xmu_3,809,121350,121949,1.0
xmu_3,810,121500,122099,1.0
xmu_3,811,121650,122249,1.0
xmu_3,812,121800,122399,1.0
xmu_3,813,121950,122549,1.0
xmu_3,814,122100,122699,1.0
xmu_3,815,122250,122849,1.0
xmu_3,816,122400,122999,1.0
xmu_3,817,122550,123149,1.0
xmu_3,818,122700,123299,1.0
xmu_3,819,122850,123449,1.0
xmu_3,820,123000,123599,1.0
xmu_3,821,123150,123749,1.0
xmu_3,822,123300,123899,1.0
xmu_3,823,123450,124049,1.0
xmu_3,824,123600,124199,1.0
xmu_3,825,123750,124349,1.0
xmu_3,826,123900,124499,1.0
xmu_3,827,124050,124649,1.0
xmu_3,828,124200,124799,1.0
xmu_3,829,124350,124949,1.0
xmu_3,830,124500,125099,1.0
xmu_3,831,124650,125249,1.0
xmu_3,832,124800,125399,1.0
xmu_3,833,124950,125549,1.0
xmu_3,834,125100,125699,1.0
xmu_3,835,125250,125849,1.0
xmu_3,836,125400,125999,1.0
xmu_3,837,125550,126149,1.0
xmu_3,838,125700,126299,1.0
xmu_3,839,125850,126449,1.0
xmu_3,840,126000,126599,1.0
xmu_3,841,126150,126749,1.0
xmu_3,842,126300,126899,1.0
xmu_3,843,126450,127049,1.0
xmu_3,844,126600,127199,1.0
xmu_3,845,126750,127349,1.0
xmu_3,846,126900,127499,1.0
xmu_3,847,127050,127649,1.0
xmu_3,848,127200,127799,1.0
xmu_3,849,127350,127949,1.0
xmu_3,850,127500,128099,1.0
xmu_3,851,127650,128249,1.0
xmu_3,852,127800,128399,1.0
xmu_3,853,127950,128549,1.0
xmu_3,854,128100,128699,1.0
xmu_3,855,128250,128849,1.0
xmu_3,856,128400,128999,1.0
xmu_3,857,128550,129149,1.0
xmu_3,858,128700,129299,1.0
xmu_3,859,128850,129449,1.0
xmu_3,860,129000,129599,1.0
xmu_3,861,129150,129749,1.0
xmu_3,862,129300,129899,1.0
xmu_3,863,129450,130049,1.0
xmu_3,864,129600,130199,1.0
xmu_3,865,129750,130349,1.0
xmu_3,866,129900,130499,1.0
xmu_3,867,130050,130649,1.0
xmu_3,868,130200,130799,1.0
xmu_3,869,130350,130949,1.0
xmu_3,870,130500,131099,1.0
xmu_3,871,130650,131249,1.0
xmu_3,872,130800,131399,1.0
xmu_3,873,130950,131549,1.0
xmu_3,874,131100,131699,1.0
xmu_3,875,131250,131849,1.0
xmu_3,876,131400,131999,1.0
xmu_3,877,131550,132149,1.0
xmu_3,878,131700,132299,1.0
xmu_3,879,131850,132449,1.0
xmu_3,880,132000,132599,1.0
xmu_3,881,132150,132749,1.0
xmu_3,882,132300,132899,1.0
xmu_3,883,132450,133049,1.0
xmu_3,884,132600,133199,1.0
xmu_3,885,132750,133349,1.0
xmu_3,886,132900,133499,1.0
xmu_3,887,133050,133649,1.0
xmu_3,888,133200,133799,1.0
xmu_3,889,133350,133949,1.0
xmu_3,890,133500,134099,1.0
xmu_3,891,133650,134249,1.0
xmu_3,892,133800,134399,1.0
xmu_3,893,133950,134549,1.0
xmu_3,894,134100,134699,1.0
xmu_3,895,134250,134849,1.0
xmu_3,896,134400,134999,1.0
xmu_3,897,134550,135149,1.0
xmu_3,898,134700,135299,1.0
xmu_3,899,134850,135449,1.0
xmu_3,900,135000,135599,1.0
xmu_3,901,135150,135749,1.0
xmu_3,902,135300,135899,1.0
xmu_3,903,135450,136049,1.0
xmu_3,904,135600,136199,1.0
xmu_3,905,135750,136349,1.0
xmu_3,906,135900,136499,1.0
xmu_3,907,136050,136649,1.0
xmu_3,908,136200,136799,1.0
xmu_3,909,136350,136949,1.0
xmu_3,910,136500,137099,1.0
xmu_3,911,136650,137249,1.0
xmu_3,912,136800,137399,1.0
xmu_3,913,136950,137549,1.0
xmu_3,914,137100,137699,1.0
xmu_3,915,137250,137849,1.0
xmu_3,916,137400,137999,1.0
xmu_3,917,137550,138149,1.0
xmu_3,918,137700,138299,1.0
xmu_3,919,137850,138449,1.0
xmu_3,920,138000,138599,1.0
xmu_3,921,138150,138749,1.0
xmu_3,922,138300,138899,1.0
xmu_3,923,138450,139049,1.0
xmu_3,924,138600,139199,1.0
xmu_3,925,138750,139349,1.0
xmu_3,926,138900,139499,1.0
xmu_3,927,139050,139649,1.0
xmu_3,928,139200,139799,1.0
xmu_3,929,139350,139949,1.0
xmu_3,930,139500,140099,1.0
xmu_3,931,139650,140249,1.0
xmu_3,932,139800,140399,1.0
xmu_3,933,139950,140549,1.0
xmu_3,934,140100,140699,1.0
xmu_3,935,140250,140849,1.0
xmu_3,936,140400,140999,1.0
xmu_3,937,140550,141149,1.0
xmu_3,938,140700,141299,1.0
xmu_3,939,140850,141449,1.0
xmu_3,940,141000,141599,1.0
xmu_3,941,141150,141749,1.0
xmu_3,942,141300,141899,1.0
xmu_3,943,141450,142049,1.0
xmu_3,944,141600,142199,1.0
xmu_3,945,141750,142349,1.0
xmu_3,946,141900,142499,1.0
xmu_3,947,142050,142649,1.0
xmu_3,948,142200,142799,1.0
xmu_3,949,142350,142949,1.0
xmu_3,950,142500,143099,1.0
xmu_3,951,142650,143249,1.0
xmu_3,952,142800,143399,1.0
xmu_3,953,142950,143549,1.0
xmu_3,954,143100,143699,1.0
xmu_3,955,143250,143849,1.0
xmu_3,956,143400,143999,1.0
xmu_3,957,143550,144149,1.0
xmu_3,958,143700,144299,1.0
xmu_3,959,143850,144449,1.0
xmu_3,960,144000,144599,1.0
xmu_3,961,144150,144749,1.0
xmu_3,962,144300,144899,1.0
xmu_3,963,144450,145049,1.0
xmu_3,964,144600,145199,1.0
xmu_3,965,144750,145349,1.0
xmu_3,966,144900,145499,1.0
xmu_3,967,145050,145649,1.0
xmu_3,968,145200,145799,1.0
xmu_3,969,145350,145949,1.0
xmu_3,970,145500,146099,1.0
xmu_3,971,145650,146249,1.0
xmu_3,972,145800,146399,1.0
xmu_3,973,145950,146549,1.0
xmu_3,974,146100,146699,1.0
xmu_3,975,146250,146849,1.0
xmu_3,976,146400,146999,1.0
xmu_3,977,146550,147149,1.0
xmu_3,978,146700,147299,1.0
xmu_3,979,146850,147449,1.0
xmu_3,980,147000,147599,1.0
xmu_3,981,147150,147749,1.0
xmu_3,982,147300,147899,1.0
xmu_3,983,147450,148049,1.0
xmu_3,984,147600,148199,1.0
xmu_3,985,147750,148349,1.0
xmu_3,986,147900,148499,1.0
xmu_3,987,148050,148649,1.0
xmu_3,988,148200,148799,1.0
xmu_3,989,148350,148949,1.0
xmu_3,990,148500,149099,1.0
xmu_3,991,148650,149249,1.0
xmu_3,992,148800,149399,1.0
xmu_3,993,148950,149549,1.0
xmu_3,994,149100,149699,1.0
xmu_3,995,149250,149849,1.0
xmu_3,996,149400,149999,1.0
xmu_3,997,149550,150149,1.0
xmu_3,998,149700,150299,1.0
xmu_3,999,149850,150449,1.0
xmu_3,1000,150000,150599,1.0
xmu_3,1001,150150,150749,1.0
xmu_3,1002,150300,150899,1.0
xmu_3,1003,150450,151049,1.0
xmu_3,1004,150600,151199,1.0
xmu_3,1005,150750,151349,1.0
xmu_3,1006,150900,151499,1.0
xmu_3,1007,151050,151649,1.0
xmu_3,1008,151200,151799,1.0
xmu_3,1009,151350,151949,1.0
xmu_3,1010,151500,152099,1.0
xmu_3,1011,151650,152249,1.0
xmu_3,1012,151800,152399,1.0
xmu_3,1013,151950,152549,1.0
xmu_3,1014,152100,152699,1.0
xmu_3,1015,152250,152849,1.0
xmu_3,1016,152400,152999,1.0
xmu_3,1017,152550,153149,1.0
xmu_3,1018,152700,153299,1.0
xmu_3,1019,152850,153449,1.0
xmu_3,1020,153000,153599,1.0
xmu_3,1021,153150,153749,1.0
xmu_3,1022,153300,153899,1.0
xmu_3,1023,153450,154049,1.0
xmu_3,1024,153600,154199,1.0
xmu_3,1025,153750,154349,1.0
xmu_3,1026,153900,154499,1.0
xmu_3,1027,154050,154649,1.0
xmu_3,1028,154200,154799,1.0
xmu_3,1029,154350,154949,1.0
xmu_3,1030,154500,155099,1.0
xmu_3,1031,154650,155249,1.0
xmu_3,1032,154800,155399,1.0
xmu_3,1033,154950,155549,1.0
xmu_3,1034,155100,155699,1.0
xmu_3,1035,155250,155849,1.0
xmu_3,1036,155400,155999,1.0
xmu_3,1037,155550,156149,1.0
xmu_3,1038,155700,156299,1.0
xmu_3,1039,155850,156449,1.0
xmu_3,1040,156000,156599,1.0
xmu_3,1041,156150,156749,1.0
xmu_3,1042,156300,156899,1.0
xmu_3,1043,156450,157049,1.0
xmu_3,1044,156600,157199,1.0
xmu_3,1045,156750,157349,1.0
xmu_3,1046,156900,157499,1.0
xmu_3,1047,157050,157649,1.0
xmu_3,1048,157200,157799,1.0
xmu_3,1049,157350,157949,1.0
xmu_3,1050,157500,158099,1.0
xmu_3,1051,157650,158249,1.0
xmu_3,1052,157800,158399,1.0
xmu_3,1053,157950,158549,1.0
xmu_3,1054,158100,158699,1.0
xmu_3,1055,158250,158849,1.0
xmu_3,1056,158400,158999,1.0
xmu_3,1057,158550,159149,1.0
xmu_3,1058,158700,159299,1.0
xmu_3,1059,158850,159449,1.0
xmu_3,1060,159000,159599,1.0
xmu_3,1061,159150,159749,1.0
xmu_3,1062,159300,159899,1.0
xmu_3,1063,159450,160049,1.0
xmu_3,1064,159600,160199,1.0
xmu_3,1068,160200,160799,0.9733333587646484
xmu_3,1069,160350,160949,1.0
xmu_3,1070,160500,161099,1.0
xmu_3,1071,160650,161249,1.0
xmu_3,1072,160800,161399,1.0
xmu_3,1073,160950,161549,1.0
xmu_3,1074,161100,161699,1.0
xmu_3,1075,161250,161849,1.0
xmu_3,1076,161400,161999,1.0
xmu_3,1077,161550,162149,1.0
xmu_3,1078,161700,162299,1.0
xmu_3,1079,161850,162449,1.0
xmu_3,1080,162000,162599,1.0
xmu_3,1081,162150,162749,1.0
xmu_3,1082,162300,162899,1.0
xmu_3,1083,162450,163049,1.0
xmu_3,1084,162600,163199,1.0
xmu_3,1085,162750,163349,1.0
xmu_3,1086,162900,163499,1.0
xmu_3,1087,163050,163649,1.0
xmu_3,1088,163200,163799,1.0
xmu_3,1089,163350,163949,1.0
xmu_3,1090,163500,164099,1.0
xmu_3,1091,163650,164249,1.0
xmu_3,1092,163800,164399,1.0
xmu_3,1093,163950,164549,1.0
xmu_3,1094,164100,164699,1.0
xmu_3,1095,164250,164849,1.0
xmu_3,1096,164400,164999,1.0
xmu_3,1097,164550,165149,1.0
xmu_3,1098,164700,165299,1.0
xmu_3,1099,164850,165449,1.0
xmu_3,1100,165000,165599,1.0
xmu_3,1101,165150,165749,1.0
xmu_3,1102,165300,165899,1.0
xmu_3,1103,165450,166049,1.0
xmu_3,1104,165600,166199,1.0
xmu_3,1105,165750,166349,1.0
xmu_3,1106,165900,166499,1.0
xmu_3,1107,166050,166649,1.0
xmu_3,1108,166200,166799,1.0
xmu_3,1109,166350,166949,1.0
xmu_3,1110,166500,167099,1.0
xmu_3,1111,166650,167249,1.0
xmu_3,1112,166800,167399,1.0
xmu_3,1113,166950,167549,1.0
xmu_3,1114,167100,167699,1.0
xmu_3,1115,167250,167849,1.0
xmu_3,1116,167400,167999,1.0
xmu_3,1117,167550,168149,1.0
xmu_3,1118,167700,168299,1.0
xmu_3,1119,167850,168449,1.0
xmu_3,1120,168000,168599,1.0
xmu_3,1121,168150,168749,1.0
xmu_3,1122,168300,168899,1.0
xmu_3,1123,168450,169049,1.0
xmu_3,1124,168600,169199,1.0
xmu_3,1125,168750,169349,1.0
xmu_3,1126,168900,169499,1.0
xmu_3,1127,169050,169649,1.0
xmu_3,1128,169200,169799,1.0
xmu_3,1129,169350,169949,1.0
xmu_3,1130,169500,170099,1.0
xmu_3,1131,169650,170249,1.0
xmu_3,1132,169800,170399,1.0
xmu_3,1133,169950,170549,1.0
xmu_3,1134,170100,170699,1.0
xmu_3,1135,170250,170849,1.0
xmu_3,1136,170400,170999,1.0
xmu_3,1137,170550,171149,1.0
xmu_3,1138,170700,171299,1.0
xmu_3,1139,170850,171449,1.0
xmu_3,1140,171000,171599,1.0
xmu_3,1141,171150,171749,1.0
xmu_3,1142,171300,171899,1.0
xmu_3,1143,171450,172049,1.0
xmu_3,1144,171600,172199,1.0
xmu_3,1145,171750,172349,1.0
xmu_3,1146,171900,172499,1.0
xmu_3,1147,172050,172649,1.0
xmu_3,1148,172200,172799,1.0
xmu_3,1149,172350,172949,1.0
xmu_3,1150,172500,173099,1.0
xmu_3,1151,172650,173249,1.0
xmu_3,1152,172800,173399,1.0
xmu_3,1153,172950,173549,1.0
xmu_3,1154,173100,173699,1.0
xmu_3,1155,173250,173849,1.0
xmu_3,1156,173400,173999,1.0
xmu_3,1157,173550,174149,1.0
xmu_3,1158,173700,174299,1.0
xmu_3,1159,173850,174449,1.0
xmu_3,1160,174000,174599,1.0
xmu_3,1161,174150,174749,1.0
xmu_3,1162,174300,174899,1.0
xmu_3,1163,174450,175049,1.0
xmu_3,1164,174600,175199,1.0
xmu_3,1165,174750,175349,1.0
xmu_3,1166,174900,175499,1.0
xmu_3,1167,175050,175649,1.0
xmu_3,1168,175200,175799,1.0
xmu_3,1169,175350,175949,1.0
xmu_3,1170,175500,176099,1.0
xmu_3,1171,175650,176249,1.0
xmu_3,1172,175800,176399,1.0
xmu_3,1173,175950,176549,1.0
xmu_3,1174,176100,176699,1.0
xmu_3,1175,176250,176849,1.0
xmu_3,1176,176400,176999,1.0
xmu_3,1177,176550,177149,1.0
xmu_3,1178,176700,177299,1.0
xmu_3,1179,176850,177449,1.0
xmu_3,1180,177000,177599,1.0
xmu_3,1181,177150,177749,1.0
xmu_3,1182,177300,177899,1.0
xmu_3,1183,177450,178049,1.0
xmu_3,1184,177600,178199,1.0
xmu_3,1185,177750,178349,1.0
xmu_3,1186,177900,178499,1.0
xmu_3,1187,178050,178649,1.0
xmu_3,1188,178200,178799,1.0
xmu_3,1189,178350,178949,1.0
xmu_3,1190,178500,179099,1.0
xmu_3,1191,178650,179249,1.0
xmu_3,1192,178800,179399,1.0
xmu_3,1193,178950,179549,1.0
xmu_3,1194,179100,179699,1.0
xmu_3,1195,179250,179849,1.0
xmu_3,1196,179400,179999,1.0
xmu_3,1197,179550,180149,1.0
xmu_3,1198,179700,180299,1.0
xmu_3,1199,179850,180449,1.0
xmu_3,1200,180000,180599,1.0
xmu_3,1201,180150,180749,1.0
xmu_3,1202,180300,180899,1.0
xmu_3,1203,180450,181049,1.0
xmu_3,1204,180600,181199,1.0
xmu_3,1205,180750,181349,1.0
xmu_3,1206,180900,181499,1.0
xmu_3,1207,181050,181649,1.0
xmu_3,1208,181200,181799,1.0
xmu_3,1209,181350,181949,1.0
xmu_3,1210,181500,182099,1.0
xmu_3,1211,181650,182249,1.0
xmu_3,1212,181800,182399,1.0
xmu_3,1213,181950,182549,1.0
xmu_3,1214,182100,182699,1.0
xmu_3,1215,182250,182849,1.0
xmu_3,1216,182400,182999,1.0
xmu_3,1217,182550,183149,1.0
xmu_3,1218,182700,183299,1.0
xmu_3,1219,182850,183449,1.0
xmu_3,1220,183000,183599,1.0
xmu_3,1221,183150,183749,1.0
xmu_3,1222,183300,183899,1.0
xmu_3,1223,183450,184049,1.0
xmu_3,1224,183600,184199,1.0
xmu_3,1225,183750,184349,1.0
xmu_3,1226,183900,184499,1.0
xmu_3,1227,184050,184649,1.0
xmu_3,1228,184200,184799,1.0
xmu_3,1229,184350,184949,1.0
xmu_3,1230,184500,185099,1.0
xmu_3,1231,184650,185249,1.0
xmu_3,1232,184800,185399,1.0
xmu_3,1233,184950,185549,1.0
xmu_3,1234,185100,185699,1.0
xmu_3,1235,185250,185849,1.0
xmu_3,1236,185400,185999,1.0
xmu_3,1237,185550,186149,1.0
xmu_3,1238,185700,186299,1.0
xmu_3,1239,185850,186449,1.0
xmu_3,1240,186000,186599,1.0
xmu_3,1241,186150,186749,1.0
xmu_3,1242,186300,186899,1.0
xmu_3,1243,186450,187049,1.0
xmu_3,1244,186600,187199,1.0
xmu_3,1245,186750,187349,1.0
xmu_3,1246,186900,187499,1.0
xmu_3,1247,187050,187649,1.0
xmu_3,1248,187200,187799,1.0
xmu_3,1249,187350,187949,1.0
xmu_3,1250,187500,188099,1.0
xmu_3,1251,187650,188249,1.0
xmu_3,1252,187800,188399,1.0
xmu_3,1253,187950,188549,1.0
xmu_3,1254,188100,188699,1.0
xmu_3,1255,188250,188849,1.0
xmu_3,1256,188400,188999,1.0
xmu_3,1257,188550,189149,1.0
xmu_3,1258,188700,189299,1.0
xmu_3,1259,188850,189449,1.0
xmu_3,1260,189000,189599,1.0
xmu_3,1261,189150,189749,1.0
xmu_3,1262,189300,189899,1.0
xmu_3,1263,189450,190049,1.0
xmu_3,1264,189600,190199,1.0
xmu_3,1265,189750,190349,1.0
xmu_3,1266,189900,190499,1.0
xmu_3,1267,190050,190649,1.0
xmu_3,1268,190200,190799,1.0
xmu_3,1269,190350,190949,1.0
xmu_3,1270,190500,191099,1.0
xmu_3,1271,190650,191249,1.0
xmu_3,1272,190800,191399,1.0
xmu_3,1273,190950,191549,1.0
xmu_3,1274,191100,191699,1.0
xmu_3,1275,191250,191849,1.0
xmu_3,1276,191400,191999,1.0
xmu_3,1277,191550,192149,1.0
xmu_3,1278,191700,192299,1.0
xmu_3,1279,191850,192449,1.0
xmu_3,1280,192000,192599,1.0
xmu_3,1281,192150,192749,1.0
xmu_3,1282,192300,192899,1.0
xmu_3,1283,192450,193049,1.0
xmu_3,1284,192600,193199,1.0
xmu_3,1285,192750,193349,1.0
xmu_3,1286,192900,193499,1.0
xmu_3,1287,193050,193649,1.0
xmu_3,1288,193200,193799,1.0
xmu_3,1289,193350,193949,1.0
xmu_3,1290,193500,194099,1.0
xmu_3,1291,193650,194249,1.0
xmu_3,1292,193800,194399,1.0
xmu_3,1293,193950,194549,1.0
xmu_3,1294,194100,194699,1.0
xmu_3,1295,194250,194849,1.0
xmu_3,1296,194400,194999,1.0
xmu_3,1297,194550,195149,1.0
xmu_3,1298,194700,195299,1.0
xmu_3,1299,194850,195449,1.0
xmu_3,1300,195000,195599,1.0
xmu_3,1301,195150,195749,1.0
xmu_3,1302,195300,195899,1.0
xmu_3,1303,195450,196049,1.0
xmu_3,1304,195600,196199,1.0
xmu_3,1305,195750,196349,1.0
xmu_3,1306,195900,196499,1.0
xmu_3,1307,196050,196649,1.0
xmu_3,1308,196200,196799,1.0
xmu_3,1309,196350,196949,1.0
xmu_3,1310,196500,197099,1.0
xmu_3,1311,196650,197249,1.0
xmu_3,1312,196800,197399,1.0
xmu_3,1313,196950,197549,1.0
xmu_3,1314,197100,197699,1.0
xmu_3,1315,197250,197849,1.0
xmu_3,1316,197400,197999,1.0
xmu_3,1317,197550,198149,1.0
xmu_3,1318,197700,198299,1.0
xmu_3,1319,197850,198449,1.0
xmu_3,1320,198000,198599,1.0
xmu_3,1321,198150,198749,1.0
xmu_3,1322,198300,198899,1.0
xmu_3,1323,198450,199049,1.0
xmu_3,1324,198600,199199,1.0
xmu_3,1325,198750,199349,1.0
xmu_3,1326,198900,199499,1.0
xmu_3,1327,199050,199649,1.0
xmu_3,1328,199200,199799,1.0
xmu_3,1329,199350,199949,1.0
xmu_3,1330,199500,200099,1.0
xmu_3,1331,199650,200249,1.0
xmu_3,1332,199800,200399,1.0
xmu_3,1333,199950,200549,1.0
xmu_3,1334,200100,200699,1.0
xmu_3,1335,200250,200849,1.0
xmu_3,1336,200400,200999,1.0
xmu_3,1337,200550,201149,1.0
xmu_3,1338,200700,201299,1.0
xmu_3,1339,200850,201449,1.0
xmu_3,1340,201000,201599,1.0
xmu_3,1341,201150,201749,1.0
xmu_3,1342,201300,201899,1.0
xmu_3,1343,201450,202049,1.0
xmu_3,1344,201600,202199,1.0
xmu_3,1345,201750,202349,1.0
xmu_3,1346,201900,202499,1.0
xmu_3,1347,202050,202649,1.0
xmu_3,1348,202200,202799,1.0
xmu_3,1349,202350,202949,1.0
xmu_3,1350,202500,203099,1.0
xmu_3,1351,202650,203249,1.0
xmu_3,1352,202800,203399,1.0
xmu_3,1353,202950,203549,1.0
xmu_3,1354,203100,203699,1.0
xmu_3,1355,203250,203849,1.0
xmu_3,1356,203400,203999,1.0
xmu_3,1357,203550,204149,1.0
xmu_3,1358,203700,204299,1.0
xmu_3,1359,203850,204449,1.0
xmu_3,1360,204000,204599,1.0
xmu_3,1361,204150,204749,1.0
xmu_3,1362,204300,204899,1.0
xmu_3,1363,204450,205049,1.0
xmu_3,1364,204600,205199,1.0
xmu_3,1365,204750,205349,1.0
xmu_3,1366,204900,205499,1.0
xmu_3,1367,205050,205649,1.0
xmu_3,1368,205200,205799,1.0
xmu_3,1369,205350,205949,1.0
xmu_3,1370,205500,206099,1.0
xmu_3,1371,205650,206249,1.0
xmu_3,1372,205800,206399,1.0
xmu_3,1373,205950,206549,1.0
xmu_3,1374,206100,206699,1.0
xmu_3,1375,206250,206849,1.0
xmu_3,1376,206400,206999,1.0
xmu_3,1377,206550,207149,1.0
xmu_3,1378,206700,207299,1.0
xmu_3,1379,206850,207449,1.0
xmu_3,1380,207000,207599,1.0
xmu_3,1381,207150,207749,1.0
xmu_3,1382,207300,207899,1.0
xmu_3,1383,207450,208049,1.0
xmu_3,1384,207600,208199,1.0
xmu_3,1385,207750,208349,1.0
xmu_3,1386,207900,208499,1.0
xmu_3,1387,208050,208649,1.0
xmu_3,1388,208200,208799,1.0
xmu_3,1389,208350,208949,1.0
xmu_3,1390,208500,209099,1.0
xmu_3,1391,208650,209249,1.0
xmu_3,1392,208800,209399,1.0
xmu_3,1393,208950,209549,1.0
xmu_3,1394,209100,209699,1.0
xmu_3,1395,209250,209849,1.0
xmu_3,1396,209400,209999,1.0
xmu_3,1397,209550,210149,1.0
xmu_3,1398,209700,210299,1.0
xmu_3,1399,209850,210449,1.0
xmu_3,1400,210000,210599,1.0
xmu_3,1401,210150,210749,1.0
xmu_3,1402,210300,210899,1.0
xmu_3,1403,210450,211049,1.0
xmu_3,1404,210600,211199,1.0
xmu_3,1405,210750,211349,1.0
xmu_3,1406,210900,211499,1.0
xmu_3,1407,211050,211649,1.0
xmu_3,1408,211200,211799,1.0
xmu_3,1409,211350,211949,1.0
xmu_3,1410,211500,212099,1.0
xmu_3,1411,211650,212249,1.0
xmu_3,1412,211800,212399,1.0
xmu_3,1413,211950,212549,1.0
xmu_3,1414,212100,212699,1.0
xmu_3,1415,212250,212849,1.0
xmu_3,1416,212400,212999,1.0
xmu_3,1417,212550,213149,1.0
xmu_3,1418,212700,213299,1.0
xmu_3,1419,212850,213449,1.0
xmu_3,1420,213000,213599,1.0
xmu_3,1421,213150,213749,1.0
xmu_3,1422,213300,213899,1.0
xmu_3,1423,213450,214049,1.0
xmu_3,1424,213600,214199,1.0
xmu_3,1425,213750,214349,1.0
xmu_3,1426,213900,214499,1.0
xmu_3,1427,214050,214649,1.0
xmu_3,1428,214200,214799,1.0
xmu_3,1429,214350,214949,1.0
xmu_3,1430,214500,215099,1.0
xmu_3,1431,214650,215249,1.0
xmu_3,1432,214800,215399,1.0
xmu_3,1433,214950,215549,1.0
xmu_3,1434,215100,215699,1.0
xmu_3,1435,215250,215849,1.0
xmu_3,1436,215400,215999,1.0
xmu_3,1437,215550,216149,1.0
xmu_3,1438,215700,216299,1.0
xmu_3,1439,215850,216449,1.0
xmu_3,1440,216000,216599,1.0
xmu_3,1441,216150,216749,1.0
xmu_3,1442,216300,216899,1.0
xmu_3,1443,216450,217049,1.0
xmu_3,1444,216600,217199,1.0
xmu_3,1445,216750,217349,1.0
xmu_3,1446,216900,217499,1.0
xmu_3,1447,217050,217649,1.0
xmu_3,1448,217200,217799,1.0
xmu_3,1449,217350,217949,1.0
xmu_3,1450,217500,218099,1.0
xmu_3,1451,217650,218249,1.0
xmu_3,1452,217800,218399,1.0
xmu_3,1453,217950,218549,1.0
xmu_3,1454,218100,218699,1.0
xmu_3,1455,218250,218849,1.0
xmu_3,1456,218400,218999,1.0
xmu_3,1457,218550,219149,1.0
xmu_3,1458,218700,219299,1.0
xmu_3,1459,218850,219449,1.0
xmu_3,1460,219000,219599,1.0
xmu_3,1461,219150,219749,1.0
xmu_3,1462,219300,219899,1.0
xmu_3,1463,219450,220049,1.0
xmu_6,0,0,599,1.0
xmu_6,1,150,749,1.0
xmu_6,2,300,899,1.0
xmu_6,3,450,1049,1.0
xmu_6,4,600,1199,1.0
xmu_6,5,750,1349,1.0
xmu_6,6,900,1499,1.0
xmu_6,7,1050,1649,1.0
xmu_6,8,1200,1799,1.0
xmu_6,9,1350,1949,1.0
xmu_6,10,1500,2099,1.0
xmu_6,11,1650,2249,1.0
xmu_6,12,1800,2399,1.0
xmu_6,13,1950,2549,1.0
xmu_6,14,2100,2699,1.0
xmu_6,15,2250,2849,1.0
xmu_6,16,2400,2999,1.0
xmu_6,17,2550,3149,1.0
xmu_6,18,2700,3299,1.0
xmu_6,19,2850,3449,1.0
xmu_6,20,3000,3599,1.0
xmu_6,21,3150,3749,1.0
xmu_6,22,3300,3899,1.0
xmu_6,23,3450,4049,1.0
xmu_6,24,3600,4199,1.0
xmu_6,25,3750,4349,1.0
xmu_6,26,3900,4499,1.0
xmu_6,27,4050,4649,1.0
xmu_6,28,4200,4799,1.0
xmu_6,29,4350,4949,1.0
xmu_6,30,4500,5099,1.0
xmu_6,31,4650,5249,1.0
xmu_6,32,4800,5399,1.0
xmu_6,33,4950,5549,1.0
xmu_6,34,5100,5699,1.0
xmu_6,35,5250,5849,1.0
xmu_6,36,5400,5999,1.0
xmu_6,37,5550,6149,1.0
xmu_6,38,5700,6299,1.0
xmu_6,39,5850,6449,1.0
xmu_6,40,6000,6599,1.0
xmu_6,41,6150,6749,1.0
xmu_6,42,6300,6899,1.0
xmu_6,43,6450,7049,1.0
xmu_6,44,6600,7199,1.0
xmu_6,45,6750,7349,1.0
xmu_6,46,6900,7499,1.0
xmu_6,47,7050,7649,1.0
xmu_6,48,7200,7799,1.0
xmu_6,49,7350,7949,1.0
xmu_6,50,7500,8099,1.0
xmu_6,51,7650,8249,1.0
xmu_6,52,7800,8399,1.0
xmu_6,53,7950,8549,1.0
xmu_6,54,8100,8699,1.0
xmu_6,55,8250,8849,1.0
xmu_6,56,8400,8999,1.0
xmu_6,57,8550,9149,1.0
xmu_6,58,8700,9299,1.0
xmu_6,59,8850,9449,1.0
xmu_6,60,9000,9599,1.0
xmu_6,61,9150,9749,1.0
xmu_6,62,9300,9899,1.0
xmu_6,63,9450,10049,1.0
xmu_6,64,9600,10199,1.0
xmu_6,65,9750,10349,1.0
xmu_6,66,9900,10499,1.0
xmu_6,67,10050,10649,1.0
xmu_6,68,10200,10799,1.0
xmu_6,69,10350,10949,1.0
xmu_6,70,10500,11099,1.0
xmu_6,71,10650,11249,1.0
xmu_6,72,10800,11399,1.0
xmu_6,73,10950,11549,1.0
xmu_6,74,11100,11699,1.0
xmu_6,75,11250,11849,1.0
xmu_6,76,11400,11999,1.0
xmu_6,77,11550,12149,1.0
xmu_6,78,11700,12299,1.0
xmu_6,79,11850,12449,1.0
xmu_6,80,12000,12599,1.0
xmu_6,81,12150,12749,1.0
xmu_6,82,12300,12899,1.0
xmu_6,83,12450,13049,1.0
xmu_6,84,12600,13199,1.0
xmu_6,85,12750,13349,1.0
xmu_6,86,12900,13499,1.0
xmu_6,87,13050,13649,1.0
xmu_6,88,13200,13799,1.0
xmu_6,89,13350,13949,1.0
xmu_6,90,13500,14099,1.0
xmu_6,91,13650,14249,1.0
xmu_6,92,13800,14399,1.0
xmu_6,93,13950,14549,1.0
xmu_6,94,14100,14699,1.0
xmu_6,95,14250,14849,1.0
xmu_6,96,14400,14999,1.0
xmu_6,97,14550,15149,1.0
xmu_6,98,14700,15299,1.0
xmu_6,99,14850,15449,1.0
xmu_6,100,15000,15599,1.0
xmu_6,101,15150,15749,1.0
xmu_6,102,15300,15899,1.0
xmu_6,103,15450,16049,0.9016666412353516
xmu_6,107,16050,16649,1.0
xmu_6,108,16200,16799,1.0
xmu_6,109,16350,16949,1.0
xmu_6,110,16500,17099,1.0
xmu_6,111,16650,17249,1.0
xmu_6,112,16800,17399,1.0
xmu_6,113,16950,17549,1.0
xmu_6,114,17100,17699,1.0
xmu_6,115,17250,17849,1.0
xmu_6,116,17400,17999,1.0
xmu_6,117,17550,18149,1.0
xmu_6,118,17700,18299,1.0
xmu_6,119,17850,18449,1.0
xmu_6,120,18000,18599,1.0
xmu_6,121,18150,18749,1.0
xmu_6,122,18300,18899,1.0
xmu_6,123,18450,19049,1.0
xmu_6,124,18600,19199,1.0
xmu_6,125,18750,19349,1.0
xmu_6,126,18900,19499,1.0
xmu_6,127,19050,19649,1.0
xmu_6,128,19200,19799,1.0
xmu_6,129,19350,19949,1.0
xmu_6,130,19500,20099,1.0
xmu_6,131,19650,20249,1.0
xmu_6,132,19800,20399,1.0
xmu_6,133,19950,20549,1.0
xmu_6,134,20100,20699,1.0
xmu_6,135,20250,20849,1.0
xmu_6,136,20400,20999,1.0
xmu_6,137,20550,21149,1.0
xmu_6,138,20700,21299,1.0
xmu_6,139,20850,21449,1.0
xmu_6,140,21000,21599,1.0
xmu_6,141,21150,21749,1.0
xmu_6,142,21300,21899,1.0
xmu_6,143,21450,22049,1.0
xmu_6,144,21600,22199,1.0
xmu_6,145,21750,22349,1.0
xmu_6,146,21900,22499,1.0
xmu_6,147,22050,22649,1.0
xmu_6,148,22200,22799,1.0
xmu_6,149,22350,22949,1.0
xmu_6,150,22500,23099,1.0
xmu_6,151,22650,23249,1.0
xmu_6,152,22800,23399,1.0
xmu_6,153,22950,23549,1.0
xmu_6,154,23100,23699,1.0
xmu_6,155,23250,23849,1.0
xmu_6,156,23400,23999,1.0
xmu_6,157,23550,24149,1.0
xmu_6,158,23700,24299,1.0
xmu_6,159,23850,24449,1.0
xmu_6,160,24000,24599,1.0
xmu_6,161,24150,24749,1.0
xmu_6,162,24300,24899,1.0
xmu_6,163,24450,25049,1.0
xmu_6,164,24600,25199,1.0
xmu_6,165,24750,25349,1.0
xmu_6,166,24900,25499,1.0
xmu_6,167,25050,25649,1.0
xmu_6,168,25200,25799,1.0
xmu_6,169,25350,25949,1.0
xmu_6,170,25500,26099,1.0
xmu_6,171,25650,26249,1.0
xmu_6,172,25800,26399,1.0
xmu_6,173,25950,26549,1.0
xmu_6,174,26100,26699,1.0
xmu_6,175,26250,26849,1.0
xmu_6,176,26400,26999,1.0
xmu_6,177,26550,27149,1.0
xmu_6,178,26700,27299,1.0
xmu_6,179,26850,27449,1.0
xmu_6,180,27000,27599,1.0
xmu_6,181,27150,27749,1.0
xmu_6,182,27300,27899,1.0
xmu_6,183,27450,28049,1.0
xmu_6,184,27600,28199,1.0
xmu_6,185,27750,28349,1.0
xmu_6,186,27900,28499,1.0
xmu_6,187,28050,28649,1.0
xmu_6,188,28200,28799,1.0
xmu_6,189,28350,28949,1.0
xmu_6,190,28500,29099,1.0
xmu_6,191,28650,29249,1.0
xmu_6,192,28800,29399,1.0
xmu_6,193,28950,29549,1.0
xmu_6,194,29100,29699,1.0
xmu_6,195,29250,29849,1.0
xmu_6,196,29400,29999,1.0
xmu_6,197,29550,30149,1.0
xmu_6,198,29700,30299,1.0
xmu_6,199,29850,30449,1.0
xmu_6,200,30000,30599,1.0
xmu_6,201,30150,30749,1.0
xmu_6,202,30300,30899,1.0
xmu_6,203,30450,31049,1.0
xmu_6,204,30600,31199,1.0
xmu_6,205,30750,31349,1.0
xmu_6,206,30900,31499,1.0
xmu_6,207,31050,31649,1.0
xmu_6,208,31200,31799,1.0
xmu_6,209,31350,31949,1.0
xmu_6,210,31500,32099,1.0
xmu_6,211,31650,32249,1.0
xmu_6,212,31800,32399,1.0
xmu_6,213,31950,32549,1.0
xmu_6,214,32100,32699,1.0
xmu_6,215,32250,32849,1.0
xmu_6,216,32400,32999,1.0
xmu_6,217,32550,33149,1.0
xmu_6,218,32700,33299,1.0
xmu_6,219,32850,33449,1.0
xmu_6,220,33000,33599,1.0
xmu_6,221,33150,33749,1.0
xmu_6,222,33300,33899,1.0
xmu_6,223,33450,34049,1.0
xmu_6,224,33600,34199,1.0
xmu_6,225,33750,34349,1.0
xmu_6,226,33900,34499,1.0
xmu_6,227,34050,34649,1.0
xmu_6,228,34200,34799,1.0
xmu_6,229,34350,34949,1.0
xmu_6,230,34500,35099,1.0
xmu_6,231,34650,35249,0.9433333277702332
xmu_6,235,35250,35849,1.0
xmu_6,236,35400,35999,1.0
xmu_6,237,35550,36149,1.0
xmu_6,238,35700,36299,1.0
xmu_6,239,35850,36449,1.0
xmu_6,240,36000,36599,1.0
xmu_6,241,36150,36749,1.0
xmu_6,242,36300,36899,1.0
xmu_6,243,36450,37049,1.0
xmu_6,244,36600,37199,1.0
xmu_6,245,36750,37349,1.0
xmu_6,246,36900,37499,1.0
xmu_6,247,37050,37649,1.0
xmu_6,248,37200,37799,1.0
xmu_6,249,37350,37949,1.0
xmu_6,250,37500,38099,1.0
xmu_6,251,37650,38249,1.0
xmu_6,252,37800,38399,1.0
xmu_6,253,37950,38549,1.0
xmu_6,254,38100,38699,1.0
xmu_6,255,38250,38849,1.0
xmu_6,256,38400,38999,1.0
xmu_6,257,38550,39149,1.0
xmu_6,258,38700,39299,1.0
xmu_6,259,38850,39449,1.0
xmu_6,260,39000,39599,1.0
xmu_6,261,39150,39749,1.0
xmu_6,262,39300,39899,1.0
xmu_6,263,39450,40049,1.0
xmu_6,264,39600,40199,1.0
xmu_6,265,39750,40349,1.0
xmu_6,266,39900,40499,1.0
xmu_6,267,40050,40649,1.0
xmu_6,268,40200,40799,1.0
xmu_6,269,40350,40949,1.0
xmu_6,270,40500,41099,1.0
xmu_6,271,40650,41249,1.0
xmu_6,272,40800,41399,1.0
xmu_6,273,40950,41549,1.0
xmu_6,274,41100,41699,1.0
xmu_6,275,41250,41849,1.0
xmu_6,276,41400,41999,1.0
xmu_6,277,41550,42149,1.0
xmu_6,278,41700,42299,1.0
xmu_6,279,41850,42449,1.0
xmu_6,280,42000,42599,1.0
xmu_6,281,42150,42749,1.0
xmu_6,282,42300,42899,1.0
xmu_6,283,42450,43049,1.0
xmu_6,284,42600,43199,1.0
xmu_6,285,42750,43349,1.0
xmu_6,286,42900,43499,1.0
xmu_6,287,43050,43649,1.0
xmu_6,288,43200,43799,1.0
xmu_6,289,43350,43949,1.0
xmu_6,290,43500,44099,1.0
xmu_6,291,43650,44249,1.0
xmu_6,292,43800,44399,1.0
xmu_6,293,43950,44549,1.0
xmu_6,294,44100,44699,1.0
xmu_6,295,44250,44849,1.0
xmu_6,296,44400,44999,1.0
xmu_6,297,44550,45149,1.0
xmu_6,298,44700,45299,1.0
xmu_6,299,44850,45449,1.0
xmu_6,300,45000,45599,1.0
xmu_6,301,45150,45749,1.0
xmu_6,302,45300,45899,1.0
xmu_6,303,45450,46049,1.0
xmu_6,304,45600,46199,1.0
xmu_6,305,45750,46349,1.0
xmu_6,306,45900,46499,1.0
xmu_6,307,46050,46649,1.0
xmu_6,308,46200,46799,1.0
xmu_6,309,46350,46949,1.0
xmu_6,310,46500,47099,1.0
xmu_6,311,46650,47249,1.0
xmu_6,312,46800,47399,1.0
xmu_6,313,46950,47549,1.0
xmu_6,314,47100,47699,1.0
xmu_6,315,47250,47849,1.0
xmu_6,316,47400,47999,1.0
xmu_6,317,47550,48149,1.0
xmu_6,318,47700,48299,1.0
xmu_6,319,47850,48449,1.0
xmu_6,320,48000,48599,1.0
xmu_6,321,48150,48749,1.0
xmu_6,322,48300,48899,1.0
xmu_6,323,48450,49049,1.0
xmu_6,324,48600,49199,1.0
xmu_6,325,48750,49349,1.0
xmu_6,326,48900,49499,1.0
xmu_6,327,49050,49649,1.0
xmu_6,328,49200,49799,1.0
xmu_6,329,49350,49949,1.0
xmu_6,330,49500,50099,1.0
xmu_6,331,49650,50249,1.0
xmu_6,332,49800,50399,1.0
xmu_6,333,49950,50549,1.0
xmu_6,334,50100,50699,1.0
xmu_6,335,50250,50849,1.0
xmu_6,336,50400,50999,1.0
xmu_6,337,50550,51149,1.0
xmu_6,338,50700,51299,1.0
xmu_6,339,50850,51449,1.0
xmu_6,340,51000,51599,1.0
xmu_6,341,51150,51749,1.0
xmu_6,342,51300,51899,1.0
xmu_6,343,51450,52049,1.0
xmu_6,344,51600,52199,1.0
xmu_6,345,51750,52349,1.0
xmu_6,346,51900,52499,1.0
xmu_6,347,52050,52649,1.0
xmu_6,348,52200,52799,1.0
xmu_6,349,52350,52949,1.0
xmu_6,350,52500,53099,1.0
xmu_6,351,52650,53249,1.0
xmu_6,352,52800,53399,1.0
xmu_6,353,52950,53549,1.0
xmu_6,354,53100,53699,1.0
xmu_6,355,53250,53849,1.0
xmu_6,356,53400,53999,1.0
xmu_6,357,53550,54149,1.0
xmu_6,358,53700,54299,1.0
xmu_6,359,53850,54449,1.0
xmu_6,360,54000,54599,1.0
xmu_6,361,54150,54749,1.0
xmu_6,362,54300,54899,1.0
xmu_6,363,54450,55049,1.0
xmu_6,364,54600,55199,1.0
xmu_6,365,54750,55349,1.0
xmu_6,366,54900,55499,1.0
xmu_6,367,55050,55649,1.0
xmu_6,368,55200,55799,1.0
xmu_6,369,55350,55949,1.0
xmu_6,370,55500,56099,1.0
xmu_6,371,55650,56249,1.0
xmu_6,372,55800,56399,1.0
xmu_6,373,55950,56549,1.0
xmu_6,374,56100,56699,1.0
xmu_6,375,56250,56849,1.0
xmu_6,376,56400,56999,1.0
xmu_6,377,56550,57149,1.0
xmu_6,378,56700,57299,1.0
xmu_6,379,56850,57449,1.0
xmu_6,380,57000,57599,1.0
xmu_6,381,57150,57749,1.0
xmu_6,382,57300,57899,1.0
xmu_6,383,57450,58049,1.0
xmu_6,384,57600,58199,1.0
xmu_6,385,57750,58349,1.0
xmu_6,386,57900,58499,1.0
xmu_6,387,58050,58649,1.0
xmu_6,388,58200,58799,1.0
xmu_6,389,58350,58949,1.0
xmu_6,390,58500,59099,1.0
xmu_6,391,58650,59249,1.0
xmu_6,392,58800,59399,1.0
xmu_6,393,58950,59549,1.0
xmu_6,397,59550,60149,0.9466666579246521
xmu_6,398,59700,60299,1.0
xmu_6,399,59850,60449,1.0
xmu_6,400,60000,60599,1.0
xmu_6,401,60150,60749,1.0
xmu_6,402,60300,60899,1.0
xmu_6,403,60450,61049,1.0
xmu_6,404,60600,61199,1.0
xmu_6,405,60750,61349,1.0
xmu_6,406,60900,61499,1.0
xmu_6,407,61050,61649,1.0
xmu_6,408,61200,61799,1.0
xmu_6,409,61350,61949,1.0
xmu_6,410,61500,62099,1.0
xmu_6,411,61650,62249,1.0
xmu_6,412,61800,62399,1.0
xmu_6,413,61950,62549,1.0
xmu_6,414,62100,62699,1.0
xmu_6,415,62250,62849,1.0
xmu_6,416,62400,62999,1.0
xmu_6,417,62550,63149,1.0
xmu_6,418,62700,63299,1.0
xmu_6,419,62850,63449,1.0
xmu_6,420,63000,63599,1.0
xmu_6,421,63150,63749,1.0
xmu_6,422,63300,63899,1.0
xmu_6,423,63450,64049,1.0
xmu_6,424,63600,64199,1.0
xmu_6,428,64200,64799,0.925000011920929
xmu_6,429,64350,64949,1.0
xmu_6,430,64500,65099,1.0
xmu_6,431,64650,65249,1.0
xmu_6,432,64800,65399,1.0
xmu_6,433,64950,65549,1.0
xmu_6,434,65100,65699,1.0
xmu_6,435,65250,65849,1.0
xmu_6,436,65400,65999,1.0
xmu_6,437,65550,66149,1.0
xmu_6,438,65700,66299,1.0
xmu_6,439,65850,66449,1.0
xmu_6,440,66000,66599,1.0
xmu_6,441,66150,66749,1.0
xmu_6,442,66300,66899,1.0
xmu_6,443,66450,67049,1.0
xmu_6,444,66600,67199,1.0
xmu_6,445,66750,67349,1.0
xmu_6,446,66900,67499,1.0
xmu_6,447,67050,67649,1.0
xmu_6,448,67200,67799,1.0
xmu_6,449,67350,67949,1.0
xmu_6,450,67500,68099,1.0
xmu_6,451,67650,68249,1.0
xmu_6,452,67800,68399,1.0
xmu_6,453,67950,68549,1.0
xmu_6,454,68100,68699,1.0
xmu_6,455,68250,68849,1.0
xmu_6,456,68400,68999,1.0
xmu_6,457,68550,69149,1.0
xmu_6,458,68700,69299,1.0
xmu_6,459,68850,69449,1.0
xmu_6,460,69000,69599,1.0
xmu_6,461,69150,69749,1.0
xmu_6,462,69300,69899,1.0
xmu_6,463,69450,70049,1.0
xmu_6,464,69600,70199,1.0
xmu_6,465,69750,70349,1.0
xmu_6,466,69900,70499,1.0
xmu_6,467,70050,70649,1.0
xmu_6,468,70200,70799,1.0
xmu_6,469,70350,70949,1.0
xmu_6,470,70500,71099,1.0
xmu_6,471,70650,71249,1.0
xmu_6,472,70800,71399,1.0
xmu_6,473,70950,71549,0.949999988079071
xmu_6,477,71550,72149,1.0
xmu_6,478,71700,72299,1.0
xmu_6,479,71850,72449,1.0
xmu_6,480,72000,72599,1.0
xmu_6,481,72150,72749,1.0
xmu_6,482,72300,72899,1.0
xmu_6,483,72450,73049,1.0
xmu_6,484,72600,73199,1.0
xmu_6,485,72750,73349,1.0
xmu_6,486,72900,73499,1.0
xmu_6,487,73050,73649,1.0
xmu_6,488,73200,73799,1.0
xmu_6,489,73350,73949,1.0
xmu_6,490,73500,74099,1.0
xmu_6,491,73650,74249,1.0
xmu_6,492,73800,74399,1.0
xmu_6,493,73950,74549,1.0
xmu_6,494,74100,74699,1.0
xmu_6,495,74250,74849,1.0
xmu_6,496,74400,74999,1.0
xmu_6,497,74550,75149,1.0
xmu_6,498,74700,75299,1.0
xmu_6,499,74850,75449,1.0
xmu_6,500,75000,75599,1.0
xmu_6,501,75150,75749,1.0
xmu_6,502,75300,75899,1.0
xmu_6,503,75450,76049,1.0
xmu_6,504,75600,76199,1.0
xmu_6,505,75750,76349,1.0
xmu_6,506,75900,76499,1.0
xmu_6,507,76050,76649,1.0
xmu_6,508,76200,76799,1.0
xmu_6,509,76350,76949,1.0
xmu_6,510,76500,77099,1.0
xmu_6,511,76650,77249,1.0
xmu_6,512,76800,77399,1.0
xmu_6,513,76950,77549,1.0
xmu_6,514,77100,77699,1.0
xmu_6,515,77250,77849,1.0
xmu_6,516,77400,77999,1.0
xmu_6,517,77550,78149,1.0
xmu_6,518,77700,78299,1.0
xmu_6,519,77850,78449,1.0
xmu_6,520,78000,78599,1.0
xmu_6,521,78150,78749,1.0
xmu_6,522,78300,78899,1.0
xmu_6,523,78450,79049,1.0
xmu_6,524,78600,79199,1.0
xmu_6,525,78750,79349,1.0
xmu_6,526,78900,79499,1.0
xmu_6,527,79050,79649,1.0
xmu_6,528,79200,79799,1.0
xmu_6,529,79350,79949,1.0
xmu_6,530,79500,80099,1.0
xmu_6,531,79650,80249,1.0
xmu_6,532,79800,80399,1.0
xmu_6,533,79950,80549,1.0
xmu_6,534,80100,80699,1.0
xmu_6,535,80250,80849,1.0
xmu_6,536,80400,80999,1.0
xmu_6,537,80550,81149,1.0
xmu_6,538,80700,81299,1.0
xmu_6,539,80850,81449,1.0
xmu_6,540,81000,81599,1.0
xmu_6,541,81150,81749,1.0
xmu_6,542,81300,81899,1.0
xmu_6,543,81450,82049,1.0
xmu_6,544,81600,82199,1.0
xmu_6,545,81750,82349,1.0
xmu_6,546,81900,82499,1.0
xmu_6,547,82050,82649,1.0
xmu_6,548,82200,82799,1.0
xmu_6,549,82350,82949,1.0
xmu_6,550,82500,83099,1.0
xmu_6,551,82650,83249,1.0
xmu_6,552,82800,83399,1.0
xmu_6,553,82950,83549,1.0
xmu_6,554,83100,83699,1.0
xmu_6,555,83250,83849,1.0
xmu_6,556,83400,83999,1.0
xmu_6,557,83550,84149,1.0
xmu_6,558,83700,84299,1.0
xmu_6,559,83850,84449,1.0
xmu_6,560,84000,84599,1.0
xmu_6,561,84150,84749,1.0
xmu_6,562,84300,84899,1.0
xmu_6,563,84450,85049,1.0
xmu_6,564,84600,85199,1.0
xmu_6,565,84750,85349,1.0
xmu_6,566,84900,85499,1.0
xmu_6,567,85050,85649,1.0
xmu_6,568,85200,85799,1.0
xmu_6,569,85350,85949,1.0
xmu_6,570,85500,86099,1.0
xmu_6,571,85650,86249,1.0
xmu_6,572,85800,86399,1.0
xmu_6,573,85950,86549,1.0
xmu_6,574,86100,86699,1.0
xmu_6,575,86250,86849,1.0
xmu_6,576,86400,86999,1.0
xmu_6,577,86550,87149,1.0
xmu_6,578,86700,87299,1.0
xmu_6,579,86850,87449,1.0
xmu_6,580,87000,87599,1.0
xmu_6,581,87150,87749,1.0
xmu_6,582,87300,87899,1.0
xmu_6,583,87450,88049,1.0
xmu_6,584,87600,88199,1.0
xmu_6,585,87750,88349,1.0
xmu_6,586,87900,88499,1.0
xmu_6,587,88050,88649,1.0
xmu_6,588,88200,88799,1.0
xmu_6,589,88350,88949,1.0
xmu_6,590,88500,89099,1.0
xmu_6,591,88650,89249,1.0
xmu_6,592,88800,89399,1.0
xmu_6,593,88950,89549,1.0
xmu_6,594,89100,89699,1.0
xmu_6,595,89250,89849,1.0
xmu_6,596,89400,89999,1.0
xmu_6,597,89550,90149,1.0
xmu_6,598,89700,90299,1.0
xmu_6,599,89850,90449,1.0
xmu_6,600,90000,90599,1.0
xmu_6,601,90150,90749,1.0
xmu_6,602,90300,90899,1.0
xmu_6,603,90450,91049,1.0
xmu_6,604,90600,91199,1.0
xmu_6,605,90750,91349,1.0
xmu_6,606,90900,91499,1.0
xmu_6,607,91050,91649,1.0
xmu_6,608,91200,91799,1.0
xmu_6,609,91350,91949,1.0
xmu_6,610,91500,92099,1.0
xmu_6,611,91650,92249,1.0
xmu_6,612,91800,92399,1.0
xmu_6,613,91950,92549,1.0
xmu_6,614,92100,92699,1.0
xmu_6,615,92250,92849,1.0
xmu_6,616,92400,92999,1.0
xmu_6,617,92550,93149,1.0
xmu_6,618,92700,93299,1.0
xmu_6,619,92850,93449,1.0
xmu_6,620,93000,93599,1.0
xmu_6,621,93150,93749,1.0
xmu_6,622,93300,93899,1.0
xmu_6,623,93450,94049,1.0
xmu_6,624,93600,94199,1.0
xmu_6,625,93750,94349,1.0
xmu_6,626,93900,94499,1.0
xmu_6,627,94050,94649,1.0
xmu_6,628,94200,94799,1.0
xmu_6,629,94350,94949,1.0
xmu_6,630,94500,95099,1.0
xmu_6,631,94650,95249,1.0
xmu_6,632,94800,95399,1.0
xmu_6,633,94950,95549,1.0
xmu_6,634,95100,95699,1.0
xmu_6,635,95250,95849,1.0
xmu_6,636,95400,95999,1.0
xmu_6,637,95550,96149,1.0
xmu_6,638,95700,96299,0.9683333039283752
xmu_6,642,96300,96899,1.0
xmu_6,643,96450,97049,1.0
xmu_6,644,96600,97199,1.0
xmu_6,645,96750,97349,1.0
xmu_6,646,96900,97499,1.0
xmu_6,647,97050,97649,1.0
xmu_6,648,97200,97799,1.0
xmu_6,649,97350,97949,1.0
xmu_6,650,97500,98099,1.0
xmu_6,651,97650,98249,1.0
xmu_6,652,97800,98399,1.0
xmu_6,653,97950,98549,1.0
xmu_6,654,98100,98699,1.0
xmu_6,655,98250,98849,1.0
xmu_6,656,98400,98999,1.0
xmu_6,657,98550,99149,1.0
xmu_6,658,98700,99299,1.0
xmu_6,659,98850,99449,1.0
xmu_6,660,99000,99599,1.0
xmu_6,661,99150,99749,1.0
xmu_6,662,99300,99899,1.0
xmu_6,663,99450,100049,1.0
xmu_6,664,99600,100199,1.0
xmu_6,665,99750,100349,1.0
xmu_6,666,99900,100499,1.0
xmu_6,667,100050,100649,1.0
xmu_6,668,100200,100799,1.0
xmu_6,669,100350,100949,1.0
xmu_6,670,100500,101099,1.0
xmu_6,671,100650,101249,1.0
xmu_6,672,100800,101399,1.0
xmu_6,673,100950,101549,1.0
xmu_6,674,101100,101699,1.0
xmu_6,675,101250,101849,1.0
xmu_6,676,101400,101999,1.0
xmu_6,677,101550,102149,1.0
xmu_6,678,101700,102299,1.0
xmu_6,679,101850,102449,1.0
xmu_6,680,102000,102599,1.0
xmu_6,681,102150,102749,1.0
xmu_6,682,102300,102899,1.0
xmu_6,683,102450,103049,1.0
xmu_6,684,102600,103199,1.0
xmu_6,685,102750,103349,1.0
xmu_6,686,102900,103499,1.0
xmu_6,687,103050,103649,1.0
xmu_6,688,103200,103799,1.0
xmu_6,689,103350,103949,1.0
xmu_6,690,103500,104099,1.0
xmu_6,691,103650,104249,1.0
xmu_6,692,103800,104399,1.0
xmu_6,693,103950,104549,1.0
xmu_6,694,104100,104699,1.0
xmu_6,695,104250,104849,1.0
xmu_6,696,104400,104999,1.0
xmu_6,697,104550,105149,1.0
xmu_6,698,104700,105299,1.0
xmu_6,699,104850,105449,1.0
xmu_6,700,105000,105599,1.0
xmu_6,701,105150,105749,1.0
xmu_6,702,105300,105899,1.0
xmu_6,703,105450,106049,1.0
xmu_6,704,105600,106199,1.0
xmu_6,705,105750,106349,1.0
xmu_6,706,105900,106499,1.0
xmu_6,707,106050,106649,1.0
xmu_6,708,106200,106799,1.0
xmu_6,709,106350,106949,1.0
xmu_6,710,106500,107099,1.0
xmu_6,711,106650,107249,1.0
xmu_6,712,106800,107399,1.0
xmu_6,713,106950,107549,1.0
xmu_6,714,107100,107699,1.0
xmu_6,715,107250,107849,1.0
xmu_6,716,107400,107999,1.0
xmu_6,717,107550,108149,1.0
xmu_6,718,107700,108299,1.0
xmu_6,719,107850,108449,1.0
xmu_6,720,108000,108599,1.0
xmu_6,721,108150,108749,1.0
xmu_6,722,108300,108899,1.0
xmu_6,723,108450,109049,1.0
xmu_6,724,108600,109199,1.0
xmu_6,725,108750,109349,1.0
xmu_6,726,108900,109499,1.0
xmu_6,727,109050,109649,1.0
xmu_6,728,109200,109799,1.0
xmu_6,729,109350,109949,1.0
xmu_6,730,109500,110099,1.0
xmu_6,731,109650,110249,1.0
xmu_6,732,109800,110399,1.0
xmu_6,733,109950,110549,1.0
xmu_6,734,110100,110699,1.0
xmu_6,735,110250,110849,1.0
xmu_6,736,110400,110999,1.0
xmu_6,737,110550,111149,1.0
xmu_6,738,110700,111299,1.0
xmu_6,739,110850,111449,1.0
xmu_6,740,111000,111599,1.0
xmu_6,741,111150,111749,1.0
xmu_6,742,111300,111899,1.0
xmu_6,743,111450,112049,1.0
xmu_6,744,111600,112199,1.0
xmu_6,745,111750,112349,1.0
xmu_6,746,111900,112499,1.0
xmu_6,747,112050,112649,1.0
xmu_6,748,112200,112799,1.0
xmu_6,749,112350,112949,1.0
xmu_6,750,112500,113099,1.0
xmu_6,751,112650,113249,1.0
xmu_6,752,112800,113399,1.0
xmu_6,753,112950,113549,1.0
xmu_6,754,113100,113699,1.0
xmu_6,755,113250,113849,1.0
xmu_6,756,113400,113999,1.0
xmu_6,757,113550,114149,1.0
xmu_6,758,113700,114299,1.0
xmu_6,759,113850,114449,1.0
xmu_6,760,114000,114599,1.0
xmu_6,761,114150,114749,1.0
xmu_6,762,114300,114899,1.0
xmu_6,763,114450,115049,1.0
xmu_6,764,114600,115199,1.0
xmu_6,765,114750,115349,1.0
xmu_6,766,114900,115499,1.0
xmu_6,767,115050,115649,1.0
xmu_6,768,115200,115799,1.0
xmu_6,769,115350,115949,1.0
xmu_6,770,115500,116099,1.0
xmu_6,771,115650,116249,1.0
xmu_6,772,115800,116399,1.0
xmu_6,773,115950,116549,1.0
xmu_6,774,116100,116699,1.0
xmu_6,775,116250,116849,1.0
xmu_6,776,116400,116999,1.0
xmu_6,777,116550,117149,1.0
xmu_6,778,116700,117299,1.0
xmu_6,779,116850,117449,1.0
xmu_6,780,117000,117599,1.0
xmu_6,781,117150,117749,1.0
xmu_6,782,117300,117899,1.0
xmu_6,783,117450,118049,1.0
xmu_6,784,117600,118199,1.0
xmu_6,785,117750,118349,1.0
xmu_6,786,117900,118499,1.0
xmu_6,787,118050,118649,1.0
xmu_6,788,118200,118799,1.0
xmu_6,789,118350,118949,1.0
xmu_6,790,118500,119099,1.0
xmu_6,791,118650,119249,1.0
xmu_6,792,118800,119399,1.0
xmu_6,793,118950,119549,1.0
xmu_6,794,119100,119699,1.0
xmu_6,795,119250,119849,1.0
xmu_6,796,119400,119999,1.0
xmu_6,797,119550,120149,1.0
xmu_6,798,119700,120299,1.0
xmu_6,799,119850,120449,1.0
xmu_6,800,120000,120599,1.0
xmu_6,801,120150,120749,1.0
xmu_6,802,120300,120899,1.0
xmu_6,803,120450,121049,1.0
xmu_6,804,120600,121199,1.0
xmu_6,805,120750,121349,1.0
xmu_6,806,120900,121499,1.0
xmu_6,807,121050,121649,1.0
xmu_6,808,121200,121799,1.0
xmu_6,809,121350,121949,1.0
xmu_6,810,121500,122099,1.0
xmu_6,811,121650,122249,1.0
xmu_6,812,121800,122399,1.0
xmu_6,813,121950,122549,1.0
xmu_6,814,122100,122699,1.0
xmu_6,815,122250,122849,1.0
xmu_6,816,122400,122999,1.0
xmu_6,817,122550,123149,1.0
xmu_6,818,122700,123299,1.0
xmu_6,819,122850,123449,1.0
xmu_6,820,123000,123599,1.0
xmu_6,821,123150,123749,1.0
xmu_6,822,123300,123899,1.0
xmu_6,823,123450,124049,1.0
xmu_6,824,123600,124199,1.0
xmu_6,825,123750,124349,1.0
xmu_6,826,123900,124499,1.0
xmu_6,827,124050,124649,1.0
xmu_6,828,124200,124799,1.0
xmu_6,829,124350,124949,1.0
xmu_6,830,124500,125099,1.0
xmu_6,831,124650,125249,1.0
xmu_6,832,124800,125399,1.0
xmu_6,833,124950,125549,1.0
xmu_6,834,125100,125699,1.0
xmu_6,835,125250,125849,1.0
xmu_6,836,125400,125999,1.0
xmu_6,837,125550,126149,1.0
xmu_6,838,125700,126299,1.0
xmu_6,839,125850,126449,1.0
xmu_6,840,126000,126599,1.0
xmu_6,841,126150,126749,1.0
xmu_6,842,126300,126899,1.0
xmu_6,843,126450,127049,1.0
xmu_6,844,126600,127199,1.0
xmu_6,845,126750,127349,1.0
xmu_6,846,126900,127499,1.0
xmu_6,847,127050,127649,1.0
xmu_6,848,127200,127799,1.0
xmu_6,849,127350,127949,1.0
xmu_6,850,127500,128099,1.0
xmu_6,851,127650,128249,1.0
xmu_6,852,127800,128399,1.0
xmu_6,853,127950,128549,1.0
xmu_6,854,128100,128699,1.0
xmu_6,855,128250,128849,1.0
xmu_6,856,128400,128999,1.0
xmu_6,857,128550,129149,1.0
xmu_6,858,128700,129299,1.0
xmu_6,859,128850,129449,1.0
xmu_6,860,129000,129599,1.0
xmu_6,861,129150,129749,1.0
xmu_6,862,129300,129899,1.0
xmu_6,863,129450,130049,1.0
xmu_6,864,129600,130199,1.0
xmu_6,865,129750,130349,1.0
xmu_6,866,129900,130499,1.0
xmu_6,867,130050,130649,1.0
xmu_6,868,130200,130799,1.0
xmu_6,869,130350,130949,1.0
xmu_6,870,130500,131099,1.0
xmu_6,871,130650,131249,1.0
xmu_6,872,130800,131399,1.0
xmu_6,873,130950,131549,1.0
xmu_6,874,131100,131699,1.0
xmu_6,875,131250,131849,1.0
xmu_6,876,131400,131999,1.0
xmu_6,877,131550,132149,1.0
xmu_6,878,131700,132299,1.0
xmu_6,879,131850,132449,1.0
xmu_6,880,132000,132599,1.0
xmu_6,881,132150,132749,1.0
xmu_6,882,132300,132899,1.0
xmu_6,883,132450,133049,1.0
xmu_6,884,132600,133199,1.0
xmu_6,885,132750,133349,1.0
xmu_6,886,132900,133499,1.0
xmu_6,887,133050,133649,1.0
xmu_6,888,133200,133799,1.0
xmu_6,889,133350,133949,1.0
xmu_6,890,133500,134099,1.0
xmu_6,891,133650,134249,1.0
xmu_6,892,133800,134399,1.0
xmu_6,893,133950,134549,1.0
xmu_6,894,134100,134699,1.0
xmu_6,895,134250,134849,1.0
xmu_6,896,134400,134999,1.0
xmu_6,897,134550,135149,1.0
xmu_6,898,134700,135299,1.0
xmu_6,899,134850,135449,1.0
xmu_6,900,135000,135599,1.0
xmu_6,901,135150,135749,1.0
xmu_6,902,135300,135899,1.0
xmu_6,903,135450,136049,1.0
xmu_6,904,135600,136199,1.0
xmu_6,905,135750,136349,1.0
xmu_6,906,135900,136499,1.0
xmu_6,907,136050,136649,1.0
xmu_6,908,136200,136799,1.0
xmu_6,909,136350,136949,1.0
xmu_6,910,136500,137099,1.0
xmu_6,911,136650,137249,1.0
xmu_6,912,136800,137399,1.0
xmu_6,913,136950,137549,1.0
xmu_6,914,137100,137699,1.0
xmu_6,915,137250,137849,1.0
xmu_6,916,137400,137999,1.0
xmu_6,917,137550,138149,1.0
xmu_6,918,137700,138299,1.0
xmu_6,919,137850,138449,1.0
xmu_6,920,138000,138599,1.0
xmu_6,921,138150,138749,1.0
xmu_6,922,138300,138899,1.0
xmu_6,923,138450,139049,1.0
xmu_6,924,138600,139199,1.0
xmu_6,925,138750,139349,1.0
xmu_6,926,138900,139499,1.0
xmu_6,927,139050,139649,1.0
xmu_6,928,139200,139799,1.0
xmu_6,929,139350,139949,1.0
xmu_6,930,139500,140099,1.0
xmu_6,931,139650,140249,1.0
xmu_6,932,139800,140399,1.0
xmu_6,933,139950,140549,1.0
xmu_6,934,140100,140699,1.0
xmu_6,935,140250,140849,1.0
xmu_6,936,140400,140999,1.0
xmu_6,937,140550,141149,1.0
xmu_6,938,140700,141299,1.0
xmu_6,939,140850,141449,1.0
xmu_6,940,141000,141599,1.0
xmu_6,941,141150,141749,1.0
xmu_6,942,141300,141899,1.0
xmu_6,943,141450,142049,1.0
xmu_6,944,141600,142199,1.0
xmu_6,945,141750,142349,1.0
xmu_6,946,141900,142499,1.0
xmu_6,947,142050,142649,1.0
xmu_6,948,142200,142799,1.0
xmu_6,949,142350,142949,1.0
xmu_6,950,142500,143099,1.0
xmu_6,951,142650,143249,1.0
xmu_6,952,142800,143399,1.0
xmu_6,953,142950,143549,1.0
xmu_6,954,143100,143699,1.0
xmu_6,955,143250,143849,1.0
xmu_6,956,143400,143999,1.0
xmu_6,957,143550,144149,1.0
xmu_6,958,143700,144299,1.0
xmu_6,959,143850,144449,1.0
xmu_6,960,144000,144599,1.0
xmu_6,961,144150,144749,1.0
xmu_6,962,144300,144899,1.0
xmu_6,963,144450,145049,1.0
xmu_6,964,144600,145199,1.0
xmu_6,965,144750,145349,1.0
xmu_6,966,144900,145499,1.0
xmu_6,967,145050,145649,1.0
xmu_6,968,145200,145799,1.0
xmu_6,969,145350,145949,1.0
xmu_6,970,145500,146099,1.0
xmu_6,971,145650,146249,1.0
xmu_6,972,145800,146399,1.0
xmu_6,973,145950,146549,1.0
xmu_6,974,146100,146699,1.0
xmu_6,975,146250,146849,1.0
xmu_6,976,146400,146999,1.0
xmu_6,977,146550,147149,1.0
xmu_6,978,146700,147299,1.0
xmu_6,979,146850,147449,1.0
xmu_6,980,147000,147599,1.0
xmu_6,981,147150,147749,1.0
xmu_6,982,147300,147899,1.0
xmu_6,983,147450,148049,1.0
xmu_6,984,147600,148199,1.0
xmu_6,985,147750,148349,1.0
xmu_6,986,147900,148499,1.0
xmu_6,987,148050,148649,1.0
xmu_6,988,148200,148799,1.0
xmu_6,989,148350,148949,1.0
xmu_6,990,148500,149099,1.0
xmu_6,991,148650,149249,1.0
xmu_6,992,148800,149399,1.0
xmu_6,993,148950,149549,1.0
xmu_6,994,149100,149699,1.0
xmu_6,995,149250,149849,1.0
xmu_6,996,149400,149999,1.0
xmu_6,997,149550,150149,1.0
xmu_6,998,149700,150299,1.0
xmu_6,999,149850,150449,1.0
xmu_6,1000,150000,150599,1.0
xmu_6,1005,150750,151349,1.0
xmu_6,1006,150900,151499,1.0
xmu_6,1007,151050,151649,1.0
xmu_6,1008,151200,151799,1.0
xmu_6,1009,151350,151949,1.0
xmu_6,1010,151500,152099,1.0
xmu_6,1011,151650,152249,1.0
xmu_6,1012,151800,152399,1.0
xmu_6,1013,151950,152549,1.0
xmu_6,1014,152100,152699,1.0
xmu_6,1015,152250,152849,1.0
xmu_6,1016,152400,152999,1.0
xmu_6,1017,152550,153149,1.0
xmu_6,1018,152700,153299,1.0
xmu_6,1019,152850,153449,1.0
xmu_6,1020,153000,153599,1.0
xmu_6,1021,153150,153749,1.0
xmu_6,1022,153300,153899,1.0
xmu_6,1023,153450,154049,1.0
xmu_6,1024,153600,154199,1.0
xmu_6,1025,153750,154349,1.0
xmu_6,1026,153900,154499,1.0
xmu_6,1027,154050,154649,1.0
xmu_6,1028,154200,154799,1.0
xmu_6,1029,154350,154949,1.0
xmu_6,1030,154500,155099,1.0
xmu_6,1031,154650,155249,1.0
xmu_6,1032,154800,155399,1.0
xmu_6,1033,154950,155549,1.0
xmu_6,1034,155100,155699,1.0
xmu_6,1035,155250,155849,1.0
xmu_6,1036,155400,155999,1.0
xmu_6,1037,155550,156149,1.0
xmu_6,1038,155700,156299,1.0
xmu_6,1039,155850,156449,1.0
xmu_6,1040,156000,156599,1.0
xmu_6,1041,156150,156749,1.0
xmu_6,1042,156300,156899,1.0
xmu_6,1043,156450,157049,1.0
xmu_6,1044,156600,157199,1.0
xmu_6,1045,156750,157349,1.0
xmu_6,1046,156900,157499,1.0
xmu_6,1047,157050,157649,1.0
xmu_6,1048,157200,157799,1.0
xmu_6,1049,157350,157949,1.0
xmu_6,1050,157500,158099,1.0
xmu_6,1051,157650,158249,1.0
xmu_6,1052,157800,158399,1.0
xmu_6,1053,157950,158549,1.0
xmu_6,1054,158100,158699,1.0
xmu_6,1055,158250,158849,1.0
xmu_6,1056,158400,158999,1.0
xmu_6,1057,158550,159149,1.0
xmu_6,1058,158700,159299,1.0
xmu_6,1059,158850,159449,1.0
xmu_6,1060,159000,159599,1.0
xmu_6,1061,159150,159749,1.0
xmu_6,1062,159300,159899,1.0
xmu_6,1063,159450,160049,1.0
xmu_6,1064,159600,160199,1.0
xmu_6,1065,159750,160349,1.0
xmu_6,1066,159900,160499,1.0
xmu_6,1067,160050,160649,1.0
xmu_6,1068,160200,160799,1.0
xmu_6,1069,160350,160949,1.0
xmu_6,1070,160500,161099,1.0
xmu_6,1071,160650,161249,1.0
xmu_6,1072,160800,161399,1.0
xmu_6,1073,160950,161549,1.0
xmu_6,1074,161100,161699,1.0
xmu_6,1075,161250,161849,1.0
xmu_6,1076,161400,161999,1.0
xmu_6,1077,161550,162149,1.0
xmu_6,1078,161700,162299,1.0
xmu_6,1079,161850,162449,1.0
xmu_6,1080,162000,162599,1.0
xmu_6,1081,162150,162749,1.0
xmu_6,1082,162300,162899,1.0
xmu_6,1083,162450,163049,1.0
xmu_6,1084,162600,163199,1.0
xmu_6,1085,162750,163349,1.0
xmu_6,1086,162900,163499,1.0
xmu_6,1087,163050,163649,1.0
xmu_6,1088,163200,163799,1.0
xmu_6,1089,163350,163949,1.0
xmu_6,1090,163500,164099,1.0
xmu_6,1091,163650,164249,1.0
xmu_6,1092,163800,164399,1.0
xmu_6,1093,163950,164549,1.0
xmu_6,1094,164100,164699,1.0
xmu_6,1095,164250,164849,1.0
xmu_6,1096,164400,164999,1.0
xmu_6,1097,164550,165149,1.0
xmu_6,1098,164700,165299,1.0
xmu_6,1099,164850,165449,1.0
xmu_6,1100,165000,165599,1.0
xmu_6,1101,165150,165749,1.0
xmu_6,1102,165300,165899,1.0
xmu_6,1103,165450,166049,1.0
xmu_6,1104,165600,166199,1.0
xmu_6,1105,165750,166349,1.0
xmu_6,1106,165900,166499,1.0
xmu_6,1107,166050,166649,1.0
xmu_6,1108,166200,166799,1.0
xmu_6,1109,166350,166949,1.0
xmu_6,1110,166500,167099,1.0
xmu_6,1111,166650,167249,1.0
xmu_6,1112,166800,167399,1.0
xmu_6,1113,166950,167549,1.0
xmu_6,1114,167100,167699,1.0
xmu_6,1115,167250,167849,1.0
xmu_6,1116,167400,167999,1.0
xmu_6,1117,167550,168149,1.0
xmu_6,1118,167700,168299,1.0
xmu_6,1119,167850,168449,1.0
xmu_6,1120,168000,168599,1.0
xmu_6,1121,168150,168749,1.0
xmu_6,1122,168300,168899,1.0
xmu_6,1123,168450,169049,1.0
xmu_6,1124,168600,169199,1.0
xmu_6,1125,168750,169349,1.0
xmu_6,1126,168900,169499,1.0
xmu_6,1127,169050,169649,1.0
xmu_6,1128,169200,169799,1.0
xmu_6,1129,169350,169949,1.0
xmu_6,1130,169500,170099,1.0
xmu_6,1131,169650,170249,1.0
xmu_6,1132,169800,170399,1.0
xmu_6,1133,169950,170549,1.0
xmu_6,1134,170100,170699,1.0
xmu_6,1135,170250,170849,1.0
xmu_6,1136,170400,170999,1.0
xmu_6,1137,170550,171149,1.0
xmu_6,1138,170700,171299,1.0
xmu_6,1139,170850,171449,1.0
xmu_6,1140,171000,171599,1.0
xmu_6,1141,171150,171749,1.0
xmu_6,1142,171300,171899,1.0
xmu_6,1143,171450,172049,1.0
xmu_6,1144,171600,172199,1.0
xmu_6,1145,171750,172349,1.0
xmu_6,1146,171900,172499,1.0
xmu_6,1147,172050,172649,1.0
xmu_6,1148,172200,172799,1.0
xmu_6,1149,172350,172949,1.0
xmu_6,1150,172500,173099,1.0
xmu_6,1151,172650,173249,1.0
xmu_6,1152,172800,173399,1.0
xmu_6,1153,172950,173549,1.0
xmu_6,1154,173100,173699,1.0
xmu_6,1155,173250,173849,1.0
xmu_6,1156,173400,173999,1.0
xmu_6,1157,173550,174149,1.0
xmu_6,1158,173700,174299,1.0
xmu_6,1159,173850,174449,1.0
xmu_6,1160,174000,174599,1.0
xmu_6,1161,174150,174749,1.0
xmu_6,1162,174300,174899,1.0
xmu_6,1163,174450,175049,1.0
xmu_6,1164,174600,175199,1.0
xmu_6,1165,174750,175349,1.0
xmu_6,1166,174900,175499,1.0
xmu_6,1167,175050,175649,1.0
xmu_6,1168,175200,175799,1.0
xmu_6,1169,175350,175949,1.0
xmu_6,1170,175500,176099,1.0
xmu_6,1171,175650,176249,1.0
xmu_6,1172,175800,176399,1.0
xmu_6,1173,175950,176549,1.0
xmu_6,1174,176100,176699,1.0
xmu_6,1175,176250,176849,1.0
xmu_6,1176,176400,176999,1.0
xmu_6,1177,176550,177149,1.0
xmu_6,1178,176700,177299,1.0
xmu_6,1179,176850,177449,1.0
xmu_6,1180,177000,177599,1.0
xmu_6,1181,177150,177749,1.0
xmu_6,1182,177300,177899,1.0
xmu_6,1183,177450,178049,1.0
xmu_6,1184,177600,178199,1.0
xmu_6,1185,177750,178349,1.0
xmu_6,1186,177900,178499,1.0
xmu_6,1187,178050,178649,1.0
xmu_6,1188,178200,178799,1.0
xmu_6,1189,178350,178949,1.0
xmu_6,1190,178500,179099,1.0
xmu_6,1191,178650,179249,1.0
xmu_6,1192,178800,179399,1.0
xmu_6,1193,178950,179549,1.0
xmu_6,1194,179100,179699,1.0
xmu_6,1195,179250,179849,1.0
xmu_6,1196,179400,179999,1.0
xmu_6,1197,179550,180149,1.0
xmu_6,1198,179700,180299,1.0
xmu_6,1199,179850,180449,1.0
xmu_6,1200,180000,180599,1.0
xmu_6,1201,180150,180749,1.0
xmu_6,1202,180300,180899,1.0
xmu_6,1203,180450,181049,1.0
xmu_6,1204,180600,181199,1.0
xmu_6,1205,180750,181349,1.0
xmu_6,1206,180900,181499,1.0
xmu_6,1207,181050,181649,1.0
xmu_6,1208,181200,181799,1.0
xmu_6,1209,181350,181949,1.0
xmu_6,1210,181500,182099,1.0
xmu_6,1211,181650,182249,1.0
xmu_6,1212,181800,182399,1.0
xmu_6,1213,181950,182549,1.0
xmu_6,1214,182100,182699,1.0
xmu_6,1215,182250,182849,1.0
xmu_6,1216,182400,182999,1.0
xmu_6,1217,182550,183149,1.0
xmu_6,1218,182700,183299,1.0
xmu_6,1219,182850,183449,1.0
xmu_6,1220,183000,183599,1.0
xmu_6,1221,183150,183749,1.0
xmu_6,1222,183300,183899,1.0
xmu_6,1223,183450,184049,1.0
xmu_6,1224,183600,184199,1.0
xmu_6,1225,183750,184349,1.0
xmu_6,1226,183900,184499,1.0
xmu_6,1227,184050,184649,1.0
xmu_6,1228,184200,184799,1.0
xmu_6,1229,184350,184949,1.0
xmu_6,1230,184500,185099,1.0
xmu_6,1231,184650,185249,1.0
xmu_6,1232,184800,185399,1.0
xmu_6,1233,184950,185549,1.0
xmu_6,1234,185100,185699,1.0
xmu_6,1235,185250,185849,1.0
xmu_6,1236,185400,185999,1.0
xmu_6,1237,185550,186149,1.0
xmu_6,1238,185700,186299,1.0
xmu_6,1239,185850,186449,1.0
xmu_6,1240,186000,186599,1.0
xmu_6,1241,186150,186749,1.0
xmu_6,1242,186300,186899,1.0
xmu_6,1243,186450,187049,1.0
xmu_6,1244,186600,187199,1.0
xmu_6,1245,186750,187349,1.0
xmu_6,1246,186900,187499,1.0
xmu_6,1247,187050,187649,1.0
xmu_6,1248,187200,187799,1.0
xmu_6,1249,187350,187949,1.0
xmu_6,1250,187500,188099,1.0
xmu_6,1251,187650,188249,1.0
xmu_6,1252,187800,188399,1.0
xmu_6,1253,187950,188549,1.0
xmu_6,1254,188100,188699,1.0
xmu_6,1255,188250,188849,1.0
xmu_6,1256,188400,188999,1.0
xmu_6,1257,188550,189149,1.0
xmu_6,1258,188700,189299,1.0
xmu_6,1259,188850,189449,1.0
xmu_6,1260,189000,189599,1.0
xmu_6,1261,189150,189749,1.0
xmu_6,1262,189300,189899,1.0
xmu_6,1263,189450,190049,1.0
xmu_6,1264,189600,190199,1.0
xmu_6,1265,189750,190349,1.0
xmu_6,1266,189900,190499,1.0
xmu_6,1267,190050,190649,1.0
xmu_6,1268,190200,190799,1.0
xmu_6,1269,190350,190949,1.0
xmu_6,1270,190500,191099,1.0
xmu_6,1271,190650,191249,1.0
xmu_6,1272,190800,191399,1.0
xmu_6,1273,190950,191549,1.0
xmu_6,1274,191100,191699,1.0
xmu_6,1275,191250,191849,1.0
xmu_6,1276,191400,191999,1.0
xmu_6,1277,191550,192149,1.0
xmu_6,1278,191700,192299,1.0
xmu_6,1279,191850,192449,1.0
xmu_6,1280,192000,192599,1.0
xmu_6,1281,192150,192749,1.0
xmu_6,1282,192300,192899,1.0
xmu_6,1283,192450,193049,1.0
xmu_6,1284,192600,193199,1.0
xmu_6,1285,192750,193349,1.0
xmu_6,1286,192900,193499,1.0
xmu_6,1287,193050,193649,1.0
xmu_6,1288,193200,193799,1.0
xmu_6,1289,193350,193949,1.0
xmu_6,1290,193500,194099,1.0
xmu_6,1291,193650,194249,1.0
xmu_6,1292,193800,194399,1.0
xmu_6,1293,193950,194549,1.0
xmu_6,1294,194100,194699,1.0
xmu_6,1295,194250,194849,1.0
xmu_6,1296,194400,194999,1.0
xmu_6,1297,194550,195149,1.0
xmu_6,1298,194700,195299,1.0
xmu_6,1299,194850,195449,1.0
xmu_6,1300,195000,195599,1.0
xmu_6,1301,195150,195749,1.0
xmu_6,1302,195300,195899,1.0
xmu_6,1303,195450,196049,1.0
xmu_6,1304,195600,196199,1.0
xmu_6,1305,195750,196349,1.0
xmu_6,1306,195900,196499,1.0
xmu_6,1307,196050,196649,1.0
xmu_6,1308,196200,196799,1.0
xmu_6,1309,196350,196949,1.0
xmu_6,1310,196500,197099,1.0
xmu_6,1311,196650,197249,1.0
xmu_6,1312,196800,197399,1.0
xmu_6,1313,196950,197549,1.0
xmu_6,1314,197100,197699,1.0
xmu_6,1315,197250,197849,1.0
xmu_6,1316,197400,197999,1.0
xmu_6,1317,197550,198149,1.0
xmu_6,1318,197700,198299,1.0
xmu_6,1319,197850,198449,1.0
xmu_6,1320,198000,198599,1.0
xmu_6,1321,198150,198749,1.0
xmu_6,1322,198300,198899,1.0
xmu_6,1323,198450,199049,1.0
xmu_6,1324,198600,199199,1.0
xmu_6,1325,198750,199349,1.0
xmu_6,1326,198900,199499,1.0
xmu_6,1327,199050,199649,1.0
xmu_6,1328,199200,199799,1.0
xmu_6,1329,199350,199949,1.0
xmu_6,1330,199500,200099,1.0
xmu_6,1331,199650,200249,1.0
xmu_6,1332,199800,200399,1.0
xmu_6,1333,199950,200549,1.0
xmu_6,1334,200100,200699,1.0
xmu_6,1335,200250,200849,1.0
xmu_6,1336,200400,200999,1.0
xmu_6,1337,200550,201149,1.0
xmu_6,1338,200700,201299,1.0
xmu_6,1339,200850,201449,1.0
xmu_6,1340,201000,201599,1.0
xmu_6,1341,201150,201749,1.0
xmu_6,1342,201300,201899,1.0
xmu_6,1343,201450,202049,1.0
xmu_6,1344,201600,202199,1.0
xmu_6,1345,201750,202349,1.0
xmu_6,1346,201900,202499,1.0
xmu_6,1347,202050,202649,1.0
xmu_6,1348,202200,202799,1.0
xmu_6,1349,202350,202949,1.0
xmu_6,1350,202500,203099,1.0
xmu_6,1351,202650,203249,1.0
xmu_6,1352,202800,203399,1.0
xmu_6,1353,202950,203549,1.0
xmu_6,1354,203100,203699,1.0
xmu_6,1355,203250,203849,1.0
xmu_6,1356,203400,203999,1.0
xmu_6,1357,203550,204149,1.0
xmu_6,1358,203700,204299,1.0
xmu_6,1359,203850,204449,1.0
xmu_6,1360,204000,204599,1.0
xmu_6,1361,204150,204749,1.0
xmu_6,1362,204300,204899,1.0
xmu_6,1363,204450,205049,1.0
xmu_6,1364,204600,205199,1.0
xmu_6,1365,204750,205349,1.0
xmu_6,1366,204900,205499,1.0
xmu_6,1367,205050,205649,1.0
xmu_6,1368,205200,205799,1.0
xmu_6,1369,205350,205949,1.0
xmu_6,1370,205500,206099,1.0
xmu_6,1371,205650,206249,1.0
xmu_6,1372,205800,206399,1.0
xmu_6,1373,205950,206549,1.0
xmu_6,1374,206100,206699,1.0
xmu_6,1375,206250,206849,1.0
xmu_6,1376,206400,206999,1.0
xmu_6,1377,206550,207149,1.0
xmu_6,1378,206700,207299,1.0
xmu_6,1379,206850,207449,1.0
xmu_6,1380,207000,207599,1.0
xmu_6,1381,207150,207749,1.0
xmu_6,1382,207300,207899,1.0
xmu_6,1383,207450,208049,1.0
xmu_6,1384,207600,208199,1.0
xmu_6,1385,207750,208349,1.0
xmu_6,1386,207900,208499,1.0
xmu_6,1387,208050,208649,1.0
xmu_6,1388,208200,208799,1.0
xmu_6,1389,208350,208949,1.0
xmu_6,1390,208500,209099,1.0
xmu_6,1391,208650,209249,1.0
xmu_6,1392,208800,209399,1.0
xmu_6,1393,208950,209549,1.0
xmu_6,1394,209100,209699,1.0
xmu_6,1395,209250,209849,1.0
xmu_6,1396,209400,209999,1.0
xmu_6,1397,209550,210149,1.0
xmu_6,1398,209700,210299,1.0
xmu_6,1399,209850,210449,1.0
